tree
version=v4
num_class=1
num_tree_per_iteration=1
label_index=0
max_feature_idx=41
objective=binary sigmoid:1
feature_names=ret_1d ret_5d ret_21d ret_63d mom_12_1 c_sma10 c_sma50 sma10_sma50 rsi_14 macd_norm macd_hist_norm boll_pctb boll_bw atr_norm rv_21 rv_63 rv_ratio parkinson_21 range_norm overnight_gap vol_surprise vol_trend pct_deliv deliv_dev amihud c_vwap dow month is_month_end cs_rank_ret1 cs_rank_ret21 cs_rank_rv21 cs_rank_volsurp mkt_ret_1d mkt_rv21 beta_252 rel_sector_21 sector_ret_21 regime drawdown_252 symbol_cat sector_cat
feature_infos=[-0.33539342880249023:0.29050922393798828] [-0.55552577972412109:0.52155399322509766] [-1.0605630874633789:0.81127047538757324] [-1.4420571327209473:1.4301002025604248] [-2.0913701057434082:2.394237756729126] [-0.38960584998130798:0.41373667120933533] [-0.63538634777069092:0.96833759546279907] [-0.55037587881088257:0.62138658761978149] [7.1279511451721191:94.787033081054688] [-0.49298614263534546:0.13874010741710663] [-0.088423416018486023:0.08130134642124176] [-0.51351809501647949:1.5343765020370483] [0.011128954589366913:1.3387584686279297] [0.0074734454974532127:0.24071347713470459] [0.0029149728361517191:0.1116195023059845] [0.0046013034880161285:0.076512239873409271] [0.12147980183362961:1.718988299369812] [0.0038011299911886454:0.1103220209479332] [0:0.5297052264213562] [-0.3765568733215332:0.22702705860137939] [-7.1645965576171875:5.8895869255065918] [0.019823728129267693:11.299847602844238] [0.027899999171495438:1] [-0.66891425848007202:0.81771427392959595] [-39.366191864013672:-22.382728576660156] [-0.11652342975139618:0.13046194612979889] [0:6] [1:12] [0:1] [0.020408162847161293:1] [0.020408162847161293:1] [0.020408162847161293:1] [0.020408162847161293:1] [-0.10609429329633713:0.13886605203151703] [0.060614865273237228:0.73461169004440308] [0.060895074158906937:2.8448631763458252] [-0.51129192113876343:0.50864702463150024] [-0.88394927978515625:0.62341302633285522] [0:2] [-0.88927578926086426:0] -1:11:30:9:1:24:14:21:23:18:25:35:46:8:17:40:43:16:33:36:15:20:38:39:47:7:12:48:2:19:5:13:22:27:37:6:29:45:28:44:41:32:26:42:34:0:4:3:31 -1:6:4:3:0:7:9:10:1:8:12:5:2:11
tree_sizes=1750 1829 1825 1797 1836 1829 1827 1830 1837 1835 1787 1810 1823 1825 1790 1827 1838 1835 1782 1795 1832 1771 1781 1830 1829 1835 1839 1806 1807 1840 1813 1804 1811 1835 1824 1838 1828 1811 1825 1819 1840 1807 1826 1802 1787 1830 1827 1838 1805 1834 1847 1828 1826 1807 1823 1821 1841 1798 1792 1826 1838 1848 1836 1806 1820 1803 1830 1833 1828 1812 1832

Tree=0
num_leaves=15
num_cat=5
split_feature=27 34 34 40 34 40 34 40 40 34 4 27 40 34
split_gain=720.803 623.692 583.418 371.266 342.6 354.14 306.666 286.689 268.667 254.832 210.102 258.577 235.948 161.497
threshold=2.5000000000000004 0.23841034621000293 0.099485307931900038 0 0.27928131818771368 1 0.45017996430397039 2 3 0.13005115091800692 0.21230578422546389 5.5000000000000009 4 0.20914632081985476
decision_type=2 2 2 9 2 9 2 9 9 2 2 2 9 2
left_child=2 3 8 9 7 -6 -3 -4 -1 -2 -5 12 -12 -9
right_child=1 6 4 10 5 -7 -8 13 -10 -11 11 -13 -14 -15
leaf_value=0.28192878033314961 0.2917059763207705 0.30114124247700769 0.29296206128302948 0.26747451317404525 0.28550150756073983 0.20860617620762606 0.26777415225454104 0.26108345119846982 0.20699507640726106 0.27798489030774626 0.29025399735853219 0.28731628278181964 0.24860475339069457 0.28938063858675617
leaf_weight=155.71616068482399 5942.717225253582 4814.9398662149906 1301.6399699449539 8556.2965017557144 230.26373997330666 424.72502410411835 800.16036584973335 3062.8265306353569 594.6640782058239 7848.0944985151291 508.59105080366135 3695.2548430860043 982.8509795665741 599.56852421164513
leaf_count=635 24234 19635 5308 34892 939 1732 3263 12490 2425 32004 2074 15069 4008 2445
internal_value=0.278241 0.281201 0.262842 0.278103 0.268399 0.234551 0.29638 0.272906 0.221578 0.283896 0.27229 0.280224 0.262685 0.26576
internal_weight=39518.3 33148.9 6369.4 27533.8 5619.02 654.989 5615.1 4964.04 750.38 13790.8 13743 5186.7 1491.44 3662.4
internal_count=161153 135179 25974 112281 22914 2671 22898 20243 3060 56238 56043 21151 6082 14935
cat_boundaries=0 2 4 6 8 10
cat_threshold=3908252478 2664 1662272128 21606 402788414 6240 176193794 34368 385876033 8212
is_linear=0
shrinkage=1


Tree=1
num_leaves=15
num_cat=6
split_feature=27 40 40 24 40 35 6 27 27 37 40 40 24 40
split_gain=668.693 369.213 232.011 221.458 172.139 130.898 130.601 102.921 143.587 146.448 143.848 136.378 109.362 96.0412
threshold=2.5000000000000004 0 1 -37.235290527343743 2 1.5825170874595644 -0.091369640082120882 3.5000000000000004 5.5000000000000009 0.1217196360230446 3 4 -35.214904785156243 5
decision_type=2 9 9 2 9 2 2 2 2 2 9 9 2 9
left_child=2 -2 -1 5 -5 13 -4 -6 9 11 -10 -9 -12 -3
right_child=1 3 6 4 7 -7 -8 8 10 -11 12 -13 -14 -15
leaf_value=-0.0050994002858163641 0.0086350431235270482 -0.01224244515260299 0.0065181608128941082 0.014587481173840598 0.011424805069400247 0.0040092204228642809 -0.027479672368119885 -0.029531781017708748 0.0098613070658537371 0.017454953353816006 -0.0083187805533271441 -0.0054014907613084773 0.0039743853976122899 -0.034721003729730589
leaf_weight=3066.9239070415497 14267.456579595804 1233.3255724310875 309.55518321692944 1827.9404376149178 1358.7280589193106 665.70238833129406 3007.8832193166018 1182.5357687920332 2582.3044527620077 335.50693742930889 4851.9024033546448 1183.7680985033512 2878.6608384549618 813.92120324075222
leaf_count=12497 58240 5031 1259 7460 5539 2714 12231 4817 10534 1368 19787 4823 11744 3317
internal_value=-0.000284457 0.00256721 -0.0150968 -0.00201419 0.000200064 -0.0152227 -0.0242278 -0.00164275 -0.00301251 -0.0132617 -0.000321763 -0.0176466 -0.00373604 -0.0214733
internal_weight=39566.1 33181.8 6384.36 18914.3 16201.3 2712.95 3317.44 14373.4 13014.7 2701.81 10312.9 2366.3 7730.56 2047.25
internal_count=161361 135374 25987 77134 66072 11062 13490 58612 53073 11008 42065 9640 31531 8348
cat_boundaries=0 2 4 6 8 10 12
cat_threshold=3938660478 2600 3666268478 7780 270532608 208 51712 32768 84462080 49409 355467904 8208
is_linear=0
shrinkage=0.05


Tree=2
num_leaves=15
num_cat=5
split_feature=27 34 34 34 40 4 34 40 40 40 40 7 34 27
split_gain=571.956 564.446 544.73 337.223 352.117 322.577 281.039 276.543 249.603 241.32 193.544 150.902 151.529 148.582
threshold=2.5000000000000004 0.23841034621000293 0.099485307931900038 0.27928131818771368 0 0.13608789443969729 0.45017996430397039 1 2 3 4 0.01242473302409053 0.20914632081985476 5.5000000000000009
decision_type=2 2 2 2 9 2 2 9 9 9 9 2 2 2
left_child=2 5 8 9 -5 7 -3 -2 -1 -4 -7 12 -11 -12
right_child=1 6 3 4 -6 10 -8 -9 -10 11 13 -13 -14 -15
leaf_value=0.0052473412299222887 0.0051414286342793799 0.021924549299222586 0.011962606625117257 0.0063720220015599169 -0.068461832998095107 0.010103306424707494 -0.0097743854026044602 -0.010895955288435753 -0.066868400399919856 -0.0084847256924637411 -0.012806492810710921 -0.022935237380132142 0.028477728515406 0.0033794395603662869
leaf_weight=154.26936396956444 3859.8793565034866 4767.9142273068428 1644.9848866760731 250.94117563962936 416.22748880088329 8034.4334105104208 816.04705500602722 8796.0354430377483 605.90613593161106 1499.4542846381664 1993.7475968450308 1528.3942020237446 334.92531855404377 4873.386049926281
leaf_count=628 15760 19523 6711 1022 1681 32812 3326 35831 2446 6087 8118 6205 1365 19895
internal_value=0.00014899 0.00279824 -0.0134857 -0.00813719 -0.0413929 -0.000139939 0.0172865 -0.00600883 -0.0530934 -0.00366876 0.00484452 -0.011325 -0.00167425 -0.0013231
internal_weight=39576.5 33141.4 6435.1 5674.93 667.169 27557.5 5583.96 12655.9 760.175 5007.76 14901.6 3362.77 1834.38 6867.13
internal_count=161410 135265 26145 23071 2703 112416 22849 51591 3074 20368 60825 13657 7452 28013
cat_boundaries=0 2 4 6 8 10
cat_threshold=1662280320 21606 3897756191 2080 176259328 34368 402837566 39008 3807523171 74728
is_linear=0
shrinkage=0.05


Tree=3
num_leaves=15
num_cat=0
split_feature=27 34 34 38 27 34 34 27 4 27 34 34 34 27
split_gain=517.671 476.094 436.923 323.588 311.168 509.513 305.124 292.404 280.584 245.709 267.168 234.522 220.485 207.955
threshold=2.5000000000000004 0.23841034621000293 0.10550235956907274 1.0000000180025095e-35 9.5000000000000018 0.13253415375947955 0.27928131818771368 3.5000000000000004 0.43506371974945074 7.5000000000000009 0.2228806018829346 0.45017996430397039 0.14291661977767947 6.5000000000000009
decision_type=2 2 2 2 2 2 2 2 2 2 2 2 2 2
left_child=2 3 -1 -2 5 -5 -4 -7 -6 10 13 -3 -11 -9
right_child=1 11 6 4 8 7 -8 9 -10 12 -12 -13 -14 -15
leaf_value=-0.045512737379153803 0.0047736154416589197 0.020217594458457146 -0.0032707673107432015 -0.066784793100518963 -0.0021492920187288671 0.014278132567929725 -0.039345312988117165 -0.0099576161912614397 0.028465932990561507 -0.055818507752682635 -0.068071012213683085 -0.0086642045087893856 0.0088345504465629585 -0.035333922453855797
leaf_weight=879.33020515739918 15384.553322315216 4761.2272238731384 4847.9221065193415 400.44859308004379 3506.430208876729 1120.0373306423426 662.04931442439556 3209.2822914421558 946.18665072321892 139.56460800766945 261.20133599638939 821.2868284881115 1497.1230897903442 1077.2915672510862
leaf_count=3546 62780 19563 19713 1635 14300 4567 2674 13073 3867 569 1065 3343 6106 4395
internal_value=0.000142144 0.00265619 -0.0128828 -4.33374e-05 -0.00613872 -0.0122169 -0.00763794 -0.00918109 0.00437999 -0.0134386 -0.0194121 0.0159637 0.00316516 -0.01637
internal_weight=39513.9 33124.6 6389.3 27542.1 12157.6 7704.95 5509.97 7304.5 4452.62 6184.46 4547.78 5582.51 1636.69 4286.57
internal_count=161196 135263 25933 112357 49577 31410 22387 29775 18167 25208 18533 22906 6675 17468
is_linear=0
shrinkage=0.05


Tree=4
num_leaves=15
num_cat=3
split_feature=27 34 34 38 24 40 27 34 4 34 40 27 27 40
split_gain=477.472 432.741 432.357 298.624 412.417 306.773 303.463 432.166 288.215 281.37 271.899 222.294 339.215 289.007
threshold=2.5000000000000004 0.10550235956907274 0.23841034621000293 1.0000000180025095e-35 -35.054073333740227 0 9.5000000000000018 0.14101763814687732 0.32423472404479986 0.27928131818771368 1 7.5000000000000009 3.5000000000000004 2
decision_type=2 2 2 2 2 9 2 2 2 2 9 2 2 9
left_child=1 -1 3 4 5 -2 7 -5 -8 -3 -11 12 -9 -14
right_child=2 9 -4 6 -6 -7 8 11 -10 10 -12 -13 13 -15
leaf_value=-0.04471900906020463 0.0088601890430571473 -0.0030168926043494218 0.015178672898261187 -0.045394407415677969 0.020414343593834167 -0.0070415208276247967 -0.0040602710494855535 0.013020587119666825 0.02356517073026573 0.0060691865601873313 -0.060204152277689972 0.0091530193004973875 -0.0029097069923136789 -0.029455323984676852
leaf_weight=889.64590789377689 5610.9723836481571 4861.8997598737478 5540.8788719624281 856.11648505926132 3213.1412608325481 6565.5840684771538 3073.9612392187119 1036.5208003073931 1356.8456220328808 240.14103332161903 431.5814039260149 1504.4901270121336 1730.370700314641 2546.5999758988619
leaf_count=3576 22949 19762 22798 3473 13134 26761 12529 4235 5562 974 1730 6143 7040 10346
internal_value=1.75908e-05 -0.0124502 0.00244344 -0.000125156 0.00449545 0.000287718 -0.00599946 -0.0120123 0.00441537 -0.00722571 -0.0374342 -0.00778965 -0.0125919 -0.0188082
internal_weight=39458.7 6423.27 33035.5 27494.6 15389.7 12176.6 12104.9 7674.1 4430.81 5533.62 671.722 6817.98 5313.49 4276.97
internal_count=161012 26042 134970 112172 62844 49710 49328 31237 18091 22466 2704 27764 21621 17386
cat_boundaries=0 2 4 6
cat_threshold=4008845631 10296 1662280320 21602 2961642474 69184
is_linear=0
shrinkage=0.05


Tree=5
num_leaves=15
num_cat=6
split_feature=27 34 34 4 40 34 34 40 40 40 40 34 40 15
split_gain=424.717 381.337 361.263 308.125 243.641 224.502 221.279 279.694 232.378 219.965 172.668 141.842 130.724 122.026
threshold=2.5000000000000004 0.23841034621000293 0.10009861737489702 0.14750742912292483 0 0.45017996430397039 0.27928131818771368 1 2 3 4 0.20914632081985476 5 0.022171677090227607
decision_type=2 2 2 2 9 2 2 9 9 9 9 2 9 2
left_child=2 3 9 4 13 12 8 -8 -4 -1 -5 -10 -3 -2
right_child=1 5 6 10 -6 -7 7 -9 11 -11 -12 -13 -14 -15
leaf_value=0.016685836931644056 0.0095567160542572513 0.0077696582391432803 0.010640257773371097 0.010588463671102638 -0.0099432174294781048 -0.010036296637771848 0.010641560704515428 -0.056644756226564466 -0.016474676656538227 -0.054968646125719681 -0.00035261123859320754 0.01182851539698305 0.025030930696141332 -0.012338735582549784
leaf_weight=125.87453755736351 3058.2166107445955 1810.9441477507353 1811.5647731870413 7091.6624161452055 9256.3585025966167 802.16040340065956 233.33835960924625 439.16916599869728 2649.5596291273832 642.77447928488255 7325.8552768975496 527.28396187722683 2922.9532781243324 798.43273769319057
leaf_count=508 12499 7483 7389 29036 37644 3268 947 1758 10726 2573 29902 2149 12086 3259
internal_value=0.000115643 0.00240251 -0.0116374 -6.02921e-06 -0.00555162 0.0143701 -0.00724955 -0.034064 -0.0036031 -0.0436908 0.00503762 -0.0117274 0.0185131 0.00499941
internal_weight=39496.1 33066.6 6429.56 27530.5 13113 5536.06 5660.92 672.508 4988.41 768.649 14417.5 3176.84 4733.9 3856.65
internal_count=161227 135177 26050 112340 53402 22837 22969 2705 20264 3081 58938 12875 19569 15758
cat_boundaries=0 2 4 6 8 10 12
cat_threshold=1750272543 2080 1662280320 5222 2550386750 14432 142639360 34368 1658991458 66536 362318641 61700
is_linear=0
shrinkage=0.05


Tree=6
num_leaves=15
num_cat=6
split_feature=27 34 34 4 40 34 40 34 40 40 27 40 40 38
split_gain=365.91 345.992 309.928 282.047 233.572 215.396 250.107 208.924 204.507 197.05 165.17 418.45 248.119 169.942
threshold=2.5000000000000004 0.10550235956907274 0.23841034621000293 0.15900659561157229 0 0.27928131818771368 1 0.45017996430397039 2 3 5.5000000000000009 4 5 1.5000000000000002
decision_type=2 2 2 2 9 2 9 2 9 9 2 9 9 2
left_child=1 8 3 4 -2 9 -7 -4 -1 -3 11 13 -12 -5
right_child=2 5 7 10 -6 6 -8 -9 -10 -11 12 -13 -14 -15
leaf_value=0.00087898415638909999 0.0047154815029067931 0.013045114472415121 0.017045892702698014 -0.017258214481595865 -0.00944664310099326 0.0082150032628583516 -0.055158905845592812 -0.010607272324256733 -0.053383911461880734 -0.0089345842881535572 0.016259400832968434 0.011881491060492869 0.00042345706687934903 -0.095677827233447366
leaf_weight=242.56203192472458 4209.8808861225843 1433.9046119898558 4715.0941219776869 1876.8752982318401 9380.2220769822598 243.24529714882374 419.89444386959076 794.87697048485279 659.07801286876202 3430.223429530859 5059.0127271711826 2125.3351144194603 4840.1616884618998 67.111222982406616
leaf_count=977 17215 5866 19558 7637 38099 988 1680 3234 2639 13893 20733 8695 19814 271
internal_value=0.000107496 -0.0108023 0.00222994 6.45241e-05 -0.00506256 -0.00609919 -0.0327204 0.0130497 -0.0394352 -0.00243894 0.0050531 -0.00342312 0.00853795 -0.0201034
internal_weight=39497.5 6428.91 33068.6 27558.6 13590.1 5527.27 663.14 5509.97 901.64 4864.13 13968.5 4069.32 9899.17 1943.99
internal_count=161299 26043 135256 112464 55314 22427 2668 22792 3616 19759 57150 16603 40547 7908
cat_boundaries=0 2 4 6 8 10 12
cat_threshold=3897756191 2080 1662280320 21606 193167617 34368 2550288446 6240 1085139588 120715 1084943202 116649
is_linear=0
shrinkage=0.05


Tree=7
num_leaves=15
num_cat=3
split_feature=27 34 34 38 24 40 27 34 27 27 40 34 24 40
split_gain=349.119 314.546 310.789 236.308 328.894 255.523 248.576 441.427 268.704 222.68 251.002 195.315 194.027 253.197
threshold=2.5000000000000004 0.23841034621000293 0.10550235956907274 1.0000000180025095e-35 -35.054073333740227 0 9.5000000000000018 0.13253415375947955 3.5000000000000004 7.5000000000000009 1 0.14291661977767947 -36.433021545410149 2
decision_type=2 2 2 2 2 9 2 2 2 2 9 2 2 9
left_child=2 3 -1 4 5 -2 7 -5 -9 10 -10 -11 -8 -14
right_child=1 -3 -4 6 -6 -7 12 8 9 11 -12 -13 13 -15
leaf_value=-0.037824464676492038 0.0078932921002006773 0.01296697759355914 -0.0062345823003499843 -0.06086683747507271 0.018237618602833443 -0.00663750839220318 -0.0094477469943103267 0.014569242494031194 -0.0021728044174034451 -0.052060107616314459 -0.026572559890587474 0.0092628157318356674 0.03367073796453926 0.0016294727756486092
leaf_weight=901.77162294089794 5716.6814843118191 5483.8786946386099 5537.0083850771189 411.33316886425018 3199.4043118208647 6392.7557010799646 1674.0667662769556 1119.7587136477232 1676.8376972824335 137.28963926434517 2876.536190122366 1481.0913376659155 898.31438262760639 1917.1876045316458
leaf_count=3618 23431 22742 22469 1658 13128 26025 6838 4579 6820 554 11646 6057 3674 7841
internal_value=-4.04739e-05 0.00203862 -0.0106855 -0.000142322 0.00399319 0.000223312 -0.0053348 -0.0107829 -0.00791705 -0.0120061 -0.0176634 0.0039133 0.00401307 0.0120211
internal_weight=39423.9 32985.1 6438.78 27501.3 15308.8 12109.4 12192.4 7702.85 7291.51 6171.75 4553.37 1618.38 4489.57 2815.5
internal_count=161080 134993 26087 112251 62584 49456 49667 31314 29656 25077 18466 6611 18353 11515
cat_boundaries=0 2 4 6
cat_threshold=4008905023 2104 2424771450 67140 1378591236 41432
is_linear=0
shrinkage=0.05


Tree=8
num_leaves=15
num_cat=6
split_feature=40 27 3 24 27 40 40 40 17 6 24 4 40 40
split_gain=312.419 229.98 160.22 130.416 112.441 101.801 96.0348 93.8135 90.9611 103.585 121.327 119.981 114.048 101.908
threshold=0 2.5000000000000004 0.13643312454223636 -36.626640319824212 1.5000000000000002 1 2 3 0.054007085040211684 -0.067632194608449922 -35.385076522827141 -0.049278020858764641 4 5
decision_type=9 2 2 2 2 9 9 9 2 2 2 2 9 9
left_child=4 -2 3 7 -1 -4 -5 -3 9 -6 11 -11 -13 -12
right_child=1 2 5 6 8 -7 -8 -9 -10 10 13 12 -14 -15
leaf_value=-0.0078609273521312081 -0.016438330128052979 -0.0047360743104100395 0.013528510829410621 0.0049374767348583353 0.017499587519002165 -0.0020267559420943907 -0.0058164336258439723 -0.019926954750293911 -0.018329704013789385 -0.011171334092418458 0.018169144904454964 -0.0025824927335937331 0.0093200524721974553 0.0047540314317477102
leaf_weight=1644.2544926404953 3254.9308988898993 2148.530891507864 2305.9294398725033 3623.8787147402763 1847.4864339828491 1922.1325541138649 4819.9269078820944 1960.1324191391468 377.61361403763294 1550.2050788551569 2543.7545269727707 3641.7838833332062 4473.4450914263725 3237.531427770853
leaf_count=6668 13150 8758 9444 14838 7584 7865 19666 7966 1547 6337 10476 14903 18360 13298
internal_value=8.92545e-05 -0.00428346 -0.00192383 -0.00475933 0.00462484 0.00648883 -0.00120137 -0.0120598 0.00579136 0.00632347 0.00498121 0.00155166 0.00398806 0.0107077
internal_weight=39351.5 20035.5 16780.5 12552.5 19316.1 4228.06 8443.81 4108.66 17671.8 17294.2 15446.7 9665.43 8115.23 5781.29
internal_count=160860 81687 68537 51228 79173 17309 34504 16724 72505 70958 63374 39600 33263 23774
cat_boundaries=0 2 4 6 8 10 12
cat_threshold=3938693246 6760 271335680 49552 271583872 74130 70780929 42132 1107406916 6176 1073885290 2560
is_linear=0
shrinkage=0.05


Tree=9
num_leaves=15
num_cat=5
split_feature=40 24 36 40 40 40 24 34 34 22 3 40 13 16
split_gain=287.611 173.482 136.544 155.961 115.965 102.651 111.644 94.5587 89.1831 98.1995 82.8076 123.348 82.5227 80.8332
threshold=0 -36.680896759033196 -1.6986813022867861e-07 1 2 3 -37.300804138183587 0.19970698654651645 0.093364432454109206 0.1033499985933304 0.13643312454223636 4 0.074482843279838576 0.98908576369285595
decision_type=9 2 2 9 9 9 2 2 2 10 2 9 2 2
left_child=2 5 4 12 -1 6 -2 -6 9 -3 -10 -12 -4 -9
right_child=1 8 3 -5 7 -7 -8 13 10 -11 11 -13 -14 -15
leaf_value=0.015959300074274197 -0.013753409239257839 -0.076455260730565411 0.0084711995828652218 -0.0053340562481280825 0.00033197638992772752 -0.018977452681128795 0.0038225984843484615 0.0018140995529257011 -0.002709104202482689 -0.012013709870730541 0.016235509374479814 -0.0028850738722388612 -0.033302915626853974 0.024371354250438432
leaf_weight=3274.354828581214 2031.3545501977205 59.068544939160347 4125.0523975044489 5792.9504404962063 4289.0876492112875 2610.9844298064709 1620.3583422899246 706.87391740083694 9744.9125705063343 827.89148318767548 1620.4313863962889 1737.9024392813444 116.82267682254314 905.44093118607998
leaf_count=13434 8261 237 16969 23710 17559 10591 6607 2919 39743 3364 6639 7103 479 3739
internal_value=-0.00035726 -0.00451287 0.00402385 -5.02862e-06 0.00843247 -0.0114282 -0.0059423 0.00421128 -0.00141714 -0.0167154 -0.000375239 0.00638944 0.00726459 0.014521
internal_weight=39463.5 20252.9 19210.6 10034.8 9175.76 6262.7 3651.71 5901.4 13990.2 886.96 13103.2 3358.33 4241.88 1612.31
internal_count=161354 82545 78809 41158 37651 25459 14868 24217 57086 3601 53485 13742 17448 6658
cat_boundaries=0 2 4 6 8 10
cat_threshold=3938693247 2664 1610747950 2080 2315419650 576 272123904 42128 336347392 49536
is_linear=0
shrinkage=0.05


Tree=10
num_leaves=15
num_cat=3
split_feature=27 3 27 35 16 39 4 27 41 7 41 4 41 23
split_gain=303.104 185.81 220.668 193.55 166.854 164.23 153.32 331.475 139.842 127.734 135.818 113.965 107.499 106.146
threshold=2.5000000000000004 0.13643312454223636 3.5000000000000004 1.1296925544738772 1.0575877428054812 -0.34154126048088068 0.2152972221374512 5.5000000000000009 0 -0.048517359420657151 1 0.43506371974945074 2 -0.28676666319370264
decision_type=2 2 2 2 2 2 2 2 1 2 1 2 1 10
left_child=-1 2 5 6 -5 -2 9 11 -7 -4 -11 -8 -9 -10
right_child=1 -3 3 4 -6 8 7 12 13 10 -12 -13 -14 -15
leaf_value=-0.0098280896367342503 0.050108305128466424 0.0081817690959350067 0.0097100525897557965 -0.014146986966114973 0.0020702787765243314 -0.011945885413166478 -0.0012185653620463933 -0.0074403538166360889 -0.051795228985169584 -0.012924906375497577 0.00044108199424717083 -0.032730910065808798 0.01940278158365363 0.018898386925377306
leaf_weight=6442.9271379709244 272.00231474637985 8930.1350069344044 1826.2545004785061 4686.4754097312689 2393.6498647034168 570.94015845656395 698.71689461171627 418.85364907979965 50.161509230732918 3168.6019985675812 4720.5875175744295 482.70230114459991 3174.3760247826576 1610.9980716258287
leaf_count=26077 1128 36714 7476 19111 9789 2344 2857 1724 209 12888 19334 1971 13064 6617
internal_value=8.71966e-05 0.00202414 -0.000260983 -0.00189326 -0.00866595 0.0137731 0.00141751 0.00874945 0.00924102 -0.0021879 -0.00494718 -0.0141817 0.0162996 0.0165125
internal_weight=39447.4 33004.5 24074.3 21570.2 7080.13 2504.1 14490.1 4774.65 2232.1 9715.44 7889.19 1181.42 3593.23 1661.16
internal_count=161303 135226 98512 88214 28900 10298 59314 19616 9170 39698 32222 4828 14788 6826
cat_boundaries=0 1 2 3
cat_threshold=385 4756 33
is_linear=0
shrinkage=0.05


Tree=11
num_leaves=15
num_cat=6
split_feature=40 12 17 38 40 7 40 4 3 17 40 40 4 40
split_gain=277.489 112.673 97.6721 122.463 93.7656 89.3196 89.2082 75.4763 74.0618 73.6106 69.6691 67.854 66.1833 65.7967
threshold=0 0.15527173876762393 0.054007085040211684 1.5000000000000002 1 0.11560201644897462 2 0.13314080238342288 -0.145054817199707 0.033487180247902877 3 4 1.0403503179550173 5
decision_type=9 2 2 2 9 2 9 2 2 2 9 9 2 9
left_child=2 7 3 4 -1 8 -3 11 -4 10 -5 -2 13 -9
right_child=1 6 5 9 -6 -7 -8 12 -10 -11 -12 -13 -14 -15
leaf_value=0.010320912838580736 -0.019559399119884278 0.0080801148296677852 -0.011445653492231055 0.032114010735204375 0.0010366198369798269 0.024024478909004252 -0.0033489361848698797 0.0039971974427849581 -0.061069496868156305 0.0046701199979665249 0.011848648170571905 -0.0075254521639199316 -0.040200884808927626 -0.0062902384407678182
leaf_weight=3534.9154098033905 1479.0167427808046 2831.4877756536007 183.47161546349525 754.12422633171082 11671.520985543728 86.372565388679504 4252.5957578420639 2702.2238929271698 126.36363142728806 1225.1292566806078 1069.138432174921 5816.781449303031 109.85778647661209 3620.2437309771776
leaf_count=14564 5986 11583 750 3141 47758 355 17371 11035 514 5079 4447 23634 446 14754
internal_value=7.69011e-05 -0.00389075 0.0045041 0.00504183 0.00320534 -0.0199007 0.00122767 -0.00653468 -0.0323486 0.014181 0.0205388 -0.0100145 -0.00258223 -0.00189654
internal_weight=39463.2 20812.2 18651 18254.8 15206.4 396.208 7084.08 13728.1 309.835 3048.39 1823.26 7295.8 6432.33 6322.47
internal_count=161417 84809 76608 74989 62322 1619 28954 55855 1264 12667 7588 29620 26235 25789
cat_boundaries=0 2 3 5 7 9 11
cat_threshold=3938693246 2664 134352930 269765249 36996 2822971468 32 268959744 16769 338168064 74881
is_linear=0
shrinkage=0.05


Tree=12
num_leaves=15
num_cat=1
split_feature=27 34 38 24 34 27 41 34 34 34 27 27 24 28
split_gain=270.727 205.512 363.795 222.31 217.257 203.207 217.454 199.814 196.047 173.969 158.155 155.663 108.303 103.974
threshold=1.5000000000000002 0.20280914008617404 1.0000000180025095e-35 -35.34399223327636 0.13109838217496875 8.5000000000000018 0 0.45017996430397039 0.12636252492666247 0.095921114087104811 5.5000000000000009 3.5000000000000004 -35.237401962280266 1.0000000180025095e-35
decision_type=2 2 2 2 2 2 1 2 2 2 2 2 2 2
left_child=8 2 3 4 5 6 -2 -3 -1 -4 -8 -5 -10 -6
right_child=1 7 9 11 13 -7 10 -9 12 -11 -12 -13 -14 -15
leaf_value=-0.030146140094485213 0.022060413116152033 0.010150510355667827 -0.061226131857017307 -0.0074148965855970724 -0.0081098226456515835 -0.0063680281112526455 -0.0070228296323236496 -0.014272314188232965 -0.013647361166611414 -0.0075715579709712049 0.01196991205817341 0.017892551094797659 0.0092822872297824727 -0.0349432422070916
leaf_weight=1163.7196756899357 2080.4117222130299 8306.2568398863077 148.53568296134472 732.08024814724922 2169.8774552494287 3337.6089883893728 2192.6441330462694 926.77494260668755 1312.8275447934866 10057.761573895812 2181.8188636600971 3494.0077886730433 840.62139101326466 429.69112433493137
leaf_count=4689 8535 34404 598 2997 8853 13648 8892 3771 5305 40949 8890 14392 3409 1753
internal_value=1.8122e-06 0.00126016 -0.000954571 0.00360826 0.000229069 0.00364146 0.00881875 0.00769211 -0.0136561 -0.0083825 0.00244616 0.0135038 -0.00469345 -0.0126057
internal_weight=39374.6 36057.5 26824.4 16618.1 12392.1 9792.48 6454.87 9233.03 3317.17 10206.3 4374.46 4226.09 2153.45 2599.57
internal_count=161085 147682 109507 67960 50571 39965 26317 38175 13403 41547 17782 17389 8714 10606
cat_boundaries=0 1
cat_threshold=2152
is_linear=0
shrinkage=0.05


Tree=13
num_leaves=15
num_cat=4
split_feature=27 40 34 40 40 34 34 24 34 27 27 34 38 40
split_gain=241.103 220.35 189.52 172.557 155.749 147.154 121.372 124.884 119.024 119.73 289.041 128.997 96.7371 96.3145
threshold=1.5000000000000002 0 0.12636252492666247 1 2 0.19970698654651645 0.13005115091800692 -36.654085159301751 0.3052689135074616 3.5000000000000004 6.5000000000000009 0.23841034621000293 1.5000000000000002 3
decision_type=2 9 2 9 9 2 2 2 2 2 2 2 2 9
left_child=2 -2 3 -1 -4 6 -3 -8 9 -7 11 12 -11 -9
right_child=1 5 4 -5 -6 8 7 13 -10 10 -12 -13 -14 -15
leaf_value=-0.0022663315639455919 0.005484590238864431 -0.00012944187849343308 -0.025344550618265335 -0.042693180611956379 0.0043935728410903927 0.026746905985055594 -0.018707031749376365 0.0029777893658464458 -0.0071110206311081241 -0.030632129238019324 0.013685744195265956 -0.00067343650730021596 -0.095902059377967405 -0.011202997429953392
leaf_weight=416.00586859881878 17071.410173669457 6675.1004082709551 594.46614646911621 756.79801924526691 1576.0984155386686 807.78666971623898 2429.1174861937761 2179.607246696949 1445.2931244373322 262.96977551281452 2141.4141211956739 298.96132744848728 71.144598588347435 2632.7533465623856
leaf_count=1675 70321 27138 2398 3048 6382 3324 9833 8865 5966 1062 8850 1248 286 10681
internal_value=0.000174201 0.00136729 -0.0126594 -0.0288098 -0.00388453 -0.00234485 -0.00499458 -0.00947534 0.00498178 0.0098652 0.00490905 -0.0246454 -0.0457542 -0.00479987
internal_weight=39358.9 36015.6 3343.37 1172.8 2170.56 18944.1 13916.6 7241.48 5027.57 3582.28 2774.49 633.076 334.114 4812.36
internal_count=161077 147574 13503 4723 8780 77253 56517 29379 20736 14770 11446 2596 1348 19546
cat_boundaries=0 2 4 6 8
cat_threshold=3938662718 2664 197296519 36416 416295425 66578 271876800 98704
is_linear=0
shrinkage=0.05


Tree=14
num_leaves=15
num_cat=4
split_feature=34 24 34 34 37 22 34 41 7 39 41 7 41 41
split_gain=212.083 198.078 229.998 193.184 168.854 155.867 136.343 141.62 125.002 149.38 139.761 161.862 111.023 107.893
threshold=0.20914632081985476 -35.237401962280266 0.13109838217496875 0.3052689135074616 0.01344047347083688 0.9695500135421754 0.093941181898117079 0 0.08400996029376985 -0.21429698169231412 1 -0.08633184432983397 2 3
decision_type=2 2 2 2 2 8 2 1 2 2 1 2 1 1
left_child=1 2 6 -2 -3 8 -1 -8 10 -10 -5 -12 -4 -6
right_child=3 4 12 5 13 -7 7 -9 9 -11 11 -13 -14 -15
leaf_value=-0.0087909269693350663 0.011795138558096996 -0.0040426736296822509 -0.016717080547048065 -0.00112094910444713 -0.0047476991785817416 0.045841954980447033 0.011760801972279935 -0.0016188867784157899 0.044466296025436031 -0.0098347280659999183 -0.0047858406466058084 -0.046487355403674067 -0.0059773181942586323 0.013785751033058272
leaf_weight=2867.4190329015255 6151.2259245216846 3447.7060130983591 3693.6795958727598 1413.2777828872204 965.59136708080769 145.85497680306435 3339.2038663476706 4815.6829094290733 238.55552440881729 260.57352600991726 453.26042237877846 476.60382896661758 7012.8901846408844 4120.1769850254059
leaf_count=11695 25541 14086 14944 5825 3936 608 13696 19584 990 1077 1864 1961 28560 16952
internal_value=5.83064e-05 -0.00195762 -0.00449251 0.00673142 0.00449528 -0.00369314 0.000577346 0.0038754 -0.00631289 0.0162918 -0.0111546 -0.0260214 -0.00971018 0.0102825
internal_weight=39401.7 30262.3 21728.9 9139.35 8533.47 2988.13 11022.3 8154.89 2842.27 499.129 2343.14 929.864 10706.6 5085.77
internal_count=161319 123453 88479 37866 34974 12325 44975 33280 11717 2067 9650 3825 43504 20888
cat_boundaries=0 1 2 3 4
cat_threshold=3178 7321 4882 2224
is_linear=0
shrinkage=0.05


Tree=15
num_leaves=15
num_cat=4
split_feature=40 24 40 40 24 39 12 15 40 15 38 38 24 15
split_gain=207.743 163.631 109.436 92.3408 81.3095 69.8548 66.3848 88.6659 71.5501 66.0463 93.2528 91.8023 83.2455 75.5025
threshold=0 -36.66728210449218 1 2 -37.300804138183587 -0.11057402566075324 0.14542812854051593 0.019598620012402538 3 0.043312784284353263 1.5000000000000002 1.0000000180025095e-35 -36.827981948852532 0.010179810691624882
decision_type=9 2 9 9 2 2 2 2 9 2 2 2 2 2
left_child=9 2 4 -3 -2 -6 -5 8 -8 10 11 12 13 -1
right_child=1 3 -4 6 5 -7 7 -9 -10 -11 -12 -13 -14 -15
leaf_value=0.030066219411632528 -0.011284285032071137 0.016423352512372924 -0.017976677099869439 -0.0041581485310789113 -0.0063603036439629015 0.012124815381662418 0.0285672663070922 -0.00049395517295815032 0.004249429716137414 -0.012163938895363127 0.01297431675850021 -0.0015794918997627406 0.010776024102149243 -0.0013518834804808508
leaf_weight=198.26135402917862 2316.7422090470791 758.68516020476818 2527.5781095474958 8331.5748077630997 1075.0346954613924 965.23349547386169 514.44724670052528 4389.3502602577209 741.68386468291283 610.89960068464279 2727.783385053277 6385.8623743206263 4668.0014436095953 3222.7351546287537
leaf_count=820 9397 3117 10233 33933 4372 3940 2099 17999 3031 2518 11405 26126 19289 13218
internal_value=-7.16595e-05 -0.00336488 -0.00972725 -0.000392008 -0.00487296 0.00239067 -0.00132146 0.00286165 0.0145467 0.00392455 0.00450183 0.00290091 0.00643738 0.000508692
internal_weight=39433.9 21620.3 6884.59 14735.7 4357.01 2040.27 13977.1 5645.48 1256.13 17813.5 17202.6 14474.9 8089 3421
internal_count=161497 88121 27942 60179 17709 8312 57062 23129 5130 73376 70858 59453 33327 14038
cat_boundaries=0 2 4 5 7
cat_threshold=3938693182 2664 272123905 13712 270532672 17055744 45334
is_linear=0
shrinkage=0.05


Tree=16
num_leaves=15
num_cat=5
split_feature=27 34 34 34 40 34 22 40 40 34 27 22 40 40
split_gain=217.957 226.167 215.844 211.288 227.955 201.399 315.418 232.022 184.637 161.049 192.402 169.943 160.538 148.822
threshold=2.5000000000000004 0.099091887474060072 0.23841034621000293 0.27928131818771368 0 0.13005115091800692 1.0000000180025095e-35 1 2 0.38200022280216223 11.500000000000002 1.0000000180025095e-35 3 4
decision_type=2 2 2 2 9 2 10 9 9 2 2 10 9 9
left_child=1 8 5 13 -5 6 -2 -8 -1 10 12 -11 -4 -3
right_child=2 3 9 4 -6 -7 7 -9 -10 11 -12 -13 -14 -15
leaf_value=0.010267911012823311 -0.059117579136351177 0.0084681131558273694 0.00021790993270478544 0.0078323939394264359 -0.052464406069324711 -0.0038285448977996234 0.014528121435271706 0.00013871221359939372 -0.047770251125378582 0.052804650721503615 -0.038249553957906191 -0.011229649118021384 0.023152160007143124 -0.0088449065442995477
leaf_weight=179.35757799446583 184.94598138332367 2156.1700536310673 1025.7861573845148 244.12097704410553 425.39138072729111 15642.284058883786 4623.5506736785173 7086.5453334152699 561.54629376530647 109.31554608047009 156.41770620644093 1104.1905807256699 3062.8699959516525 2883.7538691759109
leaf_count=720 742 8792 4300 990 1709 63831 19123 28903 2269 461 654 4527 12932 11624
internal_value=5.72005e-05 -0.00834502 0.00170091 -0.00495654 -0.0312379 -0.000100063 0.00480211 0.00583687 -0.0342418 0.0107791 0.0153673 -0.00526417 0.0174639 -0.00143679
internal_weight=39446.2 6450.34 32995.9 5709.44 669.512 27537.3 11895 11710.1 740.904 5458.58 4245.07 1213.51 4088.66 5039.92
internal_count=161577 26104 135473 23115 2699 112599 48768 48026 2989 22874 17886 4988 17232 20416
cat_boundaries=0 2 4 6 8 10
cat_threshold=1662280384 5222 1817391158 6200 2323677443 34368 26217265 45060 1544015934 39012
is_linear=0
shrinkage=0.05


Tree=17
num_leaves=15
num_cat=4
split_feature=27 3 27 40 40 40 40 24 6 6 27 36 36 27
split_gain=186.648 149.572 184.937 209.771 192.763 174.784 145.624 122.482 98.3482 97.9531 86.3124 81.185 78.2411 77.4789
threshold=2.5000000000000004 0.15281391143798831 3.5000000000000004 0 1 2 3 -37.300804138183587 -0.096501316875219331 0.068222485482692732 5.5000000000000009 0.025003935210406784 0.047876443713903434 4.5000000000000009
decision_type=2 2 2 9 9 9 9 2 2 2 2 2 2 2
left_child=6 2 3 -2 12 9 -1 -6 -8 -3 -11 -9 -4 -7
right_child=1 5 4 -5 7 13 8 11 -10 10 -12 -13 -14 -15
leaf_value=0.00010240903923865809 0.028316823450986784 0.0094897653359796649 0.0045000984257336368 -0.00024961969186672274 -0.019185955277452066 -0.0020665340759921948 0.013320639623675377 -0.001783461047208155 -0.017571346892086146 0.0062375588298816632 -0.024055686756948996 -0.012709657058750474 -0.0079702880418640546 0.01389304803855031
leaf_weight=3100.1425200998783 1130.6829649806023 622.25607872009277 9733.4457727819681 1471.8962237238884 1596.6270137876272 887.57288725674152 277.49299621582031 7519.4091580212116 3060.7571016550064 330.40299470722675 793.80957193672657 2193.2367922663689 1439.472824588418 5234.0370557457209
leaf_count=12602 4691 2559 40051 6066 6477 3662 1123 30696 12350 1354 3267 8954 5922 21674
internal_value=5.75653e-05 0.0015793 -0.000307497 0.0122972 -0.00176927 0.00759174 -0.00772535 -0.0063666 -0.0149412 -0.00633636 -0.01516 -0.00425652 0.00288759 0.0115596
internal_weight=39391.2 32952.8 25084.8 2602.58 22482.2 7868.08 6438.39 11309.3 3338.25 1746.47 1124.21 9712.65 11172.9 6121.61
internal_count=161448 135373 102857 10757 92100 32516 26075 46127 13473 7180 4621 39650 45973 25336
cat_boundaries=0 2 4 6 8
cat_threshold=2655133815 26997 2863905471 67592 2197817491 77831 4203135414 7780
is_linear=0
shrinkage=0.05


Tree=18
num_leaves=15
num_cat=0
split_feature=27 34 34 34 34 34 27 38 38 33 27 39 4 16
split_gain=179.788 243.075 213.519 185.133 166.156 147.437 180.664 158.258 136.451 144.661 165.512 406.459 190.38 184.106
threshold=2.5000000000000004 0.099485307931900038 0.23841034621000293 0.12047247588634492 0.27928131818771368 0.38200022280216223 11.500000000000002 1.5000000000000002 1.5000000000000002 -0.027622245252132412 7.5000000000000009 -0.35222861170768732 -0.28670626878738398 1.060049891471863
decision_type=2 2 2 2 2 2 2 2 2 2 2 2 2 2
left_child=1 -1 3 -2 -3 6 8 -7 -4 -10 12 13 -11 -12
right_child=2 4 5 -5 -6 7 -8 -9 9 10 11 -13 -14 -15
leaf_value=-0.034098649103965852 0.0052929067544372045 -0.001018716113435011 -0.016797767717238576 -0.0033446442515797162 -0.027477359899523712 0.051227475586564687 -0.037201809037205276 -0.010657686541553992 -0.016340271451507484 0.065185674884386355 -0.078630157419363897 0.021079966940964322 0.024304554933390475 0.0080807262983872072
leaf_weight=764.38343338668346 9433.2389896810055 5022.1340152174234 275.92057706415653 18095.659907951951 668.00603663921356 108.95999391376972 155.69291622936726 1102.2901908010244 260.1917279958725 367.9124821126461 158.23516201972961 1638.7575009316206 1266.9450451284647 96.411920696496964
leaf_count=3099 38714 20334 1165 73914 2701 465 646 4512 1100 1567 666 6944 5365 405
internal_value=-9.08016e-05 -0.00771862 0.00140373 -0.000384237 -0.00414716 0.0104591 0.0148689 -0.00489888 0.016908 0.0193831 0.0220383 0.011923 0.0336783 -0.0462579
internal_weight=39414.7 6454.52 32960.2 27528.9 5690.14 5431.32 4220.07 1211.25 4064.37 3788.45 3528.26 1893.4 1634.86 254.647
internal_count=161597 26134 135463 112628 23035 22835 17858 4977 17212 16047 14947 8015 6932 1071
is_linear=0
shrinkage=0.05


Tree=19
num_leaves=15
num_cat=0
split_feature=36 3 16 4 35 16 12 3 10 35 4 3 15 7
split_gain=140.042 84.1397 75.1825 117.373 71.8591 107.763 69.9743 63.3515 58.6501 53.8962 52.1994 48.2659 75.2828 46.6356
threshold=-2.0452026916473185e-07 0.10874390602111818 1.0475198030471804 0.260069489479065 1.1382777094841006 1.075541138648987 0.2313506752252579 -0.20517206192016599 0.0045674906577914962 0.91449564695358287 1.0403503179550173 -0.145054817199707 0.031956993043422706 -0.08383841440081595
decision_type=2 2 2 2 2 2 2 2 2 2 2 2 2 2
left_child=1 4 3 6 8 -6 -2 -8 13 -5 -11 12 -4 -1
right_child=2 -3 11 9 5 -7 7 -9 -10 10 -12 -13 -14 -15
leaf_value=0.01479703670827936 -0.010635441783358101 0.0086203581450718918 0.024043943973849072 0.0076843522452174386 -0.0092820325889456986 0.0069399130882456424 -0.026830354274862245 0.011971634864382791 0.012772918422018673 -0.0014347343152326312 -0.027178557449738856 -0.00056439576701671661 -0.0095644681839975355 0.00070505026743006185
leaf_weight=631.10887828469276 7262.8778463751078 4740.8965186774731 492.16726046800613 1796.9890294671059 3211.5233859270811 1497.1267999410629 121.59788654744625 619.3593735396862 1420.3263224363327 2329.9619990885258 210.22265601158142 7116.9697859436274 247.0015881061554 7644.308905467391
leaf_count=2606 29645 19556 2024 7413 13088 6129 500 2557 5846 9577 861 29236 1013 31317
internal_value=-0.000217199 0.00284624 -0.00312133 -0.00555455 0.000943135 -0.00412127 -0.0091423 0.00546001 0.00340399 0.00106804 -0.00361643 0.000701424 0.0128178 0.00178864
internal_weight=39342.4 19145.3 20197.1 12341 14404.4 4708.65 8003.84 740.957 9695.74 4337.17 2540.18 7856.14 739.169 8275.42
internal_count=161368 78542 82826 50553 58986 19217 32702 3057 39769 17851 10438 32273 3037 33923
is_linear=0
shrinkage=0.05


Tree=20
num_leaves=15
num_cat=5
split_feature=40 36 40 24 40 35 40 24 39 31 40 34 30 22
split_gain=165.307 111.275 114.303 109.634 113.935 89.2256 93.8175 85.7928 89.6692 81.9882 78.4256 75.216 71.2731 68.2683
threshold=0 -1.1527004062372724e-07 1 -36.694536209106438 2 0.78528916835784923 3 -37.300804138183587 -0.084202248603105531 0.89039039611816417 4 0.093364432454109206 0.26598639786243444 0.11834999918937684
decision_type=9 2 9 2 9 2 9 2 2 2 9 2 2 10
left_child=1 5 12 4 7 6 -1 -2 9 -9 -7 13 -3 -5
right_child=3 2 -4 11 -6 10 -8 8 -10 -11 -12 -13 -14 -15
leaf_value=-0.0005593005017671351 -0.010780584631865757 0.023076554887549495 0.0033221651131473415 -0.064218580368163261 -0.019227664625023212 -0.003676467087891485 0.019383743673044039 -0.012563414204704769 0.016606023716457988 0.018474303443175456 0.0078422816161755251 0.000115763317628666 -0.0097754722225408298 -0.010913015791696155
leaf_weight=808.68057571351528 2354.5041147768497 169.42345881462097 6487.0011624395847 60.220409944653511 1841.7182355821133 2298.8015828430653 2219.0489583462477 901.19426110386848 769.74020287394524 273.21095684170723 4092.0122171938419 13000.455730021 3164.2218880057335 831.32801769673824
leaf_count=3333 9543 693 26798 242 7440 9489 9191 3665 3153 1113 16915 53141 12993 3388
internal_value=-0.00013077 0.00317803 -0.000543967 -0.00330875 -0.00887123 0.00706107 0.0141254 -0.00436095 0.00339647 -0.00529092 0.00370504 -0.0008498 -0.00804819 -0.0148572
internal_weight=39271.6 19239.2 9820.65 20032.4 6140.37 9418.54 3027.73 4298.65 1944.15 1174.41 6390.81 13892 3333.65 891.548
internal_count=161097 79412 40484 81685 24914 38928 12524 17474 7931 4778 26404 56771 13686 3630
cat_boundaries=0 2 4 6 8 10
cat_threshold=3938693246 6760 2315288592 4680 272123904 26000 1623269448 40 1610616880 6208
is_linear=0
shrinkage=0.05


Tree=21
num_leaves=15
num_cat=0
split_feature=27 4 27 38 27 27 4 23 24 15 27 35 15 24
split_gain=158.201 143.994 367.847 226.054 337.715 205.474 260.31 175.469 137.962 133.594 150.544 121.819 107.202 101.247
threshold=2.5000000000000004 0.190852165222168 5.5000000000000009 1.5000000000000002 4.5000000000000009 6.5000000000000009 -0.52551174163818348 inf -36.191001892089837 0.023248006589710716 3.5000000000000004 0.59688127040863048 0.047009659931063659 -34.592424392700188
decision_type=2 2 2 2 2 2 2 8 2 2 2 2 2 2
left_child=12 5 3 9 -5 6 -2 11 -4 -3 -11 -8 -1 -12
right_child=1 2 8 4 -6 -7 7 -9 -10 10 13 -13 -14 -15
leaf_value=-0.0060718006825707894 0.047283347998779403 0.0028116914321781594 0.0038833661414475482 -0.001716813762872212 -0.078650139554025028 -0.0056836663829691282 0.020335751241838208 -0.032715838358382966 0.015457754387445198 0.0099893031382398655 -0.050196532872466962 0.0017904587894489812 -0.049626970685174146 -0.0073355746284319767
leaf_weight=6288.1852916181087 343.91373448073864 2719.1401516497135 4689.1698294132948 317.1732794046402 254.7807609140873 11143.656081646681 1051.8396699279547 322.43521803617477 5719.742242872715 286.08711495995522 362.47880710661411 5474.7274143695831 139.69515955448151 224.02904582023621
leaf_count=25478 1458 11139 19314 1347 1045 45645 4320 1329 23794 1182 1467 22395 566 915
internal_value=0.000114337 0.00151606 0.00522527 -0.00732819 -0.0363805 -0.0014321 0.00515335 0.00300416 0.0102484 -0.0026563 -0.0196201 0.00479331 -0.00705699 -0.0340337
internal_weight=39337.1 32909.2 14572.6 4163.69 571.954 18336.6 7192.92 6849 10408.9 3591.74 872.595 6526.57 6427.88 586.508
internal_count=161394 135350 60203 17095 2392 75147 29502 28044 43108 14703 3564 26715 26044 2382
is_linear=0
shrinkage=0.05


Tree=22
num_leaves=15
num_cat=4
split_feature=24 41 7 38 35 41 35 14 15 41 24 13 38 41
split_gain=134.159 143.811 160.608 106.121 93.2943 92.2628 126.546 72.0327 108.036 72.6857 71.5877 85.382 71.1581 70.4471
threshold=-35.301967620849602 0 -0.035040786489844315 1.0000000180025095e-35 2.0914748907089238 1 1.7255136966705324 0.019094132818281654 0.029063124209642414 2 -37.374353408813469 0.016871779225766662 1.5000000000000002 3
decision_type=2 1 2 2 2 1 2 2 2 1 2 2 2 1
left_child=1 10 5 -2 -4 6 -3 -5 13 -10 11 -1 -13 -9
right_child=3 2 4 7 -6 -7 -8 8 9 -11 -12 12 -14 -15
leaf_value=0.018620101095324911 0.01045175298362571 -0.021150700032751112 -0.010749701245494573 -0.0054723724563039804 0.028375002833568475 0.012380046538094484 0.020783070243295333 0.022186961732999524 -0.0087939026965588672 0.0070881632897348279 0.0031757311786064649 -0.0082245427510300121 0.015440765652254993 0.0057061078667940178
leaf_weight=369.07671998441219 4294.5914680808783 583.50457480549812 7982.5789762288332 2966.18646658957 150.6025425195694 1474.9061214923859 254.44450448453426 877.09092591702938 1912.4876781105995 1137.12953568995 10621.585832521319 3894.6426354497671 341.09820012748241 2493.9916894137859
leaf_count=1526 17804 2363 32490 12160 614 6016 1028 3624 7920 4702 43660 15873 1429 10307
internal_value=-5.1848e-05 -0.00218305 -0.00669618 0.0039462 -0.0100076 0.00491397 -0.00826571 0.00096533 0.00394209 -0.0028739 0.000917814 -0.00428507 -0.00630167 0.0101047
internal_weight=39353.9 25672.4 10446 13681.5 8133.18 2312.86 837.949 9386.89 6420.7 3049.62 15226.4 4604.82 4235.74 3371.08
internal_count=161516 104999 42511 56517 33104 9407 3391 38713 26553 12622 62488 18828 17302 13931
cat_boundaries=0 1 2 3 4
cat_threshold=2285 512 2785 580
is_linear=0
shrinkage=0.05


Tree=23
num_leaves=15
num_cat=6
split_feature=27 34 34 40 34 40 34 40 40 27 40 40 4 27
split_gain=155.459 202.086 188.793 216.077 180.038 169.623 162.223 229.653 132.047 122.46 121.161 110.255 109.968 120.055
threshold=2.5000000000000004 0.10550235956907274 0.27928131818771368 0 0.23841034621000293 1 0.12047247588634492 2 3 7.5000000000000009 4 5 0.14473199844360354 5.5000000000000009
decision_type=2 2 2 9 2 9 2 9 9 2 9 9 2 2
left_child=1 5 10 -4 6 -1 7 9 -6 11 -3 -2 -8 -14
right_child=4 2 3 -5 8 -7 12 -9 -10 -11 -12 -13 13 -15
leaf_value=0.0070258784255658735 0.041777402842806732 0.0093229064883633833 0.01288801432627449 -0.047324255183702424 0.018505249291491412 -0.042023452030274036 -0.0069766544481831188 -0.002455270930924942 0.0027553557713447061 0.0056506472223876985 -0.0066127812510867814 0.015046322744502056 -0.007488081572580952 0.0046557693137053921
leaf_weight=241.45010180771351 523.18535743653774 2018.2903558760881 216.0417242795229 449.13429532945156 2412.5132416933775 645.11825305223465 8651.9398666471243 4815.5264679342508 2980.7340297996998 2491.8461596518755 2870.4728091955185 1586.7603004723787 2966.5129480659962 6453.596578374505
leaf_count=970 2186 8236 874 1820 10245 2634 35136 19626 12528 10325 11557 6566 12111 26604
internal_value=0.000111647 -0.00698869 -0.00343716 -0.0283241 0.00150335 -0.0290877 -0.000135829 0.00518324 0.00985154 0.0131484 -2.44852e-05 0.0220287 -0.00290853 0.000829041
internal_weight=39323.1 6440.51 5553.94 665.176 32882.6 886.568 27489.4 9417.32 5393.25 4601.79 4888.76 2109.95 18072 9420.11
internal_count=161418 26091 22487 2694 135327 3604 112554 38703 22773 19077 19793 8752 73851 38715
cat_boundaries=0 2 4 6 8 10 12
cat_threshold=1662272128 20582 176275715 34368 1819488319 14648 2856808654 3619 2617741374 39020 135397424 16
is_linear=0
shrinkage=0.05


Tree=24
num_leaves=15
num_cat=6
split_feature=34 40 17 40 40 24 40 22 31 15 34 27 40 40
split_gain=156.188 152.063 143.285 169.097 139.365 106.645 112.583 95.6674 90.068 87.9139 86.0767 155.078 89.8466 85.94
threshold=0.19970698654651645 0 0.040162449702620513 1 2 -35.031982421874993 3 0.63435000181198131 0.85565477609634411 0.01222623558714986 0.13109838217496875 1.5000000000000002 4 5
decision_type=2 9 2 9 9 2 9 10 2 2 2 2 9 9
left_child=1 7 3 -2 8 10 -7 -1 -4 -8 11 12 -3 -12
right_child=2 5 4 -5 -6 6 9 -9 -10 -11 13 -13 -14 -15
leaf_value=-0.00094527304982408133 -0.0070576288743860686 0.011203963443725016 -0.031878701072217866 0.011962835942474506 0.0048116602717581062 0.016550387041393094 0.028670666410566866 0.0082690649344034865 -0.00043509873545049686 -0.0065655570394688835 -0.018808175992671324 -0.00082521712122007786 -0.036280477597265763 -0.0067685754434762425
leaf_weight=8063.5785370916128 1420.9131429493427 121.64887647330761 605.12963004410267 6399.3382124453783 1341.4598694890738 1040.7095095813274 189.59135466814041 4322.9832745343447 364.12608221173286 1957.5348584502935 2323.6656053364277 6404.7073309868574 485.91403867304325 4200.4807398170233
leaf_count=33144 5888 491 2498 26761 5558 4262 776 17853 1524 7989 9371 26083 1980 17014
internal_value=-6.66888e-05 -0.00192775 0.00527879 0.00851021 -0.00565006 -0.00503543 0.00318411 0.00227039 -0.0199295 -0.0033768 -0.00697568 -0.0031254 -0.0271603 -0.0111077
internal_weight=39241.8 29110.8 10131 7820.25 2310.72 16724.3 3187.84 12386.6 969.256 2147.13 13536.4 7012.27 607.563 6524.15
internal_count=161192 118963 42229 32649 9580 67966 13027 50997 4022 8765 54939 28554 2471 26385
cat_boundaries=0 2 4 6 8 10 12
cat_threshold=2027133238 104 1606416 28672 966984052 9200 69738560 86400 50331648 7680 85991424 86035
is_linear=0
shrinkage=0.05


Tree=25
num_leaves=15
num_cat=6
split_feature=36 40 40 12 40 40 24 40 13 35 40 15 17 35
split_gain=130.274 188.842 186.042 88.2315 108.142 57.1232 56.5474 86.6986 82.2383 79.123 70.2936 56.3149 64.0704 55.0047
threshold=-6.6084538730137852e-08 0 1 0.16454107314348224 2 3 -35.385076522827141 4 0.059567479416728027 1.8799517154693606 5 0.023461724631488327 0.025633026845753196 1.3895152211189272
decision_type=2 9 9 2 9 9 2 9 2 2 9 2 2 2
left_child=2 6 5 -4 -5 -1 7 -2 10 11 -8 12 -9 -6
right_child=1 -3 3 4 13 -7 8 9 -10 -11 -12 -13 -14 -15
leaf_value=0.016086042530769808 0.0083670753283532594 -0.0075154569741822629 -0.0040721606124111062 0.015057803503602375 -0.0092598998217464697 0.0061890776904264923 0.026992734026695966 -0.0048159671880551209 -0.010357925316849146 0.037195030920253856 0.0068699068865454155 -0.017550646040881163 0.028918799694123382 0.0095890791032965592
leaf_weight=1900.3701798915863 1699.1107500642538 10482.327398851514 8286.5301607996225 1562.6483990252018 1164.5606257617474 6440.9045307487249 518.56281270086765 2485.3677472025156 558.0719683021307 101.3963475227356 2524.7818556427956 872.73574976623058 144.1920467466116 573.58591575920582
leaf_count=7916 7010 42870 33856 6439 4803 26577 2156 10158 2312 416 10499 3592 594 2345
internal_value=-5.49868e-05 -0.00297287 0.00278331 -0.00131745 0.00558837 0.0084693 0.00238123 -0.000899505 0.0072144 -0.00528409 0.0104501 -0.00658168 -0.00291285 -0.00300996
internal_weight=39315.1 19386.5 19928.6 11587.3 3300.79 8341.27 8904.22 5302.8 3601.42 3603.69 3043.34 3502.3 2629.56 1738.15
internal_count=161543 79607 81936 47443 13587 34493 36737 21770 14967 14760 12655 14344 10752 7148
cat_boundaries=0 2 4 6 8 10 12
cat_threshold=1891776750 27808 2598625362 4716 1841801 34947 2315255810 512 537002024 9344 1342177344 18432
is_linear=0
shrinkage=0.05


Tree=26
num_leaves=15
num_cat=7
split_feature=27 3 40 27 40 40 40 27 40 24 7 3 40 40
split_gain=137.161 116.931 188.935 158.033 190.574 138.074 105.443 99.9192 91.4855 89.9074 118.108 119.797 116.841 103.919
threshold=2.5000000000000004 0.14037299156188968 0 3.5000000000000004 1 2 3 4.5000000000000009 4 -36.018928527832024 -0.0376487448811531 0.053458213806152351 5 6
decision_type=2 2 9 2 9 9 9 2 9 2 2 2 9 9
left_child=6 3 7 4 -2 -5 -1 8 -3 10 12 13 -7 -12
right_child=1 2 -4 5 -6 9 -8 -9 -10 -11 11 -13 -14 -15
leaf_value=0.00044824095261178387 0.027027803973427286 0.013237394024477003 -0.00098161890406192566 0.0023391744872302972 -0.00075164453990760548 0.022158687088925585 -0.012483102099941926 0.017108644166003221 -0.024581655450504031 -0.00087755298039923638 -0.029250335001790369 -0.0030203775139486209 -0.0067415690239306676 -0.010189858129900229
leaf_weight=2828.9151659458876 1078.031884983182 326.13072624802589 4403.5962506085634 10184.20380616188 1424.9521380066872 478.27562303841114 3554.574187874794 3552.408809363842 287.21643374860287 5347.5987472832203 1469.5249094516039 1643.4257538616657 1187.5595022588968 1470.9679573774338
leaf_count=11528 4511 1356 18253 42006 5897 1956 14377 14800 1184 21959 5941 6685 4817 5977
internal_value=-7.09107e-05 0.0012323 0.00625199 -0.000539733 0.0113457 -0.00190805 -0.00677462 0.0138609 -0.00470334 -0.00563473 -0.00970947 -0.0138493 0.0016867 -0.0198845
internal_weight=39237.4 32853.9 8569.35 24284.5 2502.98 21781.6 6383.49 4165.76 613.347 11597.4 6249.75 4583.92 1665.84 2940.49
internal_count=161247 135342 35593 99749 10408 89341 25905 17340 2540 47335 25376 18603 6773 11918
cat_boundaries=0 2 4 6 8 10 12 14
cat_threshold=1892499564 50104 2655133813 27509 716417695 67624 1518518590 40548 1879588968 160 3238789472 12804 17584192 24903
is_linear=0
shrinkage=0.05


Tree=27
num_leaves=15
num_cat=5
split_feature=34 24 40 40 40 34 27 27 38 27 40 11 40 15
split_gain=123.308 135.251 216.828 211.243 123.542 121.369 132.674 165.448 153.441 170.211 110.445 127.216 109.696 101.767
threshold=0.19970698654651645 -36.722106933593743 0 1 2 0.3052689135074616 2.5000000000000004 9.5000000000000018 1.5000000000000002 10.500000000000002 3 0.34161661565303808 4 0.019086603075265888
decision_type=2 2 9 9 9 2 2 2 2 2 9 2 9 2
left_child=1 3 13 -1 -2 -6 12 -8 -9 -10 -11 -12 -7 -3
right_child=4 2 -4 -5 5 6 7 8 9 10 11 -13 -14 -15
leaf_value=0.00060406187412766514 -0.0068135614687011604 0.015900159490999596 -0.0024360371018743087 -0.01322090153518677 0.011289846269287113 -0.04903874965015121 0.012430834445825491 0.058557254283581911 -0.075165818680018259 0.037335835963284658 0.021119179732780588 -0.056366555674740561 -0.0021679946785122788 0.0015836538670779895
leaf_weight=5755.6344838291407 1880.1699882894754 2889.7802796065807 13032.209286600351 5302.9783019721508 5805.9081128537655 227.92218928039074 1447.4751759469509 49.414683192968369 139.74564249813557 80.083878576755524 80.563122034072876 138.21718120574951 272.2737693041563 2176.7078152596951
leaf_count=23578 7779 11937 53220 21480 24343 930 6100 214 574 328 331 568 1106 8994
internal_value=-3.33793e-05 -0.00168415 0.000977648 -0.00603941 0.0047199 0.00735353 -0.0020011 0.00394297 -0.0210926 -0.0306362 -0.00890398 -0.02678 -0.0248229 0.00973879
internal_weight=39279.1 29157.3 18098.7 11058.6 10121.8 8241.6 2435.7 1935.5 488.025 438.61 298.864 218.78 500.196 5066.49
internal_count=161482 119209 74151 45058 42273 34494 10151 8115 2015 1801 1227 899 2036 20931
cat_boundaries=0 2 4 6 8 10
cat_threshold=1344477542 984 685490231 28184 1573648 28688 17062016 293 417533990 100481
is_linear=0
shrinkage=0.05


Tree=28
num_leaves=15
num_cat=6
split_feature=34 34 27 40 40 24 40 34 40 27 23 40 27 40
split_gain=129.386 139.77 275.146 173.659 152.292 139.226 159.568 137.22 128.215 123.978 163.101 118.855 118.224 144.324
threshold=0.20914632081985476 0.13109838217496875 1.5000000000000002 0 1 -35.259914398193352 2 0.3052689135074616 3 8.5000000000000018 inf 4 2.5000000000000004 5
decision_type=2 2 2 9 9 2 9 2 9 2 8 9 2 9
left_child=1 2 4 9 -1 8 -7 11 -3 10 -4 -2 13 -9
right_child=7 5 3 -5 -6 6 -8 12 -10 -11 -12 -13 -14 -15
leaf_value=0.0014135874300892767 -0.018798292441454732 -0.0024774195576502287 0.017277798461290263 -0.0013337278433722787 -0.034738604348917006 -0.0067079116233890708 0.010848994139289827 -0.046691055992256418 -0.013470274487671305 0.00074788335153408859 -0.056968205695424705 0.01104323229402073 0.0012622134535540586 0.0017862728690389421
leaf_weight=478.92726090550423 342.07724283635616 5001.0677046477795 3633.3848940134048 7285.5277904868126 744.85589978098869 2704.3030411750078 2455.0132393240929 303.80785037577152 5682.5379039347172 2176.5868754088879 70.709362983703613 5675.2470784336329 2349.37460757792 302.36433644592762
leaf_count=1940 1416 20315 15110 29699 3042 11090 10079 1248 23006 9045 284 23902 9834 1226
internal_value=-0.000282876 -0.00184789 0.00171878 0.00382956 -0.0209094 -0.00508729 0.00165585 0.00498776 -0.0083434 0.0102078 0.0157842 0.00931887 -0.00382931 -0.0234199
internal_weight=39205.8 30232.9 14390 13166.2 1223.78 15842.9 5159.32 8972.87 10683.6 5880.68 3704.09 6017.32 2955.55 606.172
internal_count=161236 123610 59120 54138 4982 64490 21169 37626 43321 24439 15394 25318 12308 2474
cat_boundaries=0 2 4 6 8 9 11
cat_threshold=2085826615 14392 199409807 40448 2169788465 13364 2327304497 42188 1048848 417569062 109456
is_linear=0
shrinkage=0.05


Tree=29
num_leaves=15
num_cat=7
split_feature=36 40 40 3 40 34 40 40 8 40 16 13 27 40
split_gain=114.421 152.8 145.159 89.4728 59.5486 58.3049 88.6552 73.7334 57.5907 60.486 55.4339 66.8368 53.9169 86.1731
threshold=-1.1527004062372724e-07 0 1 0.11235260963439943 2 0.19559056311845782 3 4 43.496957778930671 5 1.0189243555068972 0.063489887863397612 5.5000000000000009 6
decision_type=2 9 9 2 9 2 9 9 2 9 2 2 2 9
left_child=1 12 10 5 -5 7 -7 -3 9 -4 11 -2 13 -1
right_child=2 3 8 4 -6 6 -8 -9 -10 -11 -12 -13 -14 -15
leaf_value=0.012465051011189375 -0.00019315737185180394 0.00022114236051769552 0.013748099981968085 0.015089607017346157 0.00014393019567718798 0.011707314453455577 -0.007460663751152655 -0.010686594845769207 -0.0077809581517564903 -0.005943759676087311 0.0070902381126097119 -0.035233041243112509 0.011237551495486922 -0.0039420457699099803
leaf_weight=1357.4071257412434 4406.0423201620579 2691.6184039562941 667.78743058443069 1195.4142880141735 1495.6688658595085 1318.6948870718479 1088.2539388239384 3648.0472153276205 9988.9708086103201 896.13714748620987 3501.3091137558222 135.44190028309822 4819.4583330899477 1908.6391242742538
leaf_count=5618 18199 10968 2732 4969 6157 5488 4519 14774 40856 3658 14541 564 20089 7842
internal_value=-9.36408e-05 0.00261505 -0.00279255 -0.00110602 0.00685702 -0.00356037 0.00305893 -0.0060747 -0.00637897 0.00252813 0.00236421 -0.00127686 0.00786854 0.00291009
internal_weight=39118.9 19523.2 19595.7 11437.7 2691.08 8746.61 2406.95 6339.67 11552.9 1563.92 8042.79 4541.48 8085.5 3266.05
internal_count=160974 80424 80550 46875 11126 35749 10007 25742 47246 6390 33304 18763 33549 13460
cat_boundaries=0 2 4 6 8 10 12 14
cat_threshold=2330124891 4712 1891774958 3232 1074597924 1286 1627914372 35223 336660772 106501 153389073 8775 2319482899 4608
is_linear=0
shrinkage=0.05


Tree=30
num_leaves=15
num_cat=2
split_feature=27 34 34 38 27 27 24 34 34 41 34 34 41 37
split_gain=112.578 133.716 90.4793 210.111 147.226 161.357 147.189 144.172 174.792 163.654 133.686 119.527 90.047 89.149
threshold=1.5000000000000002 0.12636252492666247 0.19970698654651645 1.0000000180025095e-35 9.5000000000000018 4.5000000000000009 -35.214904785156243 0.13253415375947955 0.12290876731276514 0 0.095921114087104811 0.45017996430397039 1 -0.0085722822695970518
decision_type=2 2 2 2 2 2 2 2 2 1 2 2 1 2
left_child=1 -1 3 4 5 7 -7 8 9 13 -5 -4 -8 -2
right_child=2 -3 11 10 -6 6 12 -9 -10 -11 -12 -13 -14 -15
leaf_value=-0.022455028783694073 -0.024645431020399074 -0.0014839939615897803 0.0068106461637113926 -0.052521159255331379 -0.005523016534474675 0.0055663395254120264 -0.0011643575486958177 -0.020377744576139362 0.020824493396133289 -0.021437823350981253 -0.0057889975979752845 -0.012026086122861279 0.026016741230543951 0.012643366928096471
leaf_weight=1170.8563998490572 186.0066559612751 2153.7221987247467 8450.1518525034189 150.59785358607769 4116.5611222237349 6557.3238373547792 380.75789435207844 914.07294803857803 885.70451882481575 904.48830090463161 9784.9139287471771 930.57627639174461 1634.4625791758299 996.00366078317165
leaf_count=4778 760 8730 35586 607 16936 26885 1561 3721 3618 3675 39753 3794 6876 4120
internal_value=-9.85571e-05 -0.00889374 0.000717112 -0.000776207 0.00266967 0.00537817 0.00920788 -0.00306927 0.00227739 -0.0056243 -0.00652391 0.00493608 0.0210115 0.00663621
internal_weight=39216.2 3324.58 35891.6 26510.9 16575.4 12458.8 8572.54 3886.28 2972.2 2086.5 9935.51 9380.73 2015.22 1182.01
internal_count=161400 13508 147892 108512 68152 51216 35322 15894 12173 8555 40360 39380 8437 4880
cat_boundaries=0 1 2
cat_threshold=2174 2096
is_linear=0
shrinkage=0.05


Tree=31
num_leaves=15
num_cat=0
split_feature=16 35 3 3 37 34 34 34 1 6 30 22 34 39
split_gain=95.4976 108.502 142.553 85.9803 113.537 85.3215 76.3125 164.789 66.9957 63.6722 61.5176 65.8647 68.9309 59.9606
threshold=1.0650941133499148 1.1521393060684206 0.10701036453247072 -0.09568536281585692 0.011375788599252703 0.080897495150566115 0.31123723089694982 0.20542152971029284 0.11755681037902833 -0.014872027561068533 0.57294833660125744 0.1033499985933304 0.13751322031021121 -0.52855142951011647
decision_type=2 2 2 2 2 2 2 2 2 2 2 10 2 2
left_child=1 10 9 8 6 -6 7 -5 -2 -3 11 12 -1 -7
right_child=3 2 -4 4 5 13 -8 -9 -10 -11 -12 -13 -14 -15
leaf_value=-0.068428267512170571 0.012235767605617637 -0.0055505906156091168 0.0024325206850044565 -0.0089814224897029459 -0.030331744240177795 0.056485830449560161 -0.024883320825105682 0.014035769551263389 -0.031163082997817532 -0.016333568991657051 -0.0029564598483137875 0.0036770931927150464 -0.0052211810679014814 0.0062155366580869762
leaf_weight=58.275791957974434 2936.3175809085369 2677.6132091581821 3015.8073346912861 2813.5501017421484 154.54455037415028 55.042240396142006 423.17896404862404 1068.9206160753965 86.974177062511444 2816.9691332280636 7135.163447484374 9930.3995155841112 139.08690643310547 5859.3216474503279
leaf_count=235 12118 10919 12447 11467 638 240 1746 4506 361 11479 29396 40905 572 24263
internal_value=9.99675e-05 -0.00167983 -0.00629857 0.00352346 0.00135857 0.00576271 -0.00484748 -0.00263315 0.0109362 -0.0110896 0.000598024 0.00310293 -0.0251388 0.00673154
internal_weight=39171.2 25773.3 8510.39 13397.8 10374.6 6068.91 4305.65 3882.47 3023.29 5494.58 17262.9 10127.8 197.363 5914.36
internal_count=161292 105953 34845 55339 42860 25141 17719 15973 12479 22398 71108 41712 807 24503
is_linear=0
shrinkage=0.05


Tree=32
num_leaves=15
num_cat=2
split_feature=36 27 34 27 41 34 17 21 34 41 27 39 39 7
split_gain=100.958 76.7726 104.256 82.806 129.338 105.433 79.1955 69.9589 73.1404 112.219 94.6352 113.371 96.1126 96.0202
threshold=-9.0316948586632848e-08 2.5000000000000004 0.12047247588634492 3.5000000000000004 0 0.12047247588634492 0.017810088582336906 0.52028703689575206 0.19559056311845782 1 6.5000000000000009 -0.15540251880884168 -0.35772176086902613 -0.074977681040763841
decision_type=2 2 2 2 1 2 2 2 2 1 2 2 2 2
left_child=7 2 -2 4 -3 -5 -7 -1 9 -9 11 -10 13 -12
right_child=1 3 -4 5 -6 6 -8 8 10 -11 12 -13 -14 -15
leaf_value=-0.0064300241991640293 -0.026015754905000632 -0.012385564010776853 -0.0046280484426049978 0.0042507196005916615 0.018852579872665323 -0.012407245854462848 -0.0024412855491194154 -0.0042520344525412267 0.0096540379695172103 0.0052662020865883339 0.011697694708773836 -0.014019141379798584 0.020961144046485147 -0.032459758957823805
leaf_weight=1946.6109111011028 737.77738039195538 458.78574128448963 2464.037780418992 4337.3254455924034 1113.1759106218815 2688.2586314678192 7693.0967805534601 5005.575636267662 1447.674979776144 8069.6170523315668 372.29279689490795 770.83424092829227 1906.0489948987961 177.74862915277481
leaf_count=8062 3014 1899 9999 17856 4645 10934 31802 20329 6069 33200 1552 3198 8099 741
internal_value=3.17544e-05 -0.00251884 -0.00959074 -0.00112608 0.00976303 -0.0022923 -0.00502719 0.00255619 0.00354352 0.0016225 0.00890822 0.00141337 0.0156594 -0.00272686
internal_weight=39188.9 19492.5 3201.82 16290.6 1571.96 14718.7 10381.4 19696.4 17749.8 13075.2 4674.6 2218.51 2456.09 550.041
internal_count=161399 80149 13013 67136 6544 60592 42736 81250 73188 53529 19659 9267 10392 2293
cat_boundaries=0 1 2
cat_threshold=1153 529
is_linear=0
shrinkage=0.05


Tree=33
num_leaves=15
num_cat=5
split_feature=36 40 40 3 34 13 40 24 16 40 7 35 7 40
split_gain=93.7689 161.036 138.998 104.284 78.5876 66.8824 66.696 71.6225 55.7861 69.8267 54.9918 64.3413 54.3114 176.998
threshold=0.0063635357655584821 0 1 0.097124338150024428 0.092565901577472701 0.077118087559938445 2 -38.184259414672844 1.0475198030471804 3 -0.079065013676881776 1.4178300499916079 0.01242473302409053 4
decision_type=2 9 9 2 2 2 9 2 2 9 2 2 2 9
left_child=2 5 10 4 -4 -2 7 -5 -3 -10 -1 -12 -6 -14
right_child=1 8 3 6 12 -7 -8 -9 9 -11 11 -13 13 -15
leaf_value=0.023225321511765012 0.0040729142679621381 -0.010389333243502122 -0.016242197134694426 -0.041279473603580814 0.00038005957455290132 -0.029114440415174789 -1.6692735919193167e-05 0.013174603124321949 0.0042655027474688681 -0.0096250160538639863 0.0085056255624388517 -0.0079081904241224098 0.012551084284528856 -0.016247944122564105
leaf_weight=551.03813524544239 6204.2663725167513 5345.3913547694683 987.16973172128201 57.168461441993713 8473.554565012455 150.63657818734646 2382.9299555569887 2365.5216827839613 1894.8434380888939 1706.2417579144239 5770.7575012743473 661.64011512696743 740.73757879436016 1820.207642108202
leaf_count=2317 25706 21853 4034 236 34668 620 9818 9812 7809 6986 24093 2725 3036 7423
internal_value=0.000227736 -0.00282555 0.00219025 -0.0002732 -0.00276225 0.00325806 0.00594817 0.0117568 -0.00714252 -0.0023337 0.00811162 0.00681168 -0.00154904 -0.00792224
internal_weight=39112.1 15301.4 23810.7 16827.3 12021.7 6354.9 4805.62 2422.69 8946.48 3601.09 6983.44 6432.4 11034.5 2560.95
internal_count=161136 62974 98162 69027 49161 26326 19866 10048 36648 14795 29135 26818 45127 10459
cat_boundaries=0 2 4 6 8 10
cat_threshold=1619136686 19874 2330107930 616 1946948196 34066 156592384 36872 68180768 37120
is_linear=0
shrinkage=0.05


Tree=34
num_leaves=15
num_cat=7
split_feature=27 40 27 40 39 3 40 35 40 35 40 27 40 40
split_gain=93.3918 100.799 97.8842 185.976 138.192 120.438 202.747 133.015 171.496 165.816 121.205 103.776 110.122 97.6245
threshold=2.5000000000000004 0 3.5000000000000004 1 -0.44803203642368311 0.095450401306152358 2 1.1296925544738772 3 1.6635067462921145 4 7.5000000000000009 5 6
decision_type=2 9 2 9 2 2 9 2 9 2 9 2 9 9
left_child=1 -1 3 -2 -5 7 -7 10 11 -10 -4 13 -13 -9
right_child=2 -3 5 4 -6 6 -8 8 9 -11 -12 12 -14 -15
leaf_value=0.0014383809212369686 0.023515582555920303 -0.01116143306372246 0.0069524530160065649 0.059355024462931817 -0.0042356854491004525 0.010748977773268649 -0.0029838062912907141 0.019434707197860349 -0.017489793392137357 0.0067879568820923171 -0.003145685441542262 -0.0083566513670096983 0.029086860340754125 -0.018823905480104281
leaf_weight=2881.6422441154718 1333.4186636209488 3518.4040152430534 4850.1850860416889 84.908096686005592 1711.7027864605188 5808.005584821105 4984.726024851203 223.79514928162098 3812.7043363004923 858.97097674012184 7619.785180747509 283.93613423407078 602.84577442705631 547.8245495557785
leaf_count=11756 5612 14282 20081 372 7090 24241 20682 921 15550 3486 31275 1171 2478 2226
internal_value=1.52634e-05 -0.00550603 0.00109597 0.00949718 -0.0010653 0.000205747 0.00441464 -0.00221076 -0.00811069 -0.0129946 0.000785841 0.00568569 0.0173451 -0.00765966
internal_weight=39122.9 6400.05 32722.8 3130.03 1796.61 29592.8 10792.7 18800 6330.08 4671.68 12470 1658.4 886.782 771.62
internal_count=161223 26038 135185 13074 7462 122111 44923 77188 25832 19036 51356 6796 3649 3147
cat_boundaries=0 2 4 6 8 10 12 14
cat_threshold=4270113079 7268 2655134321 10615 2028814694 51096 679649522 37092 2574981151 93456 134348864 4128 134348880 4192
is_linear=0
shrinkage=0.05


Tree=35
num_leaves=15
num_cat=5
split_feature=33 17 27 40 40 5 24 27 40 40 23 27 40 23
split_gain=95.8405 83.5437 76.3824 91.0696 65.5578 71.7893 69.2228 65.766 85.1044 72.0717 59.429 184.428 86.5492 69.2211
threshold=0.0084944260306656378 0.054007085040211684 1.5000000000000002 0 1 -0.02650070562958717 -36.707798004150384 8.5000000000000018 2 3 -0.20334760844707486 9.5000000000000018 4 -0.20334760844707486
decision_type=2 2 2 9 9 2 2 2 9 9 10 2 9 8
left_child=2 -2 3 -1 -4 -6 7 9 -9 -7 11 13 -13 -8
right_child=1 -3 4 -5 5 6 10 8 -10 -11 -12 12 -14 -15
leaf_value=-0.021110509700208654 0.0055210283635325451 -0.022233966608066456 0.0020872036624979382 -0.0021961573217931588 0.0044443143293515933 0.0045192748745224503 -0.01125213958077966 -0.0075935145876435588 -0.033089020939172931 -0.012836914967206046 -0.00048927331866290577 0.042856267195409907 -0.0079367149146687393 -0.04676113176971812
leaf_weight=1007.7667859941721 8401.4560390114784 275.24622863531113 12781.995993971825 1714.247420668602 2789.3342075645924 1076.9920779615641 249.09731541574001 782.93892833590508 580.45116671919823 1317.0858335196972 7564.3424434959888 141.75270392000675 176.20882429182529 313.50863601267338
leaf_count=4106 34817 1135 53061 6975 11433 4397 1022 3205 2363 5336 31043 591 726 1282
internal_value=-7.19255e-06 0.0046277 -0.00132663 -0.00931195 -0.000542295 -0.00278403 -0.00444019 -0.0100817 -0.0188302 -0.00506856 -0.00192501 -0.0141804 0.0160863 -0.0312857
internal_weight=39172.4 8676.7 30495.7 2722.01 27773.7 14991.7 12202.4 3757.47 1363.39 2394.08 8444.91 880.567 317.962 562.606
internal_count=161492 35952 125540 11081 114459 61398 49965 15301 5568 9733 34664 3621 1317 2304
cat_boundaries=0 2 4 6 8 10
cat_threshold=3764005392 74035 988952698 2218 2147516677 91921 67977220 12309 1074626564 33040
is_linear=0
shrinkage=0.05


Tree=36
num_leaves=15
num_cat=6
split_feature=16 40 40 27 39 40 35 27 24 40 17 40 40 12
split_gain=90.9157 108.308 86.8014 75.7005 87.3083 85.8326 79.8267 75.3778 73.168 84.177 71.4684 68.2907 63.3 61.3055
threshold=0.87135449051857006 0 1 5.5000000000000009 -0.42756196856498713 2 1.9064624905586245 1.5000000000000002 -37.374353408813469 3 0.041399644687771804 4 5 0.17796890437603
decision_type=2 9 9 2 2 9 2 2 2 9 2 9 9 2
left_child=2 7 10 5 11 -4 8 -2 12 -10 -1 -5 -6 -3
right_child=1 13 3 4 6 -7 -8 -9 9 -11 -12 -13 -14 -15
leaf_value=0.0028482267420825739 -0.0085081001633118963 -0.0033514450650943359 -0.022196194203122278 0.017473589281051079 -0.00095999620572083865 -0.0051151560060613797 0.042432835467689417 0.0064884976854888967 0.0090052468714120447 -0.0059444593744973498 -0.031292518310720906 -0.041224386177666064 -0.029858543790663297 0.0035489199402050416
leaf_weight=4754.3890532106161 905.4933916926384 10163.12209135294 1359.1647923886776 57.412309199571609 368.96830902993679 1637.2995101064444 97.247407838702202 10567.523340135813 1659.9145937561989 2135.7355716377497 153.38724792003632 221.01589572429657 391.35991610586643 4704.4976013600826
leaf_count=19612 3685 41570 5533 235 1503 6710 396 44036 6838 8842 635 906 1598 19439
internal_value=-3.0731e-05 0.00165052 -0.00348052 -0.00670927 -0.00290268 -0.0129797 -0.00125911 0.00529667 -0.00223831 0.000603333 0.00174586 -0.0298464 -0.0163419 -0.00116641
internal_weight=39176.5 26340.6 12835.9 7928.12 4931.65 2996.46 4653.23 11473 4555.98 3795.65 4907.78 278.428 760.328 14867.6
internal_count=161538 108730 52808 32561 20318 12243 19177 47721 18781 15680 20247 1141 3101 61009
cat_boundaries=0 2 4 6 8 10 12
cat_threshold=2061707307 35424 2843771134 78349 1144613376 49408 371279872 36242 526337 32768 1076953088 2496
is_linear=0
shrinkage=0.05


Tree=37
num_leaves=15
num_cat=5
split_feature=40 17 34 27 38 16 27 27 40 40 40 40 27 34
split_gain=80.5611 93.4648 98.215 81.4137 78.8063 74.1636 74.076 90.414 119.451 72.3137 66.5785 64.4484 59.8115 80.7445
threshold=0 0.038993444293737418 0.19970698654651645 2.5000000000000004 1.0000000180025095e-35 0.91100710630416881 6.5000000000000009 7.5000000000000009 1 2 3 4 2.5000000000000004 0.11738225072622301
decision_type=9 2 2 2 2 2 2 2 9 9 9 9 2 2
left_child=1 2 4 9 -1 -4 10 8 -8 -3 -6 -5 13 -2
right_child=12 3 5 11 6 -7 7 -9 -10 -11 -12 -13 -14 -15
leaf_value=0.0048798449695118011 -0.021944099719038317 -0.054595184407520973 0.00090820505591401163 -0.018042692702440948 -0.007238826983755795 0.016982635937414996 0.02456688248444024 -0.0056607195200143604 -0.046469883070249768 0.002128322448342566 0.0096459646644421609 0.0055178466766074167 -0.00085987503664950501 -0.0039463853758707782
leaf_weight=7273.2343938946724 788.65029630064964 151.4309456050396 1087.6784964799881 474.58949835598469 991.22235924005508 2110.9646380245686 66.956490963697433 1816.0790191739798 282.37302765250206 91.828217282891273 1378.5693138092756 702.00783930718899 18991.373494505882 2922.1598838120699
leaf_count=30291 3252 627 4633 1988 4008 9021 273 7453 1146 376 5648 2955 77905 11803
internal_value=-6.51666e-05 0.00260048 0.00376317 -0.00963686 0.0016554 0.0115281 -0.0035143 -0.0101889 -0.0333037 -0.0356642 0.00259115 -0.00412338 -0.00199462 -0.00779713
internal_weight=39129.1 16426.9 15007.1 1419.86 11808.4 3198.64 4535.2 2165.41 349.33 243.259 2369.79 1176.6 22702.2 3710.81
internal_count=161379 68419 62473 5946 48819 13654 18528 8872 1419 1003 9656 4943 92960 15055
cat_boundaries=0 2 4 6 8 10
cat_threshold=2061635694 2664 8388674 512 408948772 32 1654652932 520 950009952 576
is_linear=0
shrinkage=0.05


Tree=38
num_leaves=15
num_cat=6
split_feature=36 40 40 24 40 6 34 40 27 40 24 27 27 40
split_gain=92.5401 112.397 102.165 89.1712 87.4392 68.5267 65.7419 99.7624 102.888 75.5501 68.1746 54.6141 91.4249 78.4481
threshold=2.1503401725908592e-08 0 1 -35.007484436035149 2 -0.053611917421221726 0.19559056311845782 3 10.500000000000002 4 -36.599462509155266 4.5000000000000009 6.5000000000000009 5
decision_type=2 9 9 2 9 2 2 9 2 9 2 2 2 9
left_child=1 -1 -2 5 -5 -4 9 -8 10 11 -9 -3 13 -13
right_child=2 6 3 4 -6 -7 7 8 -10 -11 -12 12 -14 -15
leaf_value=0.011849075721489752 0.0011676273546033478 -0.0037215988827077936 0.0072815873907203805 -0.029412727727641388 0.0055086153380538771 -0.010570347984121778 0.012765670428430916 0.01170992394594257 0.022902196863724411 -0.0045540012287538399 -0.011212485778884652 -0.00067646511346213336 0.0019336072432601392 0.027834669261360464
leaf_weight=2730.2586182653904 9588.5700345933437 1990.9024189412594 584.0033505409956 181.55176910758018 2035.148743674159 6283.8784962296486 2526.561250731349 408.93598459661007 353.6328133046627 6710.0173325687647 1499.5846488028765 363.41247564554214 3117.8604571074247 735.24013747274876
leaf_count=11481 39725 8118 2394 746 8393 25629 10667 1724 1480 27337 6284 1489 12855 3032
internal_value=0.000110558 0.00243527 -0.00243338 -0.00622769 0.00247889 -0.00904741 0.000973224 0.00597454 -0.00166853 -0.000881304 -0.00628056 0.00309078 0.00631648 0.018685
internal_weight=39109.6 20436.4 18673.2 9084.58 2216.7 6867.88 17706.1 4788.71 2262.15 12917.4 1908.52 6207.42 4216.51 1098.65
internal_count=161354 84467 76887 37162 9139 28023 72986 20155 9488 52831 8008 25494 17376 4521
cat_boundaries=0 2 4 5 7 9 11
cat_threshold=2315288578 576 1958877630 27818 2150629376 1638752460 100646 83577681 36908 8929280 32808
is_linear=0
shrinkage=0.05


Tree=39
num_leaves=15
num_cat=6
split_feature=16 40 27 4 40 40 40 15 27 4 40 35 4 40
split_gain=94.2464 108.966 81.2562 245.714 211.578 165.368 158.357 133.27 124.742 78.4586 118.361 78.1195 77.7848 75.9208
threshold=0.87135449051857006 0 5.5000000000000009 -0.0033001899719238277 1 2 3 0.02655475772917271 3.5000000000000004 0.33195137977600103 4 0.72545972466468822 -0.98694729804992665 5
decision_type=2 9 2 2 9 9 9 2 2 2 9 2 2 9
left_child=2 -2 5 4 -4 8 -5 13 -1 -8 -11 -9 -3 -7
right_child=1 12 3 6 -6 7 9 11 -10 10 -12 -13 -14 -15
leaf_value=-0.0080814902218733428 0.0050286224187410019 0.038818043181856103 0.0028797897004455664 -0.0061510403837549106 -0.028625397211536008 0.018973803530536074 0.0054109010899247925 0.031515832709299828 -0.031267549462399284 0.037103955710836911 0.0076315813381219516 -0.026848992048650818 -0.0017823925926888085 -0.0011970005676286153
leaf_weight=1346.4676795601845 12579.334391057491 114.00957813858986 953.09083963930607 2042.392967954278 1197.0488374531269 740.18504023551941 2271.3068196028471 60.026565000414848 1021.7926475703716 594.66528455913067 821.63938066363335 522.49425832927227 13474.059721514583 1222.111685603857
leaf_count=5497 52427 484 3904 8504 4874 3048 9357 251 4141 2469 3423 2166 55227 5004
internal_value=-4.0947e-05 0.00167837 -0.00355732 -0.000408977 -0.014803 -0.00860043 0.00499958 0.000285015 -0.018056 0.0111631 0.0204114 -0.0206092 -0.00142617 0.0065282
internal_weight=38960.6 26167.4 12793.2 7880.14 2150.14 4913.08 5730 2544.82 2368.26 3687.61 1416.3 582.521 13588.1 1962.3
internal_count=160776 108138 52638 32531 8778 20107 23753 10469 9638 15249 5892 2417 55711 8052
cat_boundaries=0 2 4 6 8 10 12
cat_threshold=2062757931 35432 2273680115 98376 1706682881 53706 373756713 8292 26796048 5000 406978724 75776
is_linear=0
shrinkage=0.05


Tree=40
num_leaves=15
num_cat=5
split_feature=36 40 40 3 4 40 24 6 24 6 40 40 15 24
split_gain=91.2989 166.701 101.227 83.2918 74.9927 80.9131 64.2161 59.8299 57.9155 77.7054 68.9866 63.578 56.1394 64.9542
threshold=0.015320798847824337 0 1 0.097124338150024428 -0.30758619308471674 2 -38.236835479736321 -0.060081910341978066 -36.694536209106438 -0.1399528086185455 3 4 0.034122681245207793 -37.374353408813469
decision_type=2 9 9 2 2 9 2 2 2 2 9 9 2 2
left_child=2 -2 7 8 -5 6 -6 -1 9 -4 -11 -10 13 -9
right_child=1 -3 3 4 5 -7 -8 12 11 10 -12 -13 -14 -15
leaf_value=0.016270625881321152 0.0026247940627881442 -0.0087240837583559255 0.023026177899562336 0.030163819824287216 -0.042448468356389865 -0.0031948936903362195 0.010780646983005846 -0.0022768678298854292 0.0038272460596831476 -0.00087767088150497241 -0.015098026770626761 -0.0046491505677510479 -0.016836163580294179 0.0085026024824344775
leaf_weight=1256.0353758782148 6038.3781554102898 6946.0389908254147 188.7680442482233 272.2323581725359 53.09882840514183 2387.6097516715527 2515.1811636090279 1967.2746912389994 4383.8202352374792 1421.6355092972517 2155.2698708772659 4435.306048810482 292.26104483008385 4799.5634944587946
leaf_count=5268 25071 28452 775 1144 219 9847 10463 8133 17969 5781 8736 18247 1229 20109
internal_value=-2.54995e-05 -0.00345164 0.00167728 -0.000450498 0.0048507 0.00343021 0.0095607 0.00622664 -0.00265459 -0.00784103 -0.00950128 -0.000436278 0.00443736 0.00536866
internal_weight=39112.5 12984.4 26128.1 17812.9 5228.12 4955.89 2568.28 8315.13 12584.8 3765.67 3576.91 8819.13 7059.1 6766.84
internal_count=161443 53523 107920 73181 21673 20529 10682 34739 51508 15292 14517 36216 29471 28242
cat_boundaries=0 2 4 6 8 10
cat_threshold=1619136942 23970 2330173466 588 1946947684 34194 605555233 47249 353389509 4099
is_linear=0
shrinkage=0.05


Tree=41
num_leaves=15
num_cat=3
split_feature=36 40 40 27 4 23 4 40 27 34 34 34 15 12
split_gain=84.1706 120.867 89.6971 66.2914 139.143 100.57 125.407 130.155 111.189 102.19 94.6942 67.7216 71.6204 61.4359
threshold=0.025666534900665287 0 1 5.5000000000000009 0.2245292663574219 inf 0.34359359741210943 2 3.5000000000000004 0.19559056311845782 0.18502978235483172 0.23152301460504535 0.035944303497672088 0.11801885440945627
decision_type=2 9 9 2 2 8 2 9 2 2 2 2 2 2
left_child=2 -2 3 5 -5 6 7 -1 -8 -9 -10 12 -6 -4
right_child=1 -3 13 4 11 -7 8 9 10 -11 -12 -13 -14 -15
leaf_value=0.016480021669755106 0.0016412137115487876 -0.0090644272462370463 -0.0041823732452760092 0.0018838425470775824 0.014149887931905594 -0.035181269805939164 -0.00047882678391848168 -0.0087729225607428279 -0.011516014658231212 0.021690336531495651 -0.056825747800791727 0.034604791193362697 -0.043988020905847136 0.001930307814456355
leaf_weight=1671.6219052225351 5074.1375980973244 5468.4054282009602 8133.6439679861069 4235.6896993070841 2425.7375196218491 188.8203012496233 817.97012987732887 1432.1666187793016 276.06275326013565 335.54463110864162 197.65701986849308 419.59898769855499 49.370642021298409 8299.6525772362947
leaf_count=6973 21107 22357 33221 17607 10213 778 3379 5836 1137 1417 815 1852 205 34223
internal_value=-0.000104192 -0.00392002 0.00130841 0.00458202 0.0076646 0.000119431 0.00156503 0.00655394 -0.0116889 -0.00292623 -0.0308278 0.0161038 0.0129019 -0.00109454
internal_weight=39026.1 10542.5 28483.5 12050.2 7130.4 4919.84 4731.02 3439.33 1291.69 1767.71 473.72 2894.71 2475.11 16433.3
internal_count=161120 43464 117656 50212 29877 20335 19557 14226 5331 7253 1952 12270 10418 67444
cat_boundaries=0 2 4 6
cat_threshold=1623609646 23968 2867569246 584 2321776658 512
is_linear=0
shrinkage=0.05


Tree=42
num_leaves=15
num_cat=6
split_feature=24 40 40 34 31 40 35 24 40 40 13 40 35 39
split_gain=89.2036 173.525 100.114 93.7809 83.3437 73.2289 69.7323 67.4515 88.4483 87.8046 56.5323 89.3381 62.0934 66.5668
threshold=-36.707798004150384 0 1 0.20280914008617404 0.91458967328071605 2 1.4034574627876284 -37.300804138183587 3 4 0.054599851369857795 5 0.83491772413253795 -0.26069961488246912
decision_type=2 9 9 2 2 9 2 2 9 9 2 9 2 2
left_child=1 3 6 7 -3 -6 10 8 -1 -9 -2 12 -12 -14
right_child=2 4 -4 -5 5 -7 -8 9 -10 -11 11 -13 13 -15
leaf_value=-0.015579741081417339 0.0055260973325995588 -0.013415809108508193 -0.0012104051884249201 0.014266520357784675 -0.01847121544400615 0.019704997436501143 0.022267625809541447 -0.0042529150729984843 -0.00033112390464379803 0.015224192009890173 0.027242146451300797 -0.016881105920193758 0.015863695895105844 -0.024137687330241995
leaf_weight=1321.3720587790012 9462.0748951733112 4282.7542835772038 14792.751376152039 1126.8256359398365 174.19380334019661 366.32178580760956 552.9549046754837 1122.5883348435163 3313.861996665597 1170.9958321452141 256.56446240842342 746.05916167795658 205.44927299022675 200.71307247877121
leaf_count=5373 39492 17395 60919 4805 708 1491 2300 4609 13630 4820 1076 3130 858 837
internal_value=-0.000168641 -0.00357554 0.00150518 0.000920915 -0.0110586 0.00735874 0.00501769 -0.00125614 -0.00472554 0.00574822 0.00413458 -0.00519448 0.00811336 -0.00394475
internal_weight=39095.5 12878.9 26216.6 8055.64 4823.27 540.516 11423.8 6928.82 4635.23 2293.58 10870.9 1408.79 662.727 406.162
internal_count=161443 52831 108612 33237 19594 2199 47693 28432 19003 9429 45393 5901 2771 1695
cat_boundaries=0 2 4 6 8 10 12
cat_threshold=2868625462 11928 1378294510 1010 67119168 65538 37781506 9360 2151350292 640 1107565258 66
is_linear=0
shrinkage=0.05


Tree=43
num_leaves=15
num_cat=7
split_feature=24 40 40 6 40 24 40 40 15 15 40 31 7 40
split_gain=72.5032 136.362 114.268 100.145 96.254 74.0383 110.234 89.3077 81.3143 73.8972 65.1533 61.8252 59.8082 56.5132
threshold=-35.322488784790032 0 1 -0.066003881394863115 2 -37.300804138183587 3 4 0.039833407849073417 0.018454674631357196 5 0.87627550959587108 0.093727365136146559 6
decision_type=2 9 9 2 9 2 9 9 2 2 9 2 2 9
left_child=2 -2 5 4 -4 6 -1 8 11 13 -5 -7 -11 -9
right_child=1 -3 3 10 -6 7 -8 9 -10 12 -12 -13 -14 -15
leaf_value=0.0033873162148748762 0.011438958567276981 0 0.022332771772123877 -0.0028788091556760202 -0.0023572228809472587 -0.0014216076539666045 -0.011749698542136491 0.042142190773339805 -0.044833651069194617 -7.1752221149188223e-05 -0.01062740360313208 0.026034737244802209 0.022217645638177255 0.01369382085427371
leaf_weight=2822.1331360787153 3486.9284809082747 10188.272096425295 588.8710076212883 5508.4058601856232 1137.1491542011499 3283.5457733571529 2075.4973280876875 189.38001400232315 97.769514620304108 1871.1523557007313 5394.0092979371548 213.66060529649258 353.533142760396 1772.8622343689203
leaf_count=11704 14683 42337 2413 22533 4647 13637 8437 789 412 7772 21974 883 1484 7308
internal_value=-4.16652e-06 0.00292849 -0.00158929 -0.00495271 0.00621902 0.00176333 -0.00304886 0.00479485 -0.000994406 0.0097412 -0.00672841 0.000289175 0.00350998 0.0168259
internal_weight=38983.2 13675.2 25308 12628.4 1726.02 12679.5 4897.63 7781.9 3594.98 4186.93 10902.4 3497.21 2224.69 1962.24
internal_count=161013 57020 103993 51567 7060 52426 20141 32285 14932 17353 44507 14520 9256 8097
cat_boundaries=0 2 4 6 8 10 12 14
cat_threshold=404955214 51974 4208165177 9944 17045568 71719 680722488 520 1746075657 8 69225094 33026 268435488 16
is_linear=0
shrinkage=0.05


Tree=44
num_leaves=15
num_cat=0
split_feature=36 35 34 15 35 17 23 6 13 27 4 15 15 27
split_gain=79.0797 55.3456 74.1743 66.2177 83.7951 62.266 51.8645 50.7217 43.704 43.3972 38.6555 101.433 42.6684 93.0195
threshold=0.015320798847824337 1.1521393060684206 0.19559056311845782 0.018267936073243621 1.8799517154693606 0.018834288232028488 -0.0029619159176945682 -0.1399528086185455 0.057957315817475326 1.5000000000000002 -0.41751456260681147 0.047009659931063659 0.029282621107995514 6.5000000000000009
decision_type=2 2 2 2 2 2 10 2 2 2 2 2 2 2
left_child=1 6 3 9 5 -5 -1 8 -4 -3 11 -9 -12 -14
right_child=-2 2 7 4 -6 -7 -8 10 -10 -11 12 -13 13 -15
leaf_value=0.00024885049708420724 -0.0033450743751519832 -0.02002076325270816 0.050396239525127742 -0.01964595633889089 0.012635699089407336 -0.0060715131044527344 0.0056875030536900411 0.037537591818694253 0.012275764298545551 0.0053281079859521883 0.0068212020725207604 -0.023066835236873515 -0.030834897272083425 0.0059789363030732312
leaf_weight=8566.0275214612484 12994.116130545735 181.46956838667393 96.351099640130997 1246.3908055871725 432.59626884758472 2628.7060376554728 8978.2194167226553 210.76295055449009 314.44442109763622 1783.6504745185375 799.4847881346941 97.39707338809967 299.17009036242962 390.24721463024616
leaf_count=35521 53564 745 404 5057 1760 10706 37246 898 1321 7303 3358 411 1242 1664
internal_value=-0.000160135 0.00143023 -0.00188507 -0.00465913 -0.00812625 -0.0104586 0.00303318 0.00598685 0.0217274 0.00293985 0.0023356 0.0183045 -0.00101636 -0.0100961
internal_weight=39019 26024.9 8480.67 6272.81 4307.69 3875.1 17544.2 2207.86 410.796 1965.12 1797.06 308.16 1488.9 689.417
internal_count=161200 107636 34869 25571 17523 15763 72767 9298 1725 8048 7573 1309 6264 2906
is_linear=0
shrinkage=0.05


Tree=45
num_leaves=15
num_cat=4
split_feature=27 34 40 34 40 40 7 34 38 27 34 4 40 27
split_gain=69.3803 142.832 150.839 127.651 175.798 103.297 109.875 96.942 159.793 168.699 314.031 171.763 199.105 163.521
threshold=2.5000000000000004 0.099091887474060072 0 0.27928131818771368 1 2 0.0049696401692926892 0.23841034621000293 1.0000000180025095e-35 9.5000000000000018 0.13253415375947955 0.41423368453979498 3 8.5000000000000018
decision_type=2 2 9 2 9 9 2 2 2 2 2 2 9 2
left_child=1 2 -1 5 -5 -3 -7 8 13 10 -10 12 -11 -2
right_child=7 3 -4 4 -6 6 -8 -9 9 11 -12 -13 -14 -15
leaf_value=0.0044526832723751041 0.0070079258412501459 0.01036088043217586 -0.043090580307122782 0.015497610529267883 -0.039350657370247982 0.0047186613601356182 -0.013498258682257434 0.0070556570683942754 -0.051322271636459832 0.010383913966932475 -0.006641243552671228 0.021302385934165058 -0.013636826889016044 -0.003755041218911054
leaf_weight=265.35840512812138 9687.2344732582569 1738.9623685479164 442.90854975581169 205.17512676119804 457.15570403635502 1605.042802080512 1699.2899515330791 5309.2707435488701 410.80173133313656 1640.0150119364262 7330.9552275389433 1005.2358850836754 1787.6537757962942 5544.9832444041967
leaf_count=1085 40026 7142 1879 831 1892 6486 6837 22794 1656 6722 29872 4243 7320 22886
internal_value=-5.70921e-05 -0.00481014 -0.0259064 -0.00217009 -0.022721 0.000547689 -0.0046403 0.000875166 -0.000323007 -0.0045926 -0.0090444 0.00318247 -0.00215341 0.00308961
internal_weight=39130 6413.89 708.267 5705.63 662.331 5043.3 3304.33 32716.2 27406.9 12174.7 7741.76 4432.9 3427.67 15232.2
internal_count=161671 26152 2964 23188 2723 20465 13323 135519 112725 49813 31528 18285 14042 62912
cat_boundaries=0 2 4 6 8
cat_threshold=2407649681 34368 1662255744 5222 403099710 14432 42707616 109977
is_linear=0
shrinkage=0.05


Tree=46
num_leaves=15
num_cat=5
split_feature=35 36 40 40 3 40 40 7 34 12 4 4 40 4
split_gain=69.4697 67.0327 122.827 99.1075 49.0522 83.9094 59.6418 85.1019 84.0595 50.6496 46.1482 87.732 70.2775 72.2047
threshold=2.2799628973007207 0.015320798847824337 0 1 0.09215641021728517 2 3 0.0055842227302491674 0.18269273638725284 0.47619782388210302 0.55894744396209728 0.21834731101989749 4 0.41423368453979498
decision_type=2 2 9 9 2 9 9 2 2 2 2 2 9 2
left_child=1 3 -3 10 6 -6 -5 8 -8 -10 11 -1 -13 -14
right_child=-2 2 -4 4 5 -7 7 -9 9 -11 -12 12 13 -15
leaf_value=0.0029161675864049761 0.033464078142532112 0.0024428741585684893 -0.0073216827049721938 0.0015635154092806217 0.0092951534806704188 -0.0037732815675452069 -0.0070820726264829263 -0.014923971067527454 0.0086843334194629026 -0.034599537962717621 -0.0048670921094970468 0.021181598360187487 0.011972019921124987 -0.01255628010815558
leaf_weight=5387.8356682807207 151.64105346798897 5948.7799807339907 6995.005494043231 4953.0081508904696 2696.6495103538036 2235.3169042319059 3064.5012660324574 1808.0041061341763 1594.4346567839384 65.666247457265854 937.27607998251915 1505.0958932191133 1255.1220890581608 389.16013358533382
leaf_count=22449 625 24733 28630 20335 11235 9218 12407 7368 6650 269 3953 6339 5324 1654
internal_value=0.000233172 9.89965e-05 -0.0028382 0.0015678 -0.000783138 0.00338449 -0.00257454 -0.00570524 -0.00217638 0.00687046 0.00563522 0.00679759 0.0134211 0.00610627
internal_weight=38987.5 38835.9 12943.8 25892.1 16417.6 4931.97 11485.6 6532.61 4724.6 1660.1 9474.49 8537.21 3149.38 1644.28
internal_count=161189 160564 53363 107201 67482 20453 47029 26694 19326 6919 39719 35766 13317 6978
cat_boundaries=0 2 4 6 8 10
cat_threshold=1619399086 7586 2397282850 620 1879855172 34194 17844637 69633 241173024 72
is_linear=0
shrinkage=0.05


Tree=47
num_leaves=15
num_cat=5
split_feature=36 40 40 27 4 27 38 40 40 4 13 40 7 27
split_gain=71.7724 106.277 105.638 60.9181 63.5543 124.625 184.706 162.034 85.7277 76.362 70.3963 61.0364 60.3604 62.7211
threshold=-0.017196515575051304 0 1 2.5000000000000004 0.0099346637725830095 5.5000000000000009 1.5000000000000002 2 3 -0.19506669044494626 0.035771349444985397 4 -0.034186111763119691 8.5000000000000018
decision_type=2 9 9 2 2 2 2 9 9 2 2 9 2 2
left_child=1 -1 12 -4 5 6 7 10 -7 -8 -5 -6 -2 -14
right_child=2 -3 3 4 11 8 9 -9 -10 -11 -12 -13 13 -15
leaf_value=0.0098113114714807204 0.0051588290297513734 7.447705024462122e-05 -0.0062059610181338975 -0.034748807249020928 0.0081383672992182635 0.00013801020250108796 0.052954320311293393 0.015388454531436994 -0.015696149281663435 0.0012671547233293954 0.0051517904444846642 0.00056281579538683141 -0.0058038632893525422 -0.017960110940057311
leaf_weight=3894.4994561374187 780.96446986496449 9912.2603899687529 3213.5505543798208 351.25389279425144 4215.1421292722225 1551.0404452979565 266.57836517691612 633.58259202539921 1901.6868764609098 97.583998367190361 158.28452651202679 7183.5585770606995 3249.8716544359922 1577.9399402290583
leaf_count=16407 3209 40965 13140 1426 17581 6350 1183 2587 7790 419 647 29836 13246 6461
internal_value=-6.54046e-05 0.00283104 -0.00165397 8.18885e-05 0.00131897 -0.00340276 0.00857229 -0.00134786 -0.00863673 0.0393221 -0.0219873 0.0033746 -0.0076934 -0.00979256
internal_weight=38987.8 13806.8 25181 19572.3 16358.7 4960.01 1507.28 1143.12 3452.73 364.162 509.538 11398.7 5608.78 4827.81
internal_count=161247 57372 103875 80959 67819 20402 6262 4660 14140 1602 2073 47417 22916 19707
cat_boundaries=0 2 4 6 8 10
cat_threshold=2323825170 4676 2198651392 4613 613488642 58728 1141969099 33994 1882337312 17800
is_linear=0
shrinkage=0.05


Tree=48
num_leaves=15
num_cat=2
split_feature=24 5 41 25 33 16 4 27 27 41 38 24 7 27
split_gain=71.7551 69.4745 56.2273 54.5269 57.0992 54.4159 53.4884 109.549 52.5448 81.8964 50.1762 49.9714 46.9538 46.8366
threshold=-36.707798004150384 0.0011106112506240608 0 0.015550969168543817 0.0074224956333637246 1.0650941133499148 0.15036749839782718 5.5000000000000009 1.5000000000000002 1 1.5000000000000002 -36.158815383911126 -0.12743893265724179 9.5000000000000018
decision_type=2 2 1 2 2 2 2 2 2 1 2 2 2 2
left_child=1 8 11 4 5 6 -4 10 9 -1 -8 -2 -10 -3
right_child=2 13 3 -5 -6 -7 7 -9 12 -11 -12 -13 -14 -15
leaf_value=0.017779994608821195 0.00070942502140198139 -0.0040918682199544022 -0.0049573610661352713 -0.0097761494237296413 0.0058382101697595466 0.0041557685232952507 -0.0041952225884820749 0.0072083002576768841 0.033739403774564407 -0.025198442018105161 -0.028744309879605641 0.032645489929049802 0.0016219608092627445 -0.013868074413409299
leaf_weight=141.24848793447018 220.91614632308483 4984.3247858285904 5986.8612330704927 1059.7439202666283 6406.6321309953928 6191.2821137607098 2170.392337679863 3615.351268991828 111.22171707451344 397.22384157776833 225.73762825131416 271.47663143277168 5558.9841729402542 1623.9689301550388
leaf_count=573 912 20501 24558 4428 26715 25756 8910 15164 464 1633 947 1152 22804 6682
internal_value=0.000126351 -0.00293752 0.00162861 0.00130099 0.00178088 0.000350347 -0.00161379 0.00171661 0.000859638 -0.0139921 -0.0065651 0.0181141 0.002282 -0.00650377
internal_weight=38965.4 12817 26148.4 25656 24596.3 18189.6 11998.3 6011.48 6208.68 538.472 2396.13 492.393 5670.21 6608.29
internal_count=161199 52657 108542 106478 102050 75335 49579 25021 25474 2206 9857 2064 23268 27183
cat_boundaries=0 1 2
cat_threshold=4100 1416
is_linear=0
shrinkage=0.05


Tree=49
num_leaves=15
num_cat=5
split_feature=34 34 40 27 40 22 34 40 34 22 27 27 40 40
split_gain=60.0265 103.874 105.823 141.223 90.9522 82.0634 81.7742 77.9517 70.6684 200.34 189.748 150.936 202.947 159.735
threshold=0.45017996430397039 0.23841034621000293 0 2.5000000000000004 1 0.72824999690055858 0.27928131818771368 2 0.13109838217496875 1.0000000180025095e-35 1.5000000000000002 8.5000000000000018 3 4
decision_type=2 2 9 2 9 10 2 9 2 10 2 2 9 9
left_child=1 5 -3 6 -2 8 -4 -7 9 -1 -11 13 -13 -12
right_child=4 2 3 -5 -6 7 -8 -9 -10 10 11 12 -14 -15
leaf_value=-0.049435179795934807 0.0033018609159653298 0.016329516716958124 0.0049875045338186709 0.0056303362175173163 -0.02692899352596307 0.011719236639669076 -0.038699078455630545 -0.0024029265949269945 -0.0038599492842273479 -0.018768500085385074 0.016072658296533756 0.0070330742768726839 -0.014944748668150088 0.001074352971376574
leaf_weight=187.80135874450207 487.0755899399519 1864.5599772930145 160.96088428795338 2902.3186285942793 493.55165068805218 2365.4268867373466 308.06303182244301 1654.3907948732376 16276.288739800453 1010.9357948005199 3375.2858496755362 2130.7673346102238 2045.1518892645836 3746.21298584342
leaf_count=763 1999 8084 666 12579 2025 9823 1275 6852 66521 4187 14093 8799 8418 15336
internal_value=-2.50351e-05 0.000290543 0.00682687 0.00150063 -0.0122075 -0.000753834 -0.0238016 0.00593328 -0.00168914 0.00113837 0.00193019 0.00379031 -0.00375327 0.00821396
internal_weight=39008.8 38028.2 5235.9 3371.34 980.627 32792.3 469.024 4019.82 28772.4 12496.2 12308.4 11297.4 4175.92 7121.5
internal_count=161420 157396 22604 14520 4024 134792 1941 16675 118117 51596 50833 46646 17217 29429
cat_boundaries=0 2 4 6 8 10
cat_threshold=2923700424 5183 48167554 84513 391715142 96356 2095196164 115706 3193590579 14364
is_linear=0
shrinkage=0.05


Tree=50
num_leaves=15
num_cat=6
split_feature=33 17 16 3 40 40 24 15 40 40 35 40 3 40
split_gain=58.9405 76.1727 54.1288 81.1028 141.262 83.573 81.1413 69.4108 155.411 98.1451 88.2307 61.6218 56.2355 73.9391
threshold=0.0084944260306656378 0.054007085040211684 0.92875251173973095 -0.088717460632324205 0 1 -36.175340652465813 0.022461999207735065 2 3 0.64603471755981456 4 0.15281391143798831 5
decision_type=2 2 2 2 9 9 2 2 9 9 2 9 2 9
left_child=2 -2 7 4 -4 -5 11 8 -1 -9 -11 -7 -12 -14
right_child=1 -3 3 5 -6 6 -8 9 -10 10 12 -13 13 -15
leaf_value=0.0079019438170840912 0.0045359866519231419 -0.022344061385210279 -0.0013156348066902187 0.0035754817493856652 0.018760779916355351 -0.0031620255915211781 6.6888561984447301e-05 -0.027275114319438964 -0.0059342535194376982 0.022935910998102545 -0.011455103275055228 -0.016968822452388257 0.014066190552263977 -0.011297001330208552
leaf_weight=3223.4952126443386 8314.8854394853115 267.22785577178001 1980.0988125503063 5879.705246374011 1557.9865890592337 1590.070079356432 4432.1499969512224 584.56996221840382 5421.6011914610863 250.28012326359749 2620.0425869226456 1672.1162655055523 582.90981249511242 538.61860424280167
leaf_count=13383 34662 1104 8156 24400 6482 6554 18435 2438 22153 1050 10767 6829 2438 2248
internal_value=2.87079e-05 0.0036859 -0.00100627 0.000850037 0.00758679 -0.000907681 -0.0043333 -0.00340861 -0.000770715 -0.00838437 -0.00550406 -0.0103173 -0.00745056 0.00190948
internal_weight=38915.8 8582.11 30333.6 17112.1 3538.09 13574 7694.34 13221.5 8645.1 4576.42 3991.85 3262.19 3741.57 1121.53
internal_count=161099 35766 125333 70856 14638 56218 31818 54477 35536 18941 16503 13383 15453 4686
cat_boundaries=0 2 4 6 8 10 12
cat_threshold=2245581746 116112 1895006697 50048 3426891894 80904 1078134848 1 2315282944 11288 212385828 62082
is_linear=0
shrinkage=0.05


Tree=51
num_leaves=15
num_cat=5
split_feature=16 34 40 40 40 17 31 13 40 17 40 27 34 38
split_gain=66.4277 75.6819 97.3198 76.1186 72.9377 65.5875 54.7243 53.1776 77.6323 67.5124 56.4162 73.2814 47.2995 52.0209
threshold=0.87135449051857006 0.077128387987613692 0 1 2 0.042085241526365287 0.22335600852966311 0.025104291737079624 3 0.040162449702620513 4 2.5000000000000004 0.26271055638790136 1.0000000180025095e-35
decision_type=2 2 9 9 9 2 2 2 9 2 9 2 2 2
left_child=4 2 -2 7 5 12 -6 8 -3 -9 -11 -12 13 -1
right_child=1 3 -4 -5 6 -7 -8 9 -10 10 11 -13 -14 -15
leaf_value=0.004693249813395221 -0.047560898210965694 0.0090211079008324178 0.0020420714788781406 -0.00081097237686658359 -0.0009802620649165799 -0.030356192134261519 -0.010241554200158935 0.007987462792490815 -0.0072254689392399337 0.022071106525845815 -0.040656475760100258 -0.0035545786550919591 0.017870050504517052 -0.0050933545231741243
leaf_weight=3277.7506618499756 163.46605256199837 1170.2314111143351 226.95114654302597 13225.095381394029 2666.2077015787363 157.08203063905239 3974.2809499502182 8406.0437933206558 1922.3587519228458 147.27133007347584 156.49780334532261 765.90829764306545 424.26165907084942 2310.5831189453602
leaf_count=13526 675 4872 942 54350 10992 652 16369 35309 7951 623 653 3231 1830 9484
internal_value=6.13255e-05 0.00150487 -0.0202038 0.0018375 -0.0028883 0.00102809 -0.00651755 0.00462096 -0.00106574 0.00648191 -0.00532688 -0.00993293 0.0018751 0.000644997
internal_weight=38994 26183.8 390.417 25793.4 12810.2 6169.68 6640.49 12568.3 3092.59 9475.72 1069.68 922.406 6012.6 5588.33
internal_count=161459 108606 1617 106989 52853 25492 27361 52639 12823 39816 4507 3884 24840 23010
cat_boundaries=0 2 4 6 7 8
cat_threshold=2720241732 86252 2061969710 35424 2843787518 79643 845291776 1107560458
is_linear=0
shrinkage=0.05


Tree=52
num_leaves=15
num_cat=6
split_feature=35 36 40 40 24 40 9 40 15 27 27 24 40 40
split_gain=63.6931 64.8714 107.704 83.6363 54.8395 64.288 75.5358 56.2154 50.4013 50.1416 60.5014 86.2011 119.619 87.9669
threshold=2.2799628973007207 0.017211963422596458 0 1 -36.66728210449218 2 -0.023356670513749119 3 0.043312784284353263 2.5000000000000004 8.5000000000000018 -34.126869201660149 4 5
decision_type=2 2 9 9 2 9 2 9 2 2 2 2 9 9
left_child=1 3 -3 8 5 -5 -7 -6 -1 -4 -11 13 -13 -12
right_child=-2 2 9 4 7 6 -8 -9 -10 10 11 12 -14 -15
leaf_value=0.0051263917600305456 0.031275375176608111 0.0022471314178818609 -0.01681007205350846 -0.00056758756368519383 0.013406819000250095 0.011308336241329799 -0.016395596131793651 -0.00017134966611096489 -0.014970919546807102 -0.0011499989535132136 -0.002541882410714695 -0.030079564125344384 0.031553664103263553 -0.023743268562768455
leaf_weight=11057.848744049668 157.64942026138306 5430.2182085365057 1119.5012526512146 2730.2711424827576 814.18056480586529 283.43543580174446 1708.8501677811146 9442.607136040926 316.17017021775246 3559.9837235212326 834.492432102561 103.61506393551826 226.92668282985687 1214.5529001057148
leaf_count=46289 653 22642 4555 11198 3392 1159 6950 38992 1331 14600 3425 427 945 4959
internal_value=5.17259e-05 -7.88809e-05 -0.00304649 0.00132764 -0.00112709 -0.00558344 -0.0123714 0.000924899 0.00455696 -0.00711115 -0.0052816 -0.0114452 0.0121022 -0.0152664
internal_weight=39000.3 38842.7 12489.3 26353.4 14979.3 4722.56 1992.29 10256.8 11374 7059.07 5939.57 2379.59 330.542 2049.05
internal_count=161517 160864 51553 109311 61691 19307 8109 42384 47620 28911 24356 9756 1372 8384
cat_boundaries=0 2 4 6 8 10 12
cat_threshold=1619398950 40354 2389420558 636 814760064 41345 268435520 2 2149614096 16384 69314560 16904
is_linear=0
shrinkage=0.05


Tree=53
num_leaves=15
num_cat=0
split_feature=33 34 6 34 22 27 27 27 34 24 27 27 34 39
split_gain=62.4182 102.868 67.5368 80.4383 151.525 130.579 106.597 101.006 92.0694 101.625 95.0968 219.034 195.573 170.963
threshold=0.0098509881645441073 0.42717051506042486 -0.17466272413730619 0.13109838217496875 1.0000000180025095e-35 1.5000000000000002 8.5000000000000018 5.5000000000000009 0.19117474555969241 -35.364318847656243 6.5000000000000009 3.5000000000000004 0.27148008346557623 -0.39981785416603083
decision_type=2 2 2 2 10 2 2 2 2 2 2 2 2 2
left_child=2 -2 -1 4 -4 -6 7 -7 9 -5 11 -10 -13 -12
right_child=1 -3 3 8 5 6 -8 -9 10 -11 13 12 -14 -15
leaf_value=0.016258930765043415 0.0058753504884002539 -0.020386271651943486 -0.044562949551212178 -0.0093644126512133791 -0.014004984351935283 0.0017943306800180748 -0.0021477603906822056 0.013527159140421869 0.0059654875230435974 0.00085554179818030617 -0.024078176074178045 -0.035440631574189981 0.0010222514191444998 0.010394827525601884
leaf_weight=565.36722980439663 6656.8421536833048 390.08405195176601 167.93200282752514 7556.8904897421598 1083.4553220570087 3609.0830117017031 4296.5778526812792 3731.3398742973804 2017.5924185663462 3583.4914807081223 398.08499871194363 825.52775648236275 659.0116146504879 3344.3990925997496
leaf_count=2365 27830 1609 686 30644 4499 14877 17724 15536 8448 14751 1648 3412 2800 14257
internal_value=0.000151099 0.0044075 -0.000791364 -0.00110231 0.00192564 0.00255703 0.00410481 0.00776428 -0.00322521 -0.00607763 0.00116158 -0.00475599 -0.0193017 0.00669939
internal_weight=38885.7 7046.93 31838.8 31273.4 12888.4 12720.5 11637 7340.42 18385 11140.4 7244.62 3502.13 1484.54 3742.48
internal_count=161086 29439 131647 129282 53322 52636 48137 30413 75960 45395 30565 14660 6212 15905
is_linear=0
shrinkage=0.05


Tree=54
num_leaves=15
num_cat=5
split_feature=35 35 40 40 15 34 16 34 4 27 27 40 40 40
split_gain=60.1658 59.5295 171.499 142.951 109.734 68.9391 72.4259 83.0215 88.4837 147.278 194.617 69.3271 68.1608 66.1473
threshold=2.2799628973007207 0.90052586793899547 0 1 0.012545373756438495 0.45017996430397039 0.90878456830978405 0.21951029449701312 0.36024761199951177 5.5000000000000009 4.5000000000000009 2 3 4
decision_type=2 2 9 9 2 2 2 2 2 2 2 9 9 9
left_child=1 2 -1 -3 -5 6 13 12 11 10 -10 -9 -8 -6
right_child=-2 3 -4 4 5 -7 7 8 9 -11 -12 -13 -14 -15
leaf_value=0.013731317628829115 0.03088259285475763 -0.0090618520595685346 -0.00018805867723660315 0.024544011508870617 0.0011071363755033746 -0.019976556294939468 -0.0039467941132294015 0.031768125322521538 -0.0022959953989992775 0.019821524630186573 -0.088711288052539694 0.0086167688596095211 0.005822225460349403 -0.0091274035118746929
leaf_weight=2599.07766084373 150.66255870461464 5373.5921542197466 14420.95213508606 449.86952120065689 3206.1379375606775 430.74261374771595 3893.4541785418987 599.95462235808372 221.16221703588963 329.95234374701977 87.603953331708908 749.25806257128716 3272.417809844017 3094.1005348861217
leaf_count=10992 628 22104 59654 1879 13213 1768 15987 2624 940 1468 360 3240 13502 12779
internal_value=-0.00014003 -0.000264816 0.0019486 -0.00200049 0.000329579 -0.000363178 0.000189457 0.00302885 0.0120558 -0.00325455 -0.0278529 0.0192927 0.000517263 -0.00393431
internal_weight=38878.9 38728.3 17020 21708.2 16334.7 15884.8 15454 9153.8 1987.93 638.719 308.766 1349.21 7165.87 6300.24
internal_count=161138 160510 70646 89864 67760 65881 64113 38121 8632 2768 1300 5864 29489 25992
cat_boundaries=0 2 4 6 8 10
cat_threshold=404779027 18448 52195346 21569 939720780 11060 69435397 10554 67142052 107434
is_linear=0
shrinkage=0.05


Tree=55
num_leaves=15
num_cat=5
split_feature=24 40 15 17 40 40 40 27 31 27 13 13 38 40
split_gain=58.9728 151.901 68.4039 67.5982 120.196 119.418 62.8633 73.028 61.8371 60.4651 59.2803 58.8029 56.6042 52.1181
threshold=-37.337516784667962 0 0.01222623558714986 0.040162449702620513 1 2 3 6.5000000000000009 0.6546556055545808 2.5000000000000004 0.060430817306041724 0.025855663232505325 1.5000000000000002 4
decision_type=2 9 2 2 9 9 9 2 2 2 2 2 2 9
left_child=1 11 -3 4 -2 8 7 -4 -5 -10 -11 -1 13 -8
right_child=3 2 6 5 -6 -7 12 -9 9 10 -12 -13 -14 -15
leaf_value=-0.043572393730023529 0.0075775223061424063 0.012230032187137051 0.00023740728516405657 -0.039750044744520679 -7.4622766828529323e-05 0.001112227655397355 0.021099683724366325 -0.03118899359612309 -0.051107404210209456 -0.037010881765648478 0.0024602308824059425 -0.011555097118603667 0.015785498002917241 -0.0048264441019981027
leaf_weight=309.90707518160343 6567.0245776325464 746.46124362945557 328.41693852841854 298.77230843901634 23292.350382745266 1747.0872431248426 190.07253792881966 416.75727500021458 81.365058436989784 116.14711187779903 439.52875754237175 273.16421157121658 418.16921788454056 3662.1884098351002
leaf_count=1265 27772 3131 1339 1242 96072 7313 794 1703 345 488 1855 1109 1821 14963
internal_value=6.80364e-05 -0.00433943 -0.00183665 0.000928098 0.00161166 -0.00666659 -0.00394492 -0.0171935 -0.0209126 -0.012155 -0.00603757 -0.0283252 -0.00157063 -0.00347806
internal_weight=38887.4 6345.14 5762.07 32542.3 29859.4 2682.9 5015.6 745.174 935.813 637.041 555.676 583.071 4270.43 3852.26
internal_count=161212 26125 23751 135087 123844 11243 20620 3042 3930 2688 2343 2374 17578 15757
cat_boundaries=0 2 4 6 8 9
cat_threshold=1073780738 50247 450891810 720 417399600 41936 307494913 12288 151519288
is_linear=0
shrinkage=0.05


Tree=56
num_leaves=15
num_cat=5
split_feature=24 40 40 14 16 31 27 10 40 40 15 15 34 40
split_gain=51.5183 145.795 64.1774 70.4678 72.0889 53.1053 52.1973 121.672 93.8552 82.4122 81.2833 62.7525 71.3677 59.6949
threshold=-36.707798004150384 0 1 0.035517776384949691 0.81830978393554699 0.90550595521926891 5.5000000000000009 0.0065964488312602052 2 3 0.041434347629547126 0.023931023664772514 0.19227895885705951 4
decision_type=2 9 9 2 2 2 2 2 9 9 2 2 2 9
left_child=1 -1 3 4 -2 -3 7 8 10 -8 -4 -10 -13 -9
right_child=2 5 6 -5 -6 -7 9 13 11 -11 -12 12 -14 -15
leaf_value=0.0012946142889953289 -0.0017875766487064704 -0.011570805868059295 -0.015695202050365478 -0.0088550195298848274 0.0094072927995294472 0.0065284186460619342 0.0096064858171106982 -0.0060772204784117316 0.00283433557322103 -0.00073046725393442443 0.031574300596512096 -0.026547506194386984 0.00058173638504705762 0.018026409220185544
leaf_weight=8211.1561641693115 1961.030200868845 4172.0137843340635 2464.5334838777781 838.20316715538502 5365.3350735157728 445.26748038828373 2508.6086695194244 364.04484692215919 2526.583869934082 8166.5287788808346 89.825185209512711 450.21467031538486 517.38369719684124 829.08057115972042
leaf_count=34007 8188 16967 10129 3534 22573 1819 10490 1513 10392 33890 378 1836 2177 3449
internal_value=-0.000112691 -0.00270638 0.00116313 0.00483269 0.00641093 -0.00979795 -0.000512078 -0.00378783 -0.0066674 0.00170987 -0.0139182 -0.00130958 -0.0121077 0.0107728
internal_weight=38909.8 12828.4 26081.4 8164.57 7326.37 4617.28 17916.8 7241.67 6048.54 10675.1 2554.36 3494.18 967.598 1193.13
internal_count=161342 52793 108549 34295 30761 18786 74254 29874 24912 44380 10507 14405 4013 4962
cat_boundaries=0 2 4 6 8 10
cat_threshold=721141814 28312 1344542958 850 538690048 49320 221696 32896 722543104 33793
is_linear=0
shrinkage=0.05


Tree=57
num_leaves=15
num_cat=5
split_feature=36 40 40 24 40 35 40 17 23 27 24 15 40 34
split_gain=71.9758 95.0302 56.6934 59.0435 47.0836 46.7541 44.8367 63.345 62.839 67.2548 42.0918 79.0145 57.2996 52.0285
threshold=0.017211963422596458 0 1 -37.374353408813469 2 2.2799628973007207 3 0.038993444293737418 inf 9.5000000000000018 -36.66728210449218 0.02285135351121426 4 0.19117474555969241
decision_type=2 9 9 2 9 2 9 2 8 2 2 2 9 2
left_child=2 -2 3 4 -1 10 7 8 -5 -10 13 -12 -13 -4
right_child=1 -3 5 6 -6 -7 -8 -9 9 -11 11 12 -14 -15
leaf_value=-0.011916322618003142 0.0014259740821199879 -0.0072929056364538537 -0.0066193520159608249 0.019416712483428772 0.0023639866952169745 0.03891012698156255 0.004468498294331504 -0.017869079009481703 -0.047150352747873783 0.024503845108122969 0.0047011244487537513 0.007264430956419792 -0.0068942625402017045 0.0081608161931884075
leaf_weight=828.23780868947506 6038.4772635400295 6457.274974912405 4107.8841746896505 1463.602158010006 1819.2188450545073 70.267738714814186 6340.6903328150511 142.10802881419659 71.952947542071342 52.738540962338448 6366.6273752599955 885.40534271299839 3490.0595221370459 691.55544543266296
leaf_count=3388 25159 26490 16746 6244 7553 292 26582 606 300 225 26269 3727 14529 2925
internal_value=3.91498e-05 -0.00308498 0.00152228 0.0043193 -0.00215168 -0.000401013 0.00644787 0.0135603 0.0165079 -0.0170292 -0.000591786 0.00114728 -0.00402215 -0.00448235
internal_weight=38826.1 12495.8 26330.3 10718.5 2647.46 15611.8 8071.09 1730.4 1588.29 124.691 15541.5 10742.1 4375.46 4799.44
internal_count=161035 51649 109386 44898 10941 64488 33957 7375 6769 525 64196 44525 18256 19671
cat_boundaries=0 2 4 6 8 10
cat_threshold=1623331244 56738 3135824414 588 306216962 68 444596224 64 67440960 2
is_linear=0
shrinkage=0.05


Tree=58
num_leaves=15
num_cat=3
split_feature=6 37 24 41 15 37 41 34 17 41 34 6 16 16
split_gain=50.1309 92.2106 91.3416 84.1816 99.672 87.1099 77.9135 76.2021 72.1361 69.2649 64.1018 59.369 56.0681 53.8486
threshold=-0.060081910341978066 0.0087795094586908835 -35.237401962280266 0 0.02255851682275534 0.16840849071741107 1 0.093364432454109206 0.015926493331789974 2 0.65775698423385631 -0.0062574618496000758 1.2427904009819033 0.7057083547115327
decision_type=2 2 2 1 2 2 1 2 2 1 2 2 2 2
left_child=9 -2 3 5 7 12 8 -5 -4 -1 13 -6 -3 -11
right_child=1 2 6 4 11 -7 -8 -9 -10 10 -12 -13 -14 -15
leaf_value=0.01538026518472118 -0.0043153079557758873 -0.00073399703421264499 -0.022772405737072256 -0.021751892950860816 0.014123448284867172 0.02346529699169634 0.0031943081576027289 4.7583902308600844e-06 0.019594894110014489 -0.015548995336013 -0.037829921503623583 -0.026686770597231842 0.01336919571190588 0.0040185006032676914
leaf_weight=1114.6871099025011 11678.991223841906 8792.94891692698 104.54852159321308 464.15024782717228 97.312405303120613 422.52619236707687 5702.1637392938137 2827.9668951183558 1309.88169875741 377.10702703893185 95.810150891542435 774.3499411046505 761.07339400053024 4400.5343605875969
leaf_count=4613 48148 36413 429 1909 403 1788 24044 11533 5522 1566 388 3195 3189 18330
internal_value=1.81753e-05 -0.000746973 0.00121386 -0.00111122 -0.00706899 0.00138278 0.00583193 -0.00308949 0.0162759 0.00422458 0.00162395 -0.0220704 0.000395346 0.00245832
internal_weight=38924.1 32935.9 21256.9 14140.3 4163.78 9976.55 7116.59 3292.12 1414.43 5988.14 4873.45 871.662 9554.02 4777.64
internal_count=161470 136573 88425 58430 17040 41390 29995 13442 5951 24897 20284 3598 39602 19896
cat_boundaries=0 1 2 3
cat_threshold=749 4614 6192
is_linear=0
shrinkage=0.05


Tree=59
num_leaves=15
num_cat=5
split_feature=35 40 40 39 34 27 34 15 40 40 16 40 34 39
split_gain=48.8657 140.652 111.846 90.2336 82.0607 172.719 105.78 69.9529 77.4101 63.6321 60.7154 84.1894 70.3444 104.853
threshold=0.90052586793899547 0 1 -0.11397995799779891 0.11188486218452455 2.5000000000000004 0.099485307931900038 0.018454674631357196 2 3 0.91100710630416881 4 0.38200022280216223 -0.26069961488246912
decision_type=2 9 9 2 2 2 2 2 9 9 2 9 2 2
left_child=1 -1 3 -2 5 6 -4 9 -9 -7 11 -6 -12 -14
right_child=2 -3 4 -5 10 7 -8 8 -10 -11 12 -13 13 -15
leaf_value=0.011070493956487041 -0.0031522428260074998 -0.00021997641581127659 -0.038258338513734835 -0.01974994604497678 0.0048720636730722449 0.030735462229197558 0.011377118584414127 -0.027853717190667766 0.0072883821796918009 0.010105186573207449 0.002103605573991179 -0.0092414731065611575 0.00084635672083490537 -0.039802118228902457
leaf_weight=3451.7683211266994 2044.4807156920433 13501.934510111809 307.91046379506588 1364.5873543918133 1403.8321416527033 617.88545969128609 160.3089457154274 163.04798412322998 1304.423412322998 1024.1804202795029 8630.5053772181273 4182.7261002659798 413.83958472311497 251.83601924777031
leaf_count=14664 8416 55813 1324 5654 5773 2582 653 668 5380 4247 35928 17232 1716 1042
internal_value=7.29452e-05 0.00208745 -0.00148863 -0.00978799 5.12378e-05 0.00684518 -0.0213129 0.0111141 0.00315943 0.0181888 -0.00158338 -0.00570065 0.000892098 -0.0147063
internal_weight=38823.3 16953.7 21869.6 3409.07 18460.5 3577.76 468.219 3109.54 1467.47 1642.07 14882.7 5586.56 9296.18 665.676
internal_count=161092 70477 90615 14070 76545 14854 1977 12877 6048 6829 61691 23005 38686 2758
cat_boundaries=0 2 4 6 8 10
cat_threshold=404910099 22552 51671058 1089 1350631936 69634 1288176424 274 33156 107014
is_linear=0
shrinkage=0.05


Tree=60
num_leaves=15
num_cat=6
split_feature=36 40 40 35 34 7 24 40 40 7 34 40 35 40
split_gain=48.988 90.4109 85.4268 63.3123 63.4068 76.1988 65.2116 117.691 93.8999 98.9847 55.7234 54.3874 53.1744 52.1016
threshold=-0.017196515575051304 0 1 0.6934574842453004 0.45017996430397039 -0.12743893265724179 -35.364318847656243 2 3 -0.054410435259342187 0.077128387987613692 4 2.2799628973007207 5
decision_type=2 9 9 2 2 2 2 9 9 2 2 9 2 9
left_child=1 10 -2 13 5 -5 8 -8 9 -7 -1 -6 -11 -4
right_child=2 -3 3 4 11 6 7 -9 -10 12 -12 -13 -14 -15
leaf_value=-0.027947274316755602 -0.0078550377476589491 -0.00084776898654209676 0.012522787866853716 0.029465064776977384 -0.045079916966307913 0.017196856850922877 0.01767838278717004 -0.00054993219136079032 0.00059042604038053368 -0.011338771226561933 0.0081635289938730409 -0.0062593121020488515 0.032048324208018557 0.00085947907349284702
leaf_weight=104.17275317013264 4109.0443907529116 8313.7847000211477 1628.9402882307768 200.0188297778368 133.13231904804707 339.25272081792355 1118.508694306016 4048.6251176744699 6473.7550328522921 4378.1996548622847 5340.7981223464012 267.20546780526638 67.027733519673347 2315.2350863814354
leaf_count=440 16812 34412 6780 851 551 1415 4745 16912 26707 17996 22575 1091 282 9625
internal_value=3.81958e-05 0.00243528 -0.00127691 1.71332e-05 -0.00130529 -0.000828349 -0.0012064 0.0034413 -0.00334056 -0.00863878 0.0074331 -0.0208448 -0.0106482 0.00572132
internal_weight=38837.7 13758.8 25078.9 20969.9 17025.7 16625.4 16425.4 5167.13 11258.2 4784.48 5444.97 400.338 4445.23 3944.18
internal_count=161194 57427 103767 86955 70550 68908 68057 21657 46400 19693 23015 1642 18278 16405
cat_boundaries=0 2 4 6 8 10 12
cat_threshold=2326512130 4716 2181612032 517 1343432768 51456 160905282 118850 134414372 8632 144117832 9256
is_linear=0
shrinkage=0.05


Tree=61
num_leaves=15
num_cat=6
split_feature=36 40 40 21 34 40 34 34 38 40 40 40 23 3
split_gain=50.6968 70.6393 61.6064 59.037 54.1837 45.5863 43.9081 42.3505 67.4331 80.8145 61.1363 43.9998 41.3524 40.8112
threshold=8.8625530025865387e-08 0 1 0.50628659129142772 0.090829014778137221 2 0.21667263656854632 0.13164629042148593 1.0000000180025095e-35 3 4 5 0.00093809817917644988 0.34680414199829107
decision_type=2 9 9 2 2 9 2 2 2 9 9 9 10 2
left_child=2 6 4 5 -1 -4 -2 8 10 -10 -3 -9 -6 -13
right_child=1 7 3 -5 12 -7 -8 11 9 -11 -12 13 -14 -15
leaf_value=-0.0093087591112584155 -0.0085492628855096797 0.011182579012229729 -0.0233213554720899 0.00058796857048353576 0.0025491989539667185 -0.0034316592080036973 0.0017139186388472666 -0.0070275249090823479 0.020372458551959263 -0.035966439251492871 -0.0008495492299959973 -0.00060572842863916912 0.009840362367386354 0.015091352418758336
leaf_weight=610.52679347991943 4788.2106511443853 2289.6314735710621 448.70855838060379 11078.066255003214 3997.6324891149998 800.79518723487854 1328.7658847719431 2751.7403177469969 82.372166410088539 193.55417269468307 1950.7586582005024 4305.2497343271971 3794.9349674582481 453.06035384535789
leaf_count=2563 19439 9691 1870 45817 16829 3318 5585 11407 344 794 7996 17826 15985 1915
internal_value=-1.23537e-05 -0.00194229 0.00167654 -0.00057503 0.00497339 -0.010856 -0.00630913 0.000285104 0.00410931 -0.0196217 0.00567597 -0.00201481 0.00610463 0.000900195
internal_weight=38874 18143.3 20730.7 12327.6 8403.09 1249.5 6116.98 12026.4 4516.32 275.926 4240.39 7510.05 7792.57 4758.31
internal_count=161379 74997 86382 51005 35377 5188 25024 49973 18825 1138 17687 31148 32814 19741
cat_boundaries=0 2 4 6 8 10 12
cat_threshold=2335031872 37381 2594882115 4716 1079318536 2049 1073752068 67856 1615999286 18466 5251351 65840
is_linear=0
shrinkage=0.05


Tree=62
num_leaves=15
num_cat=4
split_feature=34 40 34 22 34 40 39 40 6 40 38 4 7 9
split_gain=51.0265 126.128 55.0064 109.318 109.209 100.461 111.418 60.0253 79.5482 71.4848 67.4082 76.6854 72.6394 56.8985
threshold=0.076115202158689513 0 0.13109838217496875 1.0000000180025095e-35 0.13725775480270389 1 -0.35772176086902613 2 0.032138105481863029 3 1.5000000000000002 0.63302898406982433 0.069739829748868956 0.025180443190038208
decision_type=2 9 2 10 2 9 2 9 2 9 2 2 2 2
left_child=1 -1 3 -2 -4 6 -5 8 -6 -10 -11 12 -12 -9
right_child=2 -3 4 5 7 -7 -8 13 9 10 11 -13 -14 -15
leaf_value=-0.037918412663053042 -0.040870233676177863 0.0065178035065296975 -0.011655059034469567 0.063346200536733649 0.0062118908175350885 -0.00014913693447457461 0.0077286835628768832 -0.0039065564969764368 -0.01047758461204284 -0.0020329124729377953 0.0020164528934084351 -0.039823117394156948 0.038655938889382076 0.0053540177824667979
leaf_weight=278.51166415214539 135.61490374803543 346.46236307919025 2177.7752244472504 86.734488889575005 6531.4096513539553 7939.4847250729799 5377.8039407581091 9970.6892546862364 1696.0573934316635 1721.1644397228956 239.29065230488777 48.971343830227852 308.84340496361256 1984.5614870786667
leaf_count=1153 555 1450 8913 359 27218 32677 22612 41277 7042 7103 1040 216 1360 8322
internal_value=0.000195096 -0.0139189 0.000427819 0.00298825 -0.000977041 0.00344743 0.00865365 5.85769e-05 0.00280632 -0.00272724 0.00298339 0.0173976 0.0228326 -0.00236532
internal_weight=38843.4 624.974 38218.4 13539.6 24678.8 13404 5464.54 22501 10545.7 4014.33 2318.27 597.105 548.134 11955.3
internal_count=161297 2603 158694 56203 102491 55648 22971 93578 43979 16761 9719 2616 2400 49599
cat_boundaries=0 2 4 6 8
cat_threshold=3525675525 80106 2085827125 4152 2326036718 100047 169869376 65615
is_linear=0
shrinkage=0.05


Tree=63
num_leaves=15
num_cat=2
split_feature=36 24 7 15 4 41 15 35 41 7 13 13 4 35
split_gain=48.1849 50.1914 64.8248 86.606 58.2443 74.0623 71.9667 54.6869 65.9774 76.9992 79.6064 66.6927 56.0571 55.7247
threshold=-0.020212161354720589 -35.259914398193352 -0.043216716498136513 0.019465364515781406 0.22761273384094241 0 0.01222623558714986 2.2799628973007207 1 0.095348492264747634 0.053995387628674514 0.026234341785311702 -0.277123212814331 1.342454791069031
decision_type=2 2 2 2 2 1 2 2 1 2 2 2 2 2
left_child=-1 2 -2 4 -4 6 -6 8 9 10 12 -10 -5 -11
right_child=1 -3 3 7 5 -7 -8 -9 11 13 -12 -13 -14 -15
leaf_value=0.0024623048328747225 0.0059368944916187161 0.0018613071182092432 -0.0040331099374548004 0.019465338283153069 0.025335589304636114 0.008315895263944155 -0.012972474144664473 0.031114325700512049 0.011648917847204324 0.024355753801590933 -0.046472407069780779 -0.016675134836882762 -0.0084318498648449629 -0.00628593327947638
leaf_weight=13036.691128373146 1879.6601295620203 8573.0442109405994 5944.8296450078487 194.81397497653961 137.86912217736244 2664.5031990259886 866.40911963582039 80.113618761301041 221.2610340565443 360.7461983114481 122.5345643311739 2728.2698189914227 1831.7007234692574 246.44229905307293
leaf_count=54478 7791 35896 24310 804 574 11066 3561 338 899 1524 518 11171 7547 1033
internal_value=-1.54492e-05 -0.00126535 -0.00281702 -0.00388743 -0.000976597 0.00397351 -0.00753441 -0.00871808 -0.00930499 -0.00367948 -0.00813546 -0.0144836 -0.00570625 0.0119611
internal_weight=38888.9 25852.2 17279.2 15399.5 9613.61 3668.78 1004.28 5785.88 5705.77 2756.24 2149.05 2949.53 2026.51 607.188
internal_count=161510 107032 71136 63345 39511 15201 4135 23834 23496 11426 8869 12070 8351 2557
cat_boundaries=0 1 2
cat_threshold=1322 2277
is_linear=0
shrinkage=0.05


Tree=64
num_leaves=15
num_cat=6
split_feature=24 40 27 4 15 4 40 40 40 40 40 23 24 24
split_gain=53.2014 136.964 56.0451 235.012 233.419 227.42 195.637 178.506 109.505 104.802 102.295 85.8409 86.9148 81.8391
threshold=-37.337516784667962 0 5.5000000000000009 -0.31940960884094233 0.027363731525838379 0.17610144615173343 1 2 3 4 5 inf -33.039268493652337 -35.171064376831048
decision_type=2 9 2 2 2 2 9 9 9 9 9 8 2 2
left_child=1 -1 3 10 6 8 11 -7 -4 -6 -2 12 -5 -9
right_child=2 -3 5 4 9 7 -8 13 -10 -11 -12 -13 -14 -15
leaf_value=-0.020981232810428914 -0.0057970999877436898 -0.00094792539199040212 0.0028586588625094515 -0.0074296620249630421 -0.0031811731020477043 0.016435854351112052 0.0062106907325936598 -0.0040892211322109615 -0.0074418673999047365 -0.028208344314355357 0.029373397151314491 -0.041316406768668955 0.036904223966474033 0.0084266467138040067
leaf_weight=1001.9901959002018 276.50193846225739 5327.6339435428381 4923.112364590168 4749.154877781868 648.66728517413139 3864.2460134327412 5098.6115140616894 2571.5145562589169 5394.2297990322113 1239.7163167148829 803.74751123785973 178.00430580973625 108.25782015919685 2643.9925133734941
leaf_count=4099 1178 22004 20374 19452 2692 16353 21145 10706 22199 5135 3433 728 449 11354
internal_value=2.30496e-05 -0.0041687 0.0008401 -0.0016856 -0.00369604 0.00254645 -0.000684394 0.00831557 -0.00253173 -0.0198109 0.0205985 -0.00766336 -0.00640363 0.0022524
internal_weight=38829.4 6329.62 32499.8 13102.7 12022.4 19397.1 10134 9079.75 10317.3 1888.38 1080.25 5035.42 4857.41 5215.51
internal_count=161301 26103 135198 54212 49601 80986 41774 38413 42573 7827 4611 20629 19901 22060
cat_boundaries=0 2 4 6 8 10 12
cat_threshold=1111535619 62535 599779852 34443 1923803716 100249 922081802 41178 43815538 454 150120960 9224
is_linear=0
shrinkage=0.05


Tree=65
num_leaves=15
num_cat=0
split_feature=6 15 24 34 34 34 23 34 34 34 24 34 33 36
split_gain=47.381 60.1314 72.9032 59.8296 118.215 76.3734 59.6584 59.3687 89.1116 59.1513 60.1933 57.5323 54.8892 52.7638
threshold=-0.1634988337755203 0.019529776647686962 -35.322488784790032 0.13164629042148593 0.13725775480270389 0.090829014778137221 -0.089314281940460191 0.38200022280216223 0.25146064162254339 0.20280914008617404 -32.507028579711907 0.14291661977767947 0.003754175617359579 -0.030240705236792561
decision_type=2 2 2 2 2 2 10 2 2 2 2 2 2 2
left_child=-1 3 7 5 -5 -2 -6 8 -3 11 -11 12 -8 -10
right_child=1 2 -4 4 6 -7 9 -9 13 10 -12 -13 -14 -15
leaf_value=0.011321132511057871 -0.0039330498347579851 -0.0066379076976986421 0.0012147432691036618 -0.015268128771990212 -0.0069340116808733077 0.0066676101702044833 0.0017335382107139517 -0.028490309688094809 0.02133245031982001 0.015758003352058344 -0.013613493587595296 -0.0020323779210326409 0.023872460019931336 0.0006298570532084582
leaf_weight=908.55270989239216 2159.1754411906004 8037.550617814064 8025.0305921733379 1272.8985750675201 1854.5319635868073 7911.5025633275509 710.67076581716537 261.72713923454285 429.7890802025795 1311.9714353084564 196.97084341943264 4204.2707886695862 458.47374215722084 1056.4276476800442
leaf_count=3817 9008 32887 33786 5203 7658 32892 2910 1096 1915 5593 838 17155 1884 4584
internal_value=6.89683e-05 -0.000202163 -0.0023169 0.00167338 -0.0010636 0.00439349 0.00101287 -0.00521283 -0.00455799 0.00315845 0.0118884 0.000697245 0.0104841 0.00667151
internal_weight=38799.5 37891 17810.5 20080.5 10009.8 10070.7 8736.89 9785.49 9523.77 6882.36 1508.94 5373.42 1169.14 1486.22
internal_count=161226 157409 74268 83141 41241 41900 36038 40482 39386 28380 6431 21949 4794 6499
is_linear=0
shrinkage=0.05


Tree=66
num_leaves=15
num_cat=5
split_feature=6 40 37 40 40 6 13 27 4 40 4 27 34 40
split_gain=42.3299 197.682 73.1401 94.7802 90.0873 65.1133 62.7622 58.456 138.925 121.605 106.575 97.9488 99.6732 91.2646
threshold=-0.060081910341978066 0 0.0087795094586908835 1 2 0.013621847610920669 0.055853778496384628 6.5000000000000009 0.45670056343078619 3 0.32797455787658697 5.5000000000000009 0.18502978235483172 4
decision_type=2 9 2 9 9 2 2 2 2 9 2 2 2 9
left_child=1 6 3 -2 7 -6 -1 8 9 -4 -9 12 -10 -12
right_child=2 -3 4 -5 5 -7 -8 10 11 -11 13 -13 -14 -15
leaf_value=0.02033699024432457 -0.010243917567173086 -0.0032809914102178424 0.021878674839832298 -0.00063562904037226973 0.0046475384486923173 -0.0045798034855274736 0.0016534104459725307 -0.0044439546062227048 -0.0041679317655748628 0.0046104479445063717 -0.0047527339475598278 0.032571768213022337 -0.04163392350304207 0.016803409589033695
leaf_weight=1701.2520428150892 3819.5853205025196 3663.607616469264 1817.4925177246332 7786.9797066748142 2544.8708496838808 7636.5412745475769 612.33698980510235 3638.2554709613323 738.1698582470417 2349.4710615128279 738.26105287671089 127.81002168357372 229.46268652379513 1434.3502669036388
leaf_count=7135 15785 15193 7605 32097 10475 31544 2588 15246 3078 9855 3184 548 946 6146
internal_value=8.49269e-05 0.00395361 -0.000619097 -0.00381045 0.00112386 -0.00226954 0.0153422 0.00424224 0.008061 0.0122242 0.000786386 -0.00775436 -0.013226 0.0095375
internal_weight=38838.4 5977.2 32861.3 11606.6 21254.7 10181.4 2313.59 11073.3 5262.41 4166.96 5810.87 1095.44 967.633 2172.61
internal_count=161425 24916 136509 47882 88627 42019 9723 46608 22032 17460 24576 4572 4024 9330
cat_boundaries=0 2 4 6 8 10
cat_threshold=2326246217 12879 2864206096 18481 2128236854 22944 403718448 22560 167907604 2048
is_linear=0
shrinkage=0.05


Tree=67
num_leaves=15
num_cat=6
split_feature=24 40 6 34 40 27 34 40 40 27 40 38 40 34
split_gain=60.8598 97.0371 98.7678 55.4693 59.9713 52.3657 67.831 110.195 88.6749 65.2425 175.084 93.4251 143.745 141.407
threshold=-37.027185440063469 0 0.062201021239161498 0.19970698654651645 1 2.5000000000000004 0.12047247588634492 2 3 3.5000000000000004 4 1.0000000180025095e-35 5 0.13751322031021121
decision_type=2 9 2 2 9 2 2 9 9 2 9 2 9 2
left_child=1 2 -1 -3 -5 6 7 -2 -8 10 -7 12 -11 -13
right_child=5 3 -4 4 -6 9 8 -9 -10 11 -12 13 -14 -15
leaf_value=-0.0082350914699768976 -0.032558611702730965 -0.0026222875827289788 -0.037573881573858749 0.034662174684218137 0.0038128406880499977 -0.014516488061388777 -0.008584975264823054 0.0014380019426467436 0.0063540365258965489 0.027297948189668044 0.017564480673625045 -0.021756510506946217 0.003211420360943012 -0.00025839167635201233
leaf_weight=1660.6166683882475 463.47638007998466 6217.6804678887129 343.27722764015198 184.22954244911671 804.2662256360054 547.37429359555244 1883.5605685859919 480.39873053133488 2068.5079242438078 651.61408984661102 1769.1474140286446 812.54640029370785 8961.3042968660593 11891.3616617769
leaf_count=6770 1941 25571 1397 820 3456 2302 7701 1981 8473 2784 7539 3337 37254 49718
internal_value=-4.33729e-05 -0.00359095 -0.0132784 -0.000869415 0.0101002 0.00106335 -0.00365676 -0.0156619 -0.00077214 0.00200224 0.00998006 0.00117186 0.00488972 -0.00164183
internal_weight=38739.4 9210.07 2003.89 7206.18 988.496 29529.3 4895.94 943.875 3952.07 24633.3 2316.52 22316.8 9612.92 12703.9
internal_count=161044 38014 8167 29847 4276 123030 20096 3922 16174 102934 9841 93093 40038 53055
cat_boundaries=0 2 4 6 8 10 12
cat_threshold=1191492417 114755 196644 1664 2786859132 92198 433824642 75673 1614118924 33928 1352794116 152
is_linear=0
shrinkage=0.05


Tree=68
num_leaves=15
num_cat=3
split_feature=14 12 40 40 15 35 17 3 7 35 23 40 24 35
split_gain=47.9515 51.7739 73.8209 65.3276 60.3675 60.337 60.2687 55.7253 54.7431 56.9276 62.7814 62.4511 55.4073 51.8082
threshold=0.0079468279145658034 0.11801885440945627 0 1 0.012333489023149015 0.98915374279022228 0.040776165202260024 0.27413702011108404 -0.04739337041974067 0.70214661955833446 0.26630711555480963 2 -35.031982421874993 0.59116736054420482
decision_type=2 2 9 9 2 2 2 2 2 2 8 9 2 2
left_child=-1 2 4 6 5 -2 13 8 12 10 11 -10 -4 -3
right_child=1 3 7 -5 -6 -7 -8 -9 9 -11 -12 -13 -14 -15
leaf_value=0.016108437568311665 0.0077436392814950643 0.020951158414628818 0.015844912915938539 -0.0003065837378655443 -0.00030334425523835187 0.043368805431368312 -0.0076986857267966197 0.015767446670913961 0.013948826963226989 -0.009731968880785577 -0.034831356660478478 -0.0039889073283476623 -0.014245612709209791 0.0058484161852927563
leaf_weight=456.3884649425745 932.70112825930119 637.19210550189018 523.79210628569126 13630.663898691535 7951.2677793800831 132.01577889919281 725.46473097801208 302.87149454653263 668.77643124759197 5804.6090046465397 122.29252599179745 1656.9842131137848 210.66419397294521 5020.502949103713
leaf_count=1903 3924 2675 2150 56888 33033 559 3049 1273 2790 23821 500 6788 876 21020
internal_value=8.5543e-05 -0.000107236 -0.00202876 0.00165013 0.00119477 0.0123476 0.00581765 -0.00515245 -0.00587212 -0.00703701 -0.000638096 0.00122856 0.00716932 0.00756723
internal_weight=38776.2 38319.8 18306 20013.8 9015.98 1064.72 6383.16 9289.99 8987.12 8252.66 2448.05 2325.76 734.456 5657.7
internal_count=161249 159346 75714 83632 37516 4483 26744 38198 36925 33899 10078 9578 3026 23695
cat_boundaries=0 2 4 6
cat_threshold=511420663 67080 545543016 33189 8409096 10336
is_linear=0
shrinkage=0.05


Tree=69
num_leaves=15
num_cat=4
split_feature=24 40 40 15 7 15 41 39 9 27 27 14 37 40
split_gain=43.317 100.88 54.6818 66.6848 54.2273 53.3501 66.524 62.6255 62.9562 47.9263 78.7043 50.0975 47.0688 88.1023
threshold=-36.707798004150384 0 1 0.019927466288208965 0.039678907021880157 0.013895048294216396 2 -0.15395195037126538 -0.0052327953744679681 2.5000000000000004 9.5000000000000018 0.013182297348976137 0.0072897742502391347 3
decision_type=2 9 9 2 2 2 1 2 2 2 2 2 2 9
left_child=1 4 3 -2 5 6 -1 8 -7 -9 11 -11 13 -4
right_child=2 -3 12 -5 -6 7 -8 9 -10 10 -12 -13 -14 -15
leaf_value=-0.045033118341119033 0.01333783422230574 0.00021682916688751973 0.0025916217975070037 0.00082956105914581469 -0.021458190420451953 -0.001049816979226697 -0.0068930679258961281 -0.022541323218473616 -0.028383081229329029 0.056974830616354492 -0.010774240752625529 0.016488939513800375 0.0023141239545918721 -0.0071160983905094238
leaf_weight=163.07140879333019 1935.8263354003429 9814.2132450342178 4547.7430557012558 2366.3275180310011 793.43676809966564 617.88189661502838 362.90271054208279 98.956872448325157 315.29137867689133 97.829246014356613 210.04953971505165 329.61177918314934 12357.206861257553 4781.883396551013
leaf_count=659 8106 40648 18790 10043 3229 2525 1477 408 1278 396 849 1338 51698 19899
internal_value=0.000141409 -0.00223839 0.00131419 0.006453 -0.0102549 -0.00621106 -0.020018 -0.00181176 -0.0103923 0.00905088 0.0140999 0.0263182 0.000290182 -0.00238951
internal_weight=38792.2 12803.2 25989 4302.15 2989.03 2195.59 525.974 1669.62 933.173 736.447 637.491 427.441 21686.8 9329.63
internal_count=161343 52807 108536 18149 12159 8930 2136 6794 3803 2991 2583 1734 90387 38689
cat_boundaries=0 2 4 5 7
cat_threshold=1157905344 98375 1344340044 850 1160 22428289 74885
is_linear=0
shrinkage=0.05


Tree=70
num_leaves=15
num_cat=4
split_feature=29 12 40 40 3 23 15 17 12 35 40 40 4 39
split_gain=49.6404 48.9312 79.2332 59.6308 39.3425 39.0457 44.2985 42.74 39.953 38.7238 54.5523 38.4202 35.4992 50.4168
threshold=0.81016731262207042 0.18326541781425479 0 1 0.58206820487976085 0.30096428096294409 0.013820603489875795 0.042825389653444297 0.06018024496734143 1.2434980869293215 2 3 -0.25853675603866572 -0.28536424040794367
decision_type=2 2 9 9 2 8 2 2 2 2 9 9 2 2
left_child=1 3 -3 5 -4 7 -7 -1 -8 12 -11 -2 -5 -14
right_child=11 2 4 9 -6 6 8 -9 -10 10 -12 -13 13 -15
leaf_value=0.0033278027681109094 6.4628218343652639e-07 -0.0018601666552354604 0.0097706035311566977 0.011738232691293659 -0.025634602794956191 0.021427226802207756 -0.056181196339935346 -0.027698177599186104 -0.011362778775769305 0.015943104732302441 -0.009475351565703222 -0.0069947770759990384 -0.018218620026633024 -0.00090294184908159517
leaf_weight=11024.59239821136 3855.0113345682621 2803.8365568816662 3980.1110035181046 510.20659752190113 75.30595363676548 83.172958135604858 53.331226035952568 107.14475871622562 374.98253001272678 216.01530031859875 2744.3051379323006 3991.5117285847664 437.27668930590153 8528.7632616758347
leaf_count=46146 16026 11772 16762 2112 326 351 222 448 1577 881 11210 16590 1804 35130
internal_value=-1.75954e-05 0.000883195 0.00460718 -0.000178129 0.00905886 0.00239167 -0.0110467 0.00301642 -0.0175387 -0.00258424 -0.00757331 -0.00356837 -0.00102471 -0.00175767
internal_weight=38785.6 30939 6859.25 24079.8 4055.42 11643.2 511.487 11131.7 428.314 12436.6 2960.32 7846.52 9476.25 8966.04
internal_count=161357 128741 28860 99881 17088 48744 2150 46594 1799 51137 12091 32616 39046 36934
cat_boundaries=0 2 4 6 8
cat_threshold=3479240982 25626 3403882622 67162 128 32800 3961012452 64948
is_linear=0
shrinkage=0.05


end of trees

feature_importances:
symbol_cat=281
mkt_rv21=139
month=124
amihud=62
mom_12_1=40
rv_63=36
beta_252=35
regime=25
sector_cat=24
sma10_sma50=23
ret_63d=22
rel_sector_21=21
rv_ratio=19
c_sma50=18
parkinson_21=18
drawdown_252=17
atr_norm=14
deliv_dev=13
pct_deliv=11
boll_bw=10
sector_ret_21=8
cs_rank_rv21=7
mkt_ret_1d=6
rv_21=4
macd_norm=3
c_sma10=2
macd_hist_norm=2
vol_trend=2
cs_rank_ret21=2
ret_5d=1
rsi_14=1
boll_pctb=1
c_vwap=1
is_month_end=1
cs_rank_ret1=1

parameters:
[boosting: gbdt]
[objective: binary]
[metric: binary_logloss]
[tree_learner: serial]
[device_type: cpu]
[data_sample_strategy: bagging]
[data: ]
[valid: ]
[num_iterations: 71]
[learning_rate: 0.05]
[num_leaves: 15]
[num_threads: 4]
[seed: 42]
[deterministic: 1]
[force_col_wise: 0]
[force_row_wise: 1]
[histogram_pool_size: -1]
[max_depth: -1]
[min_data_in_leaf: 200]
[min_sum_hessian_in_leaf: 0.001]
[bagging_fraction: 0.8]
[pos_bagging_fraction: 1]
[neg_bagging_fraction: 1]
[bagging_freq: 1]
[bagging_seed: 400]
[bagging_by_query: 0]
[feature_fraction: 0.7]
[feature_fraction_bynode: 1]
[feature_fraction_seed: 30056]
[extra_trees: 0]
[extra_seed: 12879]
[early_stopping_round: 0]
[early_stopping_min_delta: 0]
[first_metric_only: 0]
[max_delta_step: 0]
[lambda_l1: 0.1]
[lambda_l2: 5]
[linear_lambda: 0]
[min_gain_to_split: 0]
[drop_rate: 0.1]
[max_drop: 50]
[skip_drop: 0.5]
[xgboost_dart_mode: 0]
[uniform_drop: 0]
[drop_seed: 17869]
[top_rate: 0.2]
[other_rate: 0.1]
[min_data_per_group: 100]
[max_cat_threshold: 32]
[cat_l2: 10]
[cat_smooth: 20]
[max_cat_to_onehot: 4]
[top_k: 20]
[monotone_constraints: ]
[monotone_constraints_method: basic]
[monotone_penalty: 0]
[feature_contri: ]
[forcedsplits_filename: ]
[refit_decay_rate: 0.9]
[cegb_tradeoff: 1]
[cegb_penalty_split: 0]
[cegb_penalty_feature_lazy: ]
[cegb_penalty_feature_coupled: ]
[path_smooth: 0]
[interaction_constraints: ]
[verbosity: -1]
[saved_feature_importance_type: 0]
[use_quantized_grad: 0]
[num_grad_quant_bins: 4]
[quant_train_renew_leaf: 0]
[stochastic_rounding: 1]
[linear_tree: 0]
[max_bin: 255]
[max_bin_by_feature: ]
[min_data_in_bin: 3]
[bin_construct_sample_cnt: 200000]
[data_random_seed: 175]
[is_enable_sparse: 1]
[enable_bundle: 1]
[use_missing: 1]
[zero_as_missing: 0]
[feature_pre_filter: 1]
[pre_partition: 0]
[two_round: 0]
[header: 0]
[label_column: ]
[weight_column: ]
[group_column: ]
[ignore_column: ]
[categorical_feature: 40,41]
[forcedbins_filename: ]
[precise_float_parser: 0]
[parser_config_file: ]
[objective_seed: 16083]
[num_class: 1]
[is_unbalance: 0]
[scale_pos_weight: 1]
[sigmoid: 1]
[boost_from_average: 1]
[reg_sqrt: 0]
[alpha: 0.9]
[fair_c: 1]
[poisson_max_delta_step: 0.7]
[tweedie_variance_power: 1.5]
[lambdarank_truncation_level: 30]
[lambdarank_norm: 1]
[label_gain: ]
[lambdarank_position_bias_regularization: 0]
[eval_at: ]
[multi_error_top_k: 1]
[auc_mu_weights: ]
[num_machines: 1]
[local_listen_port: 12400]
[time_out: 120]
[machine_list_filename: ]
[machines: ]
[gpu_platform_id: -1]
[gpu_device_id: -1]
[gpu_use_dp: 0]
[num_gpu: 1]

end of parameters

pandas_categorical:[["ADANIPORTS", "ASIANPAINT", "AXISBANK", "BAJAJ-AUTO", "BAJAJFINSV", "BAJFINANCE", "BHARTIARTL", "BPCL", "BRITANNIA", "CIPLA", "COALINDIA", "DRREDDY", "EICHERMOT", "GAIL", "GRASIM", "HCLTECH", "HDFC", "HDFCBANK", "HEROMOTOCO", "HINDALCO", "HINDUNILVR", "ICICIBANK", "INDUSINDBK", "INFY", "IOC", "ITC", "JSWSTEEL", "KOTAKBANK", "LT", "MARUTI", "MM", "NESTLEIND", "NTPC", "ONGC", "POWERGRID", "RELIANCE", "SBIN", "SHREECEM", "SUNPHARMA", "TATAMOTORS", "TATASTEEL", "TCS", "TECHM", "TITAN", "ULTRACEMCO", "UPL", "VEDL", "WIPRO", "ZEEL"], ["AUTOMOBILE", "CEMENT & CEMENT PRODUCTS", "CONSTRUCTION", "CONSUMER GOODS", "ENERGY", "FERTILISERS & PESTICIDES", "FINANCIAL SERVICES", "IT", "MEDIA & ENTERTAINMENT", "METALS", "PHARMA", "SERVICES", "TELECOM"]]
