tree
version=v4
num_class=1
num_tree_per_iteration=1
label_index=0
max_feature_idx=41
objective=binary sigmoid:1
feature_names=ret_1d ret_5d ret_21d ret_63d mom_12_1 c_sma10 c_sma50 sma10_sma50 rsi_14 macd_norm macd_hist_norm boll_pctb boll_bw atr_norm rv_21 rv_63 rv_ratio parkinson_21 range_norm overnight_gap vol_surprise vol_trend pct_deliv deliv_dev amihud c_vwap dow month is_month_end cs_rank_ret1 cs_rank_ret21 cs_rank_rv21 cs_rank_volsurp mkt_ret_1d mkt_rv21 beta_252 rel_sector_21 sector_ret_21 regime drawdown_252 symbol_cat sector_cat
feature_infos=[-0.33539342880249023:0.29050922393798828] [-0.55552577972412109:0.52155399322509766] [-1.0605630874633789:0.81127047538757324] [-1.4420571327209473:1.4301002025604248] [-2.0913701057434082:2.394237756729126] [-0.38960584998130798:0.41373667120933533] [-0.63538634777069092:0.96833759546279907] [-0.55037587881088257:0.62138658761978149] [7.1279511451721191:94.787033081054688] [-0.49298614263534546:0.13874010741710663] [-0.088423416018486023:0.08130134642124176] [-0.51351809501647949:1.5343765020370483] [0.011128954589366913:1.3387584686279297] [0.0074734454974532127:0.24071347713470459] [0.0029149728361517191:0.1116195023059845] [0.0046013034880161285:0.076512239873409271] [0.12147980183362961:1.718988299369812] [0.0038011299911886454:0.1103220209479332] [0:0.5297052264213562] [-0.3765568733215332:0.22702705860137939] [-7.1645965576171875:5.8895869255065918] [0.019823728129267693:11.299847602844238] [0.023600000888109207:1] [-0.66891425848007202:0.81771427392959595] [-39.564857482910156:-22.382728576660156] [-0.11652342975139618:0.13046194612979889] [0:6] [1:12] [0:1] [0.020408162847161293:1] [0.020408162847161293:1] [0.020408162847161293:1] [0.020408162847161293:1] [-0.10609429329633713:0.13886605203151703] [0.060614865273237228:0.73461169004440308] [0.060895074158906937:2.8448631763458252] [-0.51129192113876343:0.50864702463150024] [-0.88394927978515625:0.62341302633285522] [0:2] [-0.88927578926086426:0] -1:35:21:24:43:30:8:11:17:1:40:46:12:7:15:16:23:47:18:36:39:9:33:14:25:38:48:2:20:19:5:13:22:27:37:6:29:45:28:44:41:32:26:42:34:0:4:3:31 -1:6:4:3:0:7:9:10:1:8:12:5:2:11
tree_sizes=1766 1841 1834 1801 1841 1829 1843 1828 1834 1823 1812 1853 1803 1836 1819 1849 1844 1822 1807 1817 1846 1814 1837 1840 1853 1837 1799 1846 1841 1832 1801 1819 1832 1827 1839 1845 1817 1839 1840 1835 1845 1838 1818 1835 1809 1817 1843 1854 1836 1830 1841 1835 1839 1784 1842 1839 1827 1841 1794 1844 1846 1829 1828 1836 1827 1818 1829 1821 1813 1830 1851 1839 1847 1824 1828 1820 1827 1837 1793 1834 1809 1811 1845 1772 1829 1866 1852 1778 1804 1816 1854 1845 1841 1795 1830 1825 1819 1839 1835 1817 1845 1787 1815 1803 1824 1852 1781 1845 1836 1850 1786 1814 1798 1837 1811 1820 1824 1831 1842 1829 1818 1838 1785 1809 1837 1847 1844 1837 1798 1827 1833 1802 1798 1804 1826 1833 1842 1786

Tree=0
num_leaves=15
num_cat=4
split_feature=1 34 27 40 28 40 27 40 40 37 37 27 8 34
split_gain=157.954 127.596 127.47 94.2571 84.5342 75.4668 77.4798 68.1672 59.5297 59.3481 57.0648 53.2878 48.8129 48.7779
threshold=0.00040030479431152349 0.60323816537857067 1.5000000000000002 0 1.0000000180025095e-35 1 11.500000000000002 2 3 0.028536830097436908 0.011347715742886068 5.5000000000000009 74.382583618164077 0.096747338771820082
decision_type=2 2 2 9 2 9 2 9 9 2 2 2 2 2
left_child=2 3 8 10 5 -4 9 -6 -1 -7 11 -2 -12 -10
right_child=1 -3 4 -5 7 6 -8 -9 13 -11 12 -13 -14 -15
leaf_value=0.13552339185210735 0.12157056769234054 0.07805201528468414 0.14129844296122296 0.12764022127849675 0.13403948873074514 0.12973549092974332 0.14874057259050258 0.15312321014957128 0.090311671736193172 0.13869660269218234 0.13825133996655231 0.1343702604975075 0.12484021076996045 0.12083399281888643
leaf_weight=655.57805916666985 1416.4368772655725 109.76079122722149 5814.8330282121897 10752.824180021882 685.69383181631565 5742.6547301262617 811.88140812516212 1523.2109802961349 151.82331666350365 2717.8862589597702 6375.8326278179884 1897.0447862446308 754.38766033947468 857.42840312421322
leaf_count=2634 5691 441 23363 43203 2755 23073 3262 6120 610 10920 25617 7622 3031 3445
internal_value=0.13359 0.130637 0.13691 0.130922 0.138182 0.136842 0.134034 0.147308 0.123716 0.132616 0.134307 0.128891 0.136827 0.116217
internal_weight=40267.3 21306.3 18961 21196.5 17296.2 15087.3 9272.42 2208.9 1664.83 8460.54 10443.7 3313.48 7130.22 1009.25
internal_count=161787 85605 76182 85164 69493 60618 37255 8875 6689 33993 41961 13313 28648 4055
cat_boundaries=0 2 4 6 8
cat_threshold=4232204602 39920 3632760891 66124 504643592 53957 1096982679 56904
is_linear=0
shrinkage=1


Tree=1
num_leaves=15
num_cat=3
split_feature=1 40 40 36 27 37 8 27 2 33 26 24 15 40
split_gain=148.825 132.794 112.655 76.4297 67.0228 55.2041 52.6936 46.2784 43.719 43.1129 44.1918 36.543 40.7465 37.8977
threshold=0.015712857246398929 0 1 0.015890386886894706 1.5000000000000002 0.053414845839142806 51.924211502075202 1.5000000000000002 -0.14027917385101316 -0.00081688800128176798 1.5000000000000002 -35.223697662353509 0.018709254451096061 2
decision_type=2 9 9 2 2 2 2 2 2 2 2 2 2 9
left_child=1 7 -2 6 8 -6 -4 -1 -3 10 -9 12 -8 -14
right_child=2 4 3 -5 5 -7 11 9 -10 -11 -12 -13 13 -15
leaf_value=-0.0039465531675997728 -0.0098835564607816749 0.027033507559318017 -0.0047379931530055798 -0.0054382192389364238 -0.0020796116505161699 0.0061875577547489012 0.0088081853249053783 0.0090974493744900454 -0.015517469461745328 0.0096722972036766604 -0.00015437426401006542 0.013205618401962289 0.0038177149101666142 -0.015005571317516503
leaf_weight=1085.8083400279284 5261.8972648531199 59.512419179081917 1422.5184119492769 4656.8408512026072 8947.4499583393335 2602.3529004007578 1283.0341535955667 2145.7710815519094 1041.2729422301054 6199.3011371642351 3224.6701672673225 1324.9958712160587 608.00448986887932 457.19983254373074
leaf_count=4361 21134 239 5714 18708 35952 10459 5155 8624 4181 24915 12960 5324 2443 1837
internal_value=-5.63371e-05 0.00228326 -0.00399938 -0.000809739 -0.00133993 -0.000214584 0.00341869 0.00590092 -0.0131007 0.00683193 0.0035463 0.00658101 0.00282082 -0.00439372
internal_weight=40320.6 25306.1 15014.5 9752.59 12650.6 11549.8 5095.75 12655.6 1100.79 11569.7 5370.44 3673.23 2348.24 1065.2
internal_count=162006 101691 60315 39181 50831 46411 20473 50860 4420 46499 21584 14759 9435 4280
cat_boundaries=0 2 4 6
cat_threshold=683915383 109160 10854985 123911 608714790 472
is_linear=0
shrinkage=0.05


Tree=2
num_leaves=15
num_cat=2
split_feature=28 34 34 29 40 10 24 40 10 33 27 26 34 27
split_gain=132.475 136.284 111.974 100.917 87.8908 74.604 70.8839 66.384 59.9838 47.0385 46.1275 44.7689 44.3354 53.1358
threshold=1.0000000180025095e-35 0.089960396289825453 0.60323816537857067 0.72944819927215587 0 0.011031376197934152 -35.723581314086907 1 -0.0043644057586789122 0.0039221041370183238 11.500000000000002 3.5000000000000004 0.10199732333421709 11.500000000000002
decision_type=2 2 2 2 9 2 2 9 2 2 2 2 2 2
left_child=2 -2 3 4 12 -4 7 -3 10 -10 -6 -9 -1 -14
right_child=1 6 5 -5 8 -7 -8 11 9 -11 -12 -13 13 -15
leaf_value=-0.013729419347904323 -0.021720178088570154 0.013306938977926256 -0.015787380581952764 -0.0051365000566829903 0.0063813313573671095 -0.076844846133586109 0.01614266293954579 0.0019552749915658411 -0.001302841169929595 0.0047740276724838925 0.026093173062918657 -0.018216902896472053 -0.0036998389530688586 0.012505974848695079
leaf_weight=969.73778139054775 371.25481913983822 1156.3433638960123 164.21420095860958 9809.2580253779888 4025.225403636694 69.548414826393127 2225.9162736982107 1318.9365508407354 8103.232519313693 5238.6029408127069 316.53792864084244 342.18572793900967 5664.3375893831253 550.36828942596912
leaf_count=3895 1492 4648 659 39407 16178 279 8947 5300 32562 21051 1273 1375 22752 2212
internal_value=5.04649e-05 0.00732367 -0.00107834 -0.000843117 0.00085091 -0.0352028 0.00948204 0.00419881 0.00274499 0.00108373 0.00784794 -0.00222596 -0.00380763 -0.00225496
internal_weight=40325.7 5414.64 34911.1 34677.3 24868 233.763 5043.38 2817.47 17683.6 13341.8 4341.76 1661.12 7184.44 6214.71
internal_count=162030 21762 140268 139330 99923 938 20270 11323 71064 53613 17451 6675 28859 24964
cat_boundaries=0 2 4
cat_threshold=85475968 17799 1019746722 10648
is_linear=0
shrinkage=0.05


Tree=3
num_leaves=15
num_cat=0
split_feature=34 27 1 34 27 33 33 26 34 34 27 34 27 34
split_gain=118.883 148.663 115.756 100.198 79.6991 78.9835 62.4187 94.303 68.8389 81.1711 62.0067 82.7125 101.61 73.5616
threshold=0.098483305424451842 2.5000000000000004 0.015712857246398929 0.60323816537857067 11.500000000000002 -0.011378074064850805 -0.0088627152144908888 1.0000000180025095e-35 0.16453924775123599 0.17560444772243503 7.5000000000000009 0.084187332540750517 10.500000000000002 0.076115202158689513
decision_type=2 2 2 2 2 2 2 2 2 2 2 2 2 2
left_child=1 -1 4 -4 6 -6 7 -2 -9 -10 13 12 -12 -3
right_child=2 10 3 -5 5 -7 -8 8 9 -11 11 -13 -14 -15
leaf_value=-0.027779768230025832 0.010161494961699907 0.025714568088487107 -0.0022883364429569781 -0.053114722593685305 0.038751054423737177 0.0089221165646148678 0.0037746125911914496 -0.014782863089670601 0.031440099304042922 -0.0038308743238761392 -0.0097522991107119733 -0.0015387756034784669 -0.049928549604538602 -0.0014150517979044082
leaf_weight=756.98629835247993 1062.5937508493662 291.50712744891644 13416.96484772861 92.696480929851532 252.54315730929375 1658.0921523869038 15845.16593337059 1523.5684920698404 174.22020852565765 1810.3117413371801 468.03226910531521 1103.9760177880526 234.98419187963009 1584.0350257307291
leaf_count=3038 4271 1171 53886 371 1016 6671 63690 6122 700 7274 1880 4436 944 6364
internal_value=3.87833e-05 -0.00767428 0.000995384 -0.00265697 0.00320573 0.0129583 0.00228984 -0.00285482 -0.0068077 -0.000660723 -0.00350795 -0.0101058 -0.0234461 0.00285608
internal_weight=40275.7 4439.52 35836.2 13509.7 22326.5 1910.64 20415.9 4570.69 3508.1 1984.53 3682.53 1806.99 703.016 1875.54
internal_count=161834 17833 144001 54257 89744 7687 82057 18367 14096 7974 14795 7260 2824 7535
is_linear=0
shrinkage=0.05


Tree=4
num_leaves=15
num_cat=4
split_feature=27 34 29 40 40 15 37 40 5 40 6 35 34 37
split_gain=119.689 143.146 119.654 85.9904 81.8797 74.9398 92.7761 57.1038 39.5643 38.0297 40.5287 37.3208 37.2376 43.3325
threshold=2.5000000000000004 0.098483305424451842 0.79478609561920177 0 1 0.039823565632104881 -0.13361611962318418 2 0.016898506321012977 3 0.092264145612716689 0.87017869949340831 0.19011478871107104 0.094565670937299742
decision_type=2 2 2 9 9 2 2 9 2 9 2 2 2 2
left_child=1 3 4 11 8 7 -7 -3 -2 -4 -11 -1 13 -6
right_child=2 5 9 -5 12 6 -8 -9 -10 10 -12 -13 -14 -15
leaf_value=0.017162739621341454 0.0071361040378677054 -0.010093446802443368 -0.0010417371193736358 -0.038686068248127599 -0.0029350037516858128 0.031394424692882859 -0.038670881883161236 0.001080207068363205 0.00084623128144286491 -0.0054342745370522085 -0.018368715054620881 -0.021097025172528094 0.0040656894830792155 0.0079801215563182343
leaf_weight=122.9732583463192 9576.1060431599617 1615.7225336432457 3832.2547467499971 489.35937786102295 8492.3119054585695 53.012273147702217 270.34443053603172 3821.0465691387653 3387.3678244650364 2817.4772200286388 770.16611675918102 121.98457996547222 3835.9799113869667 1013.2135279476643
leaf_count=493 38514 6489 15395 1961 34123 213 1086 15350 13608 11316 3092 489 15414 4072
internal_value=-0.000116271 -0.00632927 0.00108079 -0.0270443 0.00266266 -0.00366643 -0.0268658 -0.00226229 0.00548967 -0.00452461 -0.00821117 -0.00183732 -8.89412e-05 -0.00176743
internal_weight=40219.3 6494.44 33724.9 734.317 26305 5760.13 323.357 5436.77 12963.5 7419.9 3587.64 244.958 13341.5 9505.53
internal_count=161615 26081 135534 2943 105731 23138 1299 21839 52122 29803 14408 982 53609 38195
cat_boundaries=0 2 4 6 8
cat_threshold=1239648260 5698 4173568367 73840 18360897 66323 2110282294 19256
is_linear=0
shrinkage=0.05


Tree=5
num_leaves=15
num_cat=3
split_feature=28 34 29 40 24 8 40 40 34 27 27 27 37 27
split_gain=122.864 122.799 97.0683 87.4027 68.1962 59.021 56.5471 55.9636 49.8675 48.014 45.7156 60.8898 45.4825 39.0136
threshold=1.0000000180025095e-35 0.089960396289825453 0.72944819927215587 0 -35.723581314086907 35.018564224243171 1 2 0.60323816537857067 1.5000000000000002 3.5000000000000004 7.5000000000000009 0.0087655913084745424 2.5000000000000004
decision_type=2 2 2 9 2 2 9 9 2 2 2 2 2 2
left_child=2 10 3 5 6 -1 -3 -4 9 -5 -2 -12 -7 -6
right_child=1 4 7 8 13 12 -8 -9 -10 -11 11 -13 -14 -15
leaf_value=0.015452111169131592 -0.05933025244956313 0.010672225636519352 -0.0015199244992163427 -0.012294524012390236 0.00079934370850265563 -0.0014670605629765817 -0.0034664182560951683 -0.0090489658229623293 -0.038824858106437571 -0.0012080633028261551 0.011682651237387487 -0.031904559827903571 0.0050469398184983319 0.018488101013141519
leaf_weight=949.09263336658478 58.713165432214737 1432.6571708917618 4856.2367213964462 1061.4687920212746 376.02741467952728 4401.7908497899771 1373.6620008647442 5044.3268560767174 88.355665281414986 11636.807007715106 141.14333198964596 174.0426047295332 6833.4976697862148 1848.2038921713829
leaf_count=3818 235 5763 19504 4258 1512 17696 5520 20248 354 46760 567 698 27476 7440
internal_value=-9.40118e-05 0.00691711 -0.00118159 0.000479497 0.00897773 0.00350765 0.00378151 -0.00536977 -0.00240675 -0.00213967 -0.0205465 -0.0124925 0.00249491 0.0155084
internal_weight=40276 5404.45 34871.6 24971 5030.55 12184.4 2806.32 9900.56 12786.6 12698.3 373.899 315.186 11235.3 2224.23
internal_count=161849 21735 140114 100362 20235 48990 11283 39752 51372 51018 1500 1265 45172 8952
cat_boundaries=0 2 4 6
cat_threshold=2861013375 39488 1037580970 14744 2109921594 4920
is_linear=0
shrinkage=0.05


Tree=6
num_leaves=15
num_cat=4
split_feature=29 27 34 40 40 37 13 40 34 10 33 40 34 36
split_gain=104.29 81.0501 86.0282 71.7007 65.9377 63.6524 55.5517 54.3446 54.2739 51.7942 46.0876 44.9159 41.0789 34.7215
threshold=0.72944819927215587 2.5000000000000004 0.098483305424451842 0 1 -0.14113204181194303 0.035282896831631667 2 0.24484682828187945 -0.0010631975019350646 0.0068891991395503291 3 0.23343458026647571 0.043289801105856902
decision_type=2 2 2 9 9 2 2 9 2 2 2 9 2 2
left_child=1 2 7 6 -3 -5 -4 -1 12 -10 -6 -2 -7 -13
right_child=11 4 3 5 10 8 -8 -9 9 -11 -12 13 -14 -15
leaf_value=0.0027927670022696474 -0.00038791342680836804 0.0055756124075907682 0.011937819208793006 0.033860418632466381 -0.0015415243230598528 -0.0079224724740212249 -0.0055806326823434147 -0.032993194048631547 -0.0080031590766216337 -0.051623231425328812 0.0053945014965611033 -0.0047828007305981577 0.033259662410167611 -0.014055649926281086
leaf_weight=150.98699763417244 5231.9133119732141 12212.849541202188 1188.2124735713005 82.576250597834587 8732.4189115464687 1782.7173520028591 724.74368633329868 370.19462303817272 136.52003218233585 135.80735066533089 3294.2464662194252 4929.0112603157759 57.770229205489159 1269.5436625480652
leaf_count=605 21014 49137 4774 332 35092 7158 2912 1482 548 545 13242 19785 232 5094
internal_value=0.000232068 0.00183267 -0.00422587 -0.00178435 0.00299064 -0.0079224 0.00527342 -0.0232624 -0.00967127 -0.0303127 0.000359074 -0.00380905 -0.00654051 -0.00668183
internal_weight=40299.5 28869 4629.53 4108.35 24239.5 2195.39 1912.96 521.182 2112.81 272.327 12026.7 11430.5 1840.49 6198.55
internal_count=161952 116059 18588 16501 97471 8815 7686 2087 8483 1093 48334 45893 7390 24879
cat_boundaries=0 2 4 6 8
cat_threshold=3280388151 40172 2864945511 76376 1134665856 38466 2105561138 24504
is_linear=0
shrinkage=0.05


Tree=7
num_leaves=15
num_cat=5
split_feature=1 34 40 40 12 37 37 6 40 40 8 24 31 40
split_gain=130.057 116.926 85.0241 84.149 71.765 56.4643 55.5989 59.9253 39.8806 38.4561 37.2071 43.618 36.7602 39.319
threshold=0.012505292892456056 0.60323816537857067 0 1 0.11172882094979288 0.0087655913084745424 0.0087655913084745424 0.15192765742540362 2 3 36.267198562622077 -29.801891326904293 0.19478319585323337 4
decision_type=2 2 9 9 2 2 2 2 9 9 2 2 2 9
left_child=3 2 6 10 5 9 -2 12 -7 -5 11 -1 -8 -14
right_child=1 -3 -4 4 -6 8 7 -9 -10 -11 -12 -13 13 -15
leaf_value=0.015507466789068692 -0.0061179254610711706 -0.055502430919149665 -0.0068546385174948965 -0.015281960124594563 0.0031712086768624203 0.0063950985471297114 0.014471871718368093 -0.0072178566263822776 -0.0048252501325784141 -0.0042274117132135294 0.0045039270395729547 -0.025372057448755925 -0.0054351805782553312 0.0062178195141493553
leaf_weight=1267.4248691797256 2335.4593666344881 102.43453060090542 7908.2388004362583 1311.1579769551754 7020.2190434932709 1539.9458047747612 911.80137817561626 1151.7350741624832 1599.047221571207 2018.265600413084 9176.8740601688623 64.288809269666672 953.57575969398022 2878.2221506237984
leaf_count=5103 9378 410 31742 5266 28220 6191 3666 4626 6427 8110 36924 259 3832 11566
internal_value=-5.1129e-05 -0.00350592 -0.0031585 0.00228713 -0.000327872 -0.00412624 0.000402032 0.00298946 0.000684114 -0.00865719 0.00563768 0.0134427 0.00547382 0.0033153
internal_weight=40238.7 16241.5 16139 23997.2 13488.6 6468.42 8230.79 5895.33 3138.99 3329.42 10508.6 1331.71 4743.6 3831.8
internal_count=161720 65220 64810 96500 54214 25994 33068 23690 12618 13376 42286 5362 19064 15398
cat_boundaries=0 2 4 6 8 10
cat_threshold=4249504178 6584 2296621183 76296 1376272640 21603 51134720 16643 3489794050 8
is_linear=0
shrinkage=0.05


Tree=8
num_leaves=15
num_cat=6
split_feature=28 24 1 40 33 5 40 40 27 40 6 40 40 5
split_gain=115.58 103.948 97.6552 79.8219 60.2192 58.9762 51.7646 49.4277 47.3945 42.781 42.4327 45.1736 41.7041 41.1919
threshold=1.0000000180025095e-35 -35.723581314086907 0.052636742591857917 0 0.0068891991395503291 -0.02951371110975742 1 2 10.500000000000002 3 0.030572368763387207 4 5 -0.0076835341751575461
decision_type=2 2 2 9 2 2 9 9 2 9 2 9 9 2
left_child=2 6 3 -1 5 7 -2 -5 -6 10 11 -4 -3 -8
right_child=1 12 9 4 8 -7 13 -9 -10 -11 -12 -13 -14 -15
leaf_value=0.0027795012461587776 0.0064866608050740725 0.029329371849741798 0.0066423273079312117 0.015067585426705225 0.00039581487647604748 -0.0057914900027674042 0.0058634286422956901 -0.0012111593966262874 0.01455596520123028 -0.012969892669643657 0.00074541421852427747 -0.0238461124464763 0.011379658952548558 -0.012486912479067545
leaf_weight=13228.665558561683 1711.4694036990404 398.75773344933987 169.35845628380775 599.95159415900707 3556.735505014658 10270.558921322227 450.03242336213589 1924.3061868548393 703.93436473608017 2207.9728284776211 1715.3377734720707 394.65887066721916 1913.2110931575298 931.64943857491016
leaf_count=53204 6887 1607 680 2412 14291 41246 1810 7733 2831 8858 6886 1584 7710 3741
internal_value=-9.62799e-05 0.00670204 -0.00115401 -0.000133347 -0.0023933 -0.00410895 0.000700809 0.00273283 0.0027508 -0.00803338 -0.00316073 -0.0150069 0.01471 -0.00646018
internal_weight=40176.6 5405.12 34771.5 30284.2 17055.5 12794.8 3093.15 2524.26 4260.67 4487.33 2279.36 564.017 2311.97 1381.68
internal_count=161480 21755 139725 121717 68513 51391 12438 10145 17122 18008 9150 2264 9317 5551
cat_boundaries=0 2 4 6 8 10 12
cat_threshold=1283955070 6720 886659754 43928 36708352 8205 1058036156 21936 571490432 4144 1631584257 65795
is_linear=0
shrinkage=0.05


Tree=9
num_leaves=15
num_cat=5
split_feature=34 36 40 40 40 22 5 5 40 24 36 23 6 40
split_gain=104.434 100.555 100.986 75.8825 60.1426 55.5833 42.4758 41.1973 41.2037 36.3187 33.1502 43.1384 32.6112 44.8347
threshold=0.089139107614755644 -2.1105684311351066e-08 0 1 2 0.18084999918937686 0.06983217224478723 -0.0064687978010624638 3 -37.274326324462884 -0.075329162180423723 inf 0.03837417624890805 4
decision_type=2 2 9 9 9 10 2 2 9 2 2 8 2 9
left_child=3 2 10 5 6 -1 12 8 -6 -4 -2 -12 13 -3
right_child=1 4 9 -5 7 -7 -8 -9 -10 -11 11 -13 -14 -15
leaf_value=-0.048555662692529512 0.015575170932056199 0.00442794032222145 -0.0070932174178475089 -0.01767638001945785 -0.012904890339970089 0.0015978153059463701 -0.011038449932138081 -0.0070244594287344822 0.0035237582875380421 0.0014506336035869528 0.0073161625680609951 -0.012143742915502562 0.0046331969237723295 -0.006156603774441544
leaf_weight=52.847148507833481 1168.2656407356262 1783.2676055729389 1406.6538744717836 1348.7336270064116 451.63910341262817 1221.5773914456367 684.94612358510494 6227.936894133687 2080.8697983026505 10454.70533066988 6097.2793435007334 294.14047211408615 4782.3890954107046 2241.9428431689739
leaf_count=212 4704 7175 5653 5413 1815 4904 2749 25000 8368 42021 24534 1184 19229 9012
internal_value=0.000141295 0.000813565 0.00331753 -0.00949518 -0.00185054 -0.000654526 0.000907437 -0.0048339 0.000535333 0.000434058 0.00782691 0.00641102 0.00184377 -0.00147076
internal_weight=40297.2 37674 19421 2623.16 18253 1274.42 9492.55 8760.45 2532.51 11861.4 7559.69 6391.42 8807.6 4025.21
internal_count=161973 151444 78096 10529 73348 5116 38165 35183 10183 47674 30422 25718 35416 16187
cat_boundaries=0 2 4 6 8 10
cat_threshold=3666069526 4712 750096765 42518 2109872446 68024 2182610944 4096 679610394 67584
is_linear=0
shrinkage=0.05


Tree=10
num_leaves=15
num_cat=1
split_feature=28 24 36 41 23 17 37 27 27 5 33 37 24 27
split_gain=115.855 87.3917 83.0665 47.544 64.1864 56.7087 51.7179 45.8076 41.9919 40.5472 40.0985 37.5622 43.2465 35.1694
threshold=1.0000000180025095e-35 -35.723581314086907 0.012861279770731928 0 inf 0.029771043919026855 -0.062001464888453477 2.5000000000000004 2.5000000000000004 -0.038818158209323876 0.0068891991395503291 0.010068657808005812 -35.088153839111321 5.5000000000000009
decision_type=2 2 2 1 8 2 2 2 2 2 2 2 2 2
left_child=2 13 3 4 5 11 -6 -4 -3 -5 -11 -1 -13 -2
right_child=1 8 7 9 6 -7 -8 -9 -10 10 -12 12 -14 -15
leaf_value=0.0013378363804029175 -0.0050396161633853853 -0.00080941539207203474 -0.0114114870457473 0.0059384988072667877 0.02722577738208002 -0.0044352603845660508 -0.017921895670233511 -0.0030516726055808776 0.017161878619749792 -0.0049461534879479043 0.0022865095015679533 0.005194323556168029 0.014947792488811052 0.0057332367330228352
leaf_weight=3641.9194391220808 1278.6121916770935 389.75964613258839 1950.4952818453312 1507.3915821760893 67.132455736398697 1763.4722447246313 544.88450613617897 10185.264446943998 1924.0178546756506 6709.9974092692137 2677.1016924232244 4244.0178267657757 1554.0205128192902 1843.552704796195
leaf_count=14645 5141 1569 7826 6063 270 7094 2191 40910 7768 26946 10758 17068 6256 7416
internal_value=-1.6788e-06 0.00678381 -0.00106118 0.000723291 0.00291823 0.00378421 -0.012781 -0.00439984 0.0141372 -0.00165814 -0.00288282 0.00532175 0.00781999 0.00131886
internal_weight=40281.6 5435.94 34845.7 22709.9 11815.4 11203.4 612.017 12135.8 2313.78 10894.5 9387.1 9439.96 5798.04 3122.16
internal_count=161921 21894 140027 91291 47524 45063 2461 48736 9337 43767 37704 37969 23324 12557
cat_boundaries=0 1
cat_threshold=1226
is_linear=0
shrinkage=0.05


Tree=11
num_leaves=15
num_cat=4
split_feature=29 40 40 5 12 4 10 33 12 40 17 17 33 40
split_gain=80.3745 70.9497 47.9816 46.8827 42.5197 53.8697 40.9971 43.9584 55.3194 39.1102 37.1859 33.6941 39.2297 28.3171
threshold=0.69883719086647045 0 1 0.0069481185637414464 0.14285437762737277 0.022377729415893558 -0.0066978153772652141 0.003864783677272499 0.1540915593504906 2 0.053913066163659103 0.050157006829977042 0.021049814298748974 3
decision_type=2 9 9 2 2 2 2 2 2 9 2 2 2 9
left_child=1 3 11 4 5 -1 9 8 -8 -3 -5 12 -2 -10
right_child=2 6 -4 10 -6 -7 7 -9 13 -11 -12 -13 -14 -15
leaf_value=-0.0040483731650819716 -0.00052995485074140301 0.013083769045023959 -0.0066499278923396249 0.00055806634953238596 0.010983784330590579 0.0064085672051927894 -0.0078030054451905632 0.0014160763925195176 0.0084435016230786503 -0.00035806797519414993 -0.030485539674588159 -0.020652029651456585 0.021618067203274846 -0.0035193198086521135
leaf_weight=1673.6216223984957 5929.8368288725615 868.57745614647865 6128.8211868554354 5055.141578540206 2858.1993087232113 4623.8418627679348 4941.2304806858301 4378.1985539346933 918.26439106464386 1401.2085121124983 93.340421915054321 194.72962659597397 201.89930179715157 1040.4623135179281
leaf_count=6739 23820 3495 24593 20326 11520 18627 19844 17600 3689 5634 375 782 811 4179
internal_value=-0.000165695 0.00132726 -0.00350379 0.00378118 0.00592941 0.00362772 -0.00126555 -0.0025009 -0.00498627 0.00485691 -3.28062e-05 -0.000441105 0.000215516 0.00211868
internal_weight=40307.4 27852.1 12455.3 14304.1 9155.66 6297.46 13547.9 11278.2 6899.96 2269.79 5148.48 6326.47 6131.74 1958.73
internal_count=162034 112028 50006 57587 36886 25366 54441 45312 27712 9129 20701 25413 24631 7868
cat_boundaries=0 2 4 6 8
cat_threshold=1791211894 43592 1904922930 24504 20185609 65543 285491336 1425
is_linear=0
shrinkage=0.05


Tree=12
num_leaves=15
num_cat=0
split_feature=36 34 28 34 34 27 38 34 38 27 27 27 39 27
split_gain=97.7543 71.4761 77.8639 60.8788 59.1615 63.8795 90.915 55.1999 56.5603 115.749 84.4136 58.3298 68.1891 49.9665
threshold=0.015890386886894706 0.089139107614755644 1.0000000180025095e-35 0.60323816537857067 0.25381019711494451 10.500000000000002 1.0000000180025095e-35 0.14088943600654605 1.5000000000000002 4.5000000000000009 7.5000000000000009 9.5000000000000018 -0.089478943496942506 3.5000000000000004
decision_type=2 2 2 2 2 2 2 2 2 2 2 2 2 2
left_child=1 -1 3 4 5 6 -3 13 11 -10 -11 -9 -13 -8
right_child=-2 2 -4 -5 -6 -7 7 8 9 10 -12 12 -14 -15
leaf_value=-0.0077201905020883978 -0.0033215377530425513 0.0030845662449206467 0.0096602116865700093 -0.030940368711444247 0.0082713105609080861 0.0068173413592273226 0.0030419569129405337 -0.0032574169665166492 0.0094676511795030293 -0.063172253636954362 -0.017511958063342228 0.024991048701379626 -0.0083117275070888549 -0.026804100269214051
leaf_weight=1789.2012437880039 13246.496054768562 7756.5766652077436 3383.7303000837564 138.55838693678379 2974.1854645609856 3455.1503399461508 195.41131229698658 5284.4297161102295 308.42515699565411 129.5463502407074 439.28506991267204 406.13434237241745 242.00654642283916 480.75654846429825
leaf_count=7181 53206 31182 13648 556 11959 13905 785 21242 1240 521 1767 1633 973 1932
internal_value=0.000195296 0.00192224 0.0026086 0.0015124 0.00172721 0.000684058 -0.000707672 -0.00463708 -0.00327605 -0.0150891 -0.0283792 -0.00151716 0.0125802 -0.0182123
internal_weight=40229.9 26983.4 25194.2 21810.5 21671.9 18697.7 15242.6 7486 6809.83 877.257 568.831 5932.57 648.141 676.168
internal_count=161730 108524 101343 87695 87139 75180 61275 30093 27376 3528 2288 23848 2606 2717
is_linear=0
shrinkage=0.05


Tree=13
num_leaves=15
num_cat=1
split_feature=27 34 40 28 24 34 34 38 27 34 34 27 38 27
split_gain=83.9603 96.3616 76.2701 75.7902 98.2494 79.8067 102.005 93.5208 157.655 127.25 119.975 99.2001 92.0129 132.036
threshold=2.5000000000000004 0.098483305424451842 0 1.0000000180025095e-35 -35.413961410522454 0.60323816537857067 0.24923912435770038 1.0000000180025095e-35 10.500000000000002 0.15185353904962542 0.16453924775123599 11.500000000000002 1.5000000000000002 4.5000000000000009
decision_type=2 2 9 2 2 2 2 2 2 2 2 2 2 2
left_child=1 2 -1 5 -5 6 7 -2 12 -10 -11 -12 -9 -14
right_child=3 -3 -4 4 -6 -7 -8 8 9 10 11 -13 13 -15
leaf_value=-0.00049760682110020534 0.0017536055102543317 -0.0031105091710459543 -0.034111865943022117 0.001356489070766545 0.016729174740199401 -0.029416338565971051 0.0073757386193702233 -0.0059840084673316446 0.02864795741925923 -0.020294180482592138 0.019878760442751935 -0.0041954897626681059 0.012537376472194293 -0.033140505352766809
leaf_weight=271.87942998111248 13681.338768020272 5728.0152980536222 464.96337579190731 2857.6788884848356 1630.1053843647242 224.09109130501747 4237.3249321728945 7505.1724358946085 501.57586163282394 509.89802569150925 808.95051375031471 898.65315306186676 201.14543522894382 696.86996710300446
leaf_count=1089 54990 23003 1861 11508 6597 899 17039 30157 2018 2051 3254 3619 809 2798
internal_value=-9.25769e-05 -0.00531044 -0.0222691 0.000907319 0.00695385 -2.07738e-05 0.000210906 -0.00101414 -0.0044184 0.00603764 0.000868223 0.00723113 -0.00780391 -0.0228909
internal_weight=40217.7 6464.86 736.843 33752.8 4487.78 29265 29040.9 24803.6 11122.3 2719.08 2217.5 1707.6 8403.19 898.015
internal_count=161692 25953 2950 135739 18105 117634 116735 99696 44706 10942 8924 6873 33764 3607
cat_boundaries=0 2
cat_threshold=769884290 38466
is_linear=0
shrinkage=0.05


Tree=14
num_leaves=15
num_cat=1
split_feature=1 34 33 37 28 34 34 37 34 23 34 34 39 41
split_gain=91.4866 90.2079 55.0106 58.484 51.2842 62.6537 68.5552 89.5761 52.8062 45.7571 57.1004 56.5837 57.2404 50.6599
threshold=0.00040030479431152349 0.60323816537857067 0.0098431259393692034 0.0013984622783027591 1.0000000180025095e-35 0.40313921868801122 0.27264876663684851 0.014087457675486805 0.093441840261220946 -0.16114047169685361 0.25381019711494451 0.29877212643623358 -0.50721952319145192 0
decision_type=2 2 2 2 2 2 2 2 2 10 2 2 2 1
left_child=4 2 3 -2 9 6 8 -8 -6 -1 13 12 -12 -11
right_child=1 -3 -4 -5 5 -7 7 -9 -10 10 11 -13 -14 -15
leaf_value=-0.0061840486413189755 -0.0079959845285717361 -0.045684552074502949 0.0029373516089652215 -0.00142523092785615 -0.013307486989063994 0.049241427635066851 -0.058088509530614764 0.020117400068908543 0.012405747708281296 -0.002263959612751036 -0.022158309377317595 0.0029688743364128627 0.023274373565737395 0.0040685658967286138
leaf_weight=1703.8345125317574 4721.6440221220255 113.66156527400017 4504.0831681787968 11963.743854373693 217.45360468327999 89.668503895401955 81.772306054830551 59.770280867815018 2001.6644145846367 5777.2550254911184 71.618121922016144 1205.1948227286339 826.45479878783226 6933.0642182677984
leaf_count=6853 18951 457 18104 48062 874 364 331 242 8093 23213 288 4852 3330 27910
internal_value=4.10637e-05 -0.00220731 -0.00196314 -0.00328677 0.00256644 0.00930956 0.00768978 -0.0254702 0.00985958 0.0015633 0.00245651 0.0100778 0.0195431 0.00119149
internal_weight=40270.9 21303.1 21189.5 16685.4 18967.8 2450.33 2360.66 141.543 2219.12 16517.4 14813.6 2103.27 898.073 12710.3
internal_count=161924 85574 85117 67013 76350 9904 9540 573 8967 66446 59593 8470 3618 51123
cat_boundaries=0 1
cat_threshold=787
is_linear=0
shrinkage=0.05


Tree=15
num_leaves=15
num_cat=6
split_feature=1 40 12 40 37 40 40 19 40 40 6 12 39 24
split_gain=70.6039 69.3884 63.3632 74.2398 55.5715 55.9335 54.9873 54.6987 46.0925 44.7056 37.665 36.3812 36.1479 30.77
threshold=0.00040030479431152349 0 0.097848251461982741 1 0.0087655913084745424 2 3 -0.0083762109279632551 4 5 0.093611817806959166 0.20331175625324252 -0.23881871253252027 -35.622684478759759
decision_type=2 9 2 9 2 9 9 2 9 9 2 2 2 2
left_child=2 13 3 12 6 -6 -3 8 -4 -9 -7 -11 -1 -2
right_child=1 4 7 -5 5 10 -8 9 -10 11 -12 -13 -14 -15
leaf_value=-0.012710328227685787 -0.010428214893331745 0.00040760349643806934 -0.013507847269826593 -0.006651180852649422 0.0051595100644955608 0.00090927667285703451 -0.009859294609175907 0.010360433276165384 0.002691257395457336 0.0011517717894959653 -0.0077645937885485808 0.009435852818087842 0.0053642451027264186 -0.002438396854756204
leaf_weight=299.43717388808727 2957.204663336277 2628.9182988852262 700.71150180697441 3558.6133896708488 5469.4989636391401 3836.9959973245859 2577.1976033896208 3503.3303829729557 1128.5430826097727 4921.7955641299486 1851.224883839488 1810.5584139972925 3034.4043107777834 2041.0500702559948
leaf_count=1206 11858 10556 2821 14303 21997 15422 10344 14121 4548 19810 7434 7294 12226 8193
internal_value=-4.06255e-05 -0.00201156 0.00218 -0.00164323 -0.000432976 0.00155678 -0.00469661 0.00436433 -0.0035901 0.00578744 -0.00191372 0.00338072 0.00371162 -0.00715794
internal_weight=40319.5 21362.1 18957.4 6892.45 16363.8 11157.7 5206.12 12064.9 1829.25 10235.7 5688.22 6732.35 3333.84 4998.25
internal_count=162133 85804 76329 27735 65753 44853 20900 48594 7369 41225 22856 27104 13432 20051
cat_boundaries=0 2 4 6 8 10 12
cat_threshold=2204161 82951 1522774071 81000 3024638390 4400 1782974570 10952 340410625 79344 2695334201 34317
is_linear=0
shrinkage=0.05


Tree=16
num_leaves=15
num_cat=2
split_feature=27 34 40 28 17 34 34 34 27 40 34 37 37 15
split_gain=75.753 107.871 72.9763 70.5205 89.1869 69.8535 73.6557 71.2994 85.712 69.5944 66.4289 64.6544 63.4229 71.3189
threshold=2.5000000000000004 0.098483305424451842 0 1.0000000180025095e-35 0.02195785287767649 0.60323816537857067 0.24923912435770038 0.2253253981471062 10.500000000000002 1 0.13187970966100696 0.051056442782282836 -0.17913261055946347 0.039823565632104881
decision_type=2 2 9 2 2 2 2 2 2 9 2 2 2 2
left_child=1 2 -1 5 9 6 7 -2 11 -5 -3 -9 -12 -14
right_child=3 10 -4 4 -6 -7 -8 8 -10 -11 12 -13 13 -15
leaf_value=0.00035967573711631292 -0.00018256129962874383 0.0063128756662975795 -0.033486022595706884 0.0089852455775066304 0.015210823046997529 -0.027757891391236585 0.0063324767452063021 -0.031070792375367629 0.0086348230060416548 -0.0070873699660555832 0.036204635245260429 -0.0028205228360824747 -0.0049648141608917788 -0.030919236187596767
leaf_weight=240.40569761395454 23668.396296918392 1516.499492764473 494.93376266956329 1322.7458083629608 1837.3847748935223 219.36128334701061 4244.2338793724775 555.01887792348862 339.62521581351757 1341.5795196145773 82.820470750331879 319.60355344414711 3874.5747170746326 279.56428942084312
leaf_count=963 95136 6091 1982 5341 7438 882 17084 2228 1367 5406 334 1283 15558 1121
internal_value=-2.01035e-05 -0.00496691 -0.0229338 0.000928667 0.00675206 3.41903e-05 0.000248399 -0.000790225 -0.0125815 0.000899251 -0.00265181 -0.020828 -0.0058653 -0.00674776
internal_weight=40336.7 6488.8 735.339 33847.9 4501.71 29346.2 29126.9 24882.6 1214.25 2664.33 5753.46 874.622 4236.96 4154.14
internal_count=162214 26049 2945 136165 18185 117980 117098 100014 4878 10747 23104 3511 17013 16679
cat_boundaries=0 2 4
cat_threshold=163815553 38466 3855931690 90520
is_linear=0
shrinkage=0.05


Tree=17
num_leaves=15
num_cat=4
split_feature=36 40 40 27 5 40 37 12 23 6 40 27 11 19
split_gain=77.4637 87.2575 73.4988 47.1418 44.6641 43.0236 41.0629 36.8794 35.954 47.6572 35.922 35.0419 44.8843 34.5348
threshold=-0.014709734823554753 0 1 5.5000000000000009 0.052310615777969367 2 0.13996398448944095 0.095018368214368834 inf -0.051183367148041718 3 11.500000000000002 0.40590025484561926 -0.0025016665458679195
decision_type=2 9 9 2 2 9 2 2 8 2 9 2 2 2
left_child=1 8 3 7 13 -6 11 -2 -1 -10 -5 -3 -13 -4
right_child=2 6 4 10 5 -7 -8 -9 9 -11 -12 12 -14 -15
leaf_value=0.0092665391829666582 -0.017181115019517901 -0.001577844107468527 -0.0029633263105193833 -0.010090352015318712 -0.016694569943165809 -0.0010381259099716722 0.012625710145994763 -0.0061321587971084343 0.017662881417047485 -0.02280328616715457 -0.00012395508243685316 0.021396347304534553 -0.0031957977017741204 0.0025645929578813932
leaf_weight=4818.8326597064734 1179.3174189776182 8533.24495023489 3763.1467515081167 1161.2861184775829 696.23843660950661 1166.8840948045254 614.27162656188011 2118.0799210220575 109.16049644351006 196.82085588574409 3924.8078602850437 386.26741389930248 350.13317634165287 11284.861666157842
leaf_count=19426 4731 34325 15139 4664 2793 4684 2474 8502 440 792 15766 1559 1410 45393
internal_value=6.52563e-05 0.00291053 -0.00162305 -0.00544615 0.000276016 -0.00701547 0.00015946 -0.0101054 0.00819377 -0.00829881 -0.00242826 -0.000672291 0.00975419 0.00118134
internal_weight=40303.4 15008.7 25294.6 8383.49 16911.1 1863.12 9883.92 3297.4 5124.81 305.981 5086.09 9269.65 736.401 15048
internal_count=162098 60426 101672 33663 68009 7477 39768 13233 20658 1232 20430 37294 2969 60532
cat_boundaries=0 2 4 6 8
cat_threshold=2325987354 4680 2201862664 20999 12716499 73792 2181038080 4101
is_linear=0
shrinkage=0.05


Tree=18
num_leaves=15
num_cat=0
split_feature=1 27 12 33 10 34 7 34 4 34 34 38 34 23
split_gain=72.8791 68.3865 50.8694 72.4299 53.0193 49.2379 40.8619 50.458 46.2245 35.9188 33.0689 81.0095 35.7598 33.9663
threshold=0.030960321426391605 1.5000000000000002 0.14605757594108584 0.0022112962324172263 -0.005318217445164918 0.60323816537857067 0.026653811335563663 0.1531895846128464 -0.097776889801025377 0.14031194150447848 0.16453924775123599 1.0000000180025095e-35 0.10014257952570917 -0.24404999613761899
decision_type=2 2 2 2 2 2 2 2 2 2 2 2 2 10
left_child=1 6 3 4 -3 -2 7 8 -1 -10 11 12 -6 -12
right_child=5 2 -4 -5 10 -7 -8 -9 9 -11 13 -13 -14 -15
leaf_value=-0.033781570357667913 -0.0034479825145755875 0.0049692161184183908 0.0049779520249175124 0.0040641043056707593 -0.00887393788566853 -0.0432331419869348 -0.014219861700367556 0.0080749527795073613 0.0013533404526642236 -0.030347363093955144 -0.019601048075191863 -0.014981239580895115 0.00040185749602644478 0.0031845865027074721
leaf_weight=158.76302070915699 9866.1675896197557 2072.2147826254368 9003.5936559140682 7874.7967411577702 1482.5161095261574 73.454422503709793 1045.2101763039827 728.98010483384132 533.11453449726105 102.20247992873192 172.69226019084454 1723.9145296812057 3441.9319574087858 2049.5398547649384
leaf_count=637 39608 8345 36280 31712 5954 298 4194 2927 2140 410 694 6927 13843 8243
internal_value=-4.85247e-05 0.001167 0.00188813 0.000408558 -0.00222229 -0.00376409 -0.00663134 -0.0013909 -0.0100831 -0.00393564 -0.00390468 -0.00566875 -0.0023958 0.00137162
internal_weight=40329.1 30389.5 27821.2 18817.6 10942.8 9939.62 2568.27 1523.06 794.08 635.317 8870.59 6648.36 4924.45 2222.23
internal_count=162212 122306 111998 75718 44006 39906 10308 6114 3187 2550 35661 26724 19797 8937
is_linear=0
shrinkage=0.05


Tree=19
num_leaves=15
num_cat=0
split_feature=36 5 4 12 17 33 4 2 5 33 3 22 35 36
split_gain=66.8447 44.0764 47.7351 50.0969 34.4734 39.6957 32.0057 30.3917 38.7537 38.245 29.9529 27.6614 26.2801 26.1647
threshold=-0.014709734823554753 0.015228171832859518 0.19046783447265628 0.13710623979568484 0.033157290890812881 0.021049814298748974 -0.4916465282440185 -0.0068683624267578116 -0.01994465850293636 0.013023108243942262 -0.088520169258117662 0.25124999880790716 0.71063193678855907 -0.070676747709512697
decision_type=2 2 2 2 2 2 2 2 2 2 2 10 2 2
left_child=7 2 3 10 5 -3 -6 8 13 11 -2 -10 -9 -1
right_child=1 4 -4 -5 6 -7 -8 12 9 -11 -12 -13 -14 -15
leaf_value=0.0093821897360241904 0.0025707212201668364 -0.0034360440892298623 0.0033898881335076578 0.003044615413585256 0.0036710540842398208 0.015695367477223988 -0.014012625394027806 0.011338616780264809 -0.014473701265161466 0.0090110798135829961 -0.0067988245173842485 -0.002100507977824516 0.0035110173662865705 0.0011966482479875658
leaf_weight=1690.0314598828554 1044.6842900663614 8358.3629041165113 6480.6365145742893 2886.3651603907347 312.79203282296658 275.2553743571043 1348.0506516546011 1458.6405071467161 500.66921137273312 706.75490747392178 4572.0639535188675 4280.7677230685949 4054.1132741868496 2310.109212577343
leaf_count=6820 4199 33544 26084 11626 1256 1106 5414 5879 2012 2849 18376 17220 16330 9310
internal_value=-2.96951e-06 -0.00157211 0.00015835 -0.00230452 -0.00409015 -0.00281679 -0.0106782 0.00264048 0.000923381 -0.0018036 -0.00505451 -0.00341093 0.00559146 0.00466363
internal_weight=40279.3 25278.2 14983.7 8503.11 10294.5 8633.62 1660.84 15001.1 9488.33 5488.19 5616.75 4781.44 5512.75 4000.14
internal_count=162025 101605 60285 34201 41320 34650 6670 60420 38211 22081 22575 19232 22209 16130
is_linear=0
shrinkage=0.05


Tree=20
num_leaves=15
num_cat=3
split_feature=28 34 1 40 40 34 24 23 34 24 13 40 36 24
split_gain=74.593 85.5646 69.466 66.7507 60.2182 56.4185 43.0275 42.2866 39.9207 43.5452 35.6493 43.839 33.4364 33.3819
threshold=1.0000000180025095e-35 0.088262256234884276 0.052636742591857917 0 1 0.10091926902532579 -37.308393478393548 -0.24404999613761899 0.072230361402034773 -36.263906478881829 0.024685808457434181 2 0.0087008853442966955 -37.052553176879876
decision_type=2 2 2 9 9 2 2 10 2 2 2 9 2 2
left_child=2 8 4 -3 7 -6 -7 -1 -2 -10 -4 -12 -9 -5
right_child=1 3 10 13 5 6 -8 12 9 -11 11 -13 -14 -15
leaf_value=-0.0082690315296162602 0.0095761609158842246 0.012643369344856381 0.0072600780032272896 -0.010082944441747569 -0.0093225455421964299 -0.0080948368024184193 0.00023729557376917648 0.0052491492383984935 -0.044417739257981113 -0.0011206337861691352 -0.016145870538638484 -0.0046397221176245106 -1.493417272915987e-05 0.0042082530041945643
leaf_weight=842.24656693637371 89.374922707676888 2643.4030895680189 418.50670409202576 516.21699073910713 2228.4278107583523 1760.2571992576122 12663.738843768835 7994.0548703670502 156.64012214541435 91.420228883624077 1163.9402004629374 2911.8801855444908 4839.8259143233299 1885.8884723931551
leaf_count=3387 359 10705 1678 2077 8941 7073 50889 32218 628 367 4666 11681 19457 7613
internal_value=7.89436e-05 0.0055539 -0.000767912 0.00718999 9.1994e-05 -0.00192618 -0.000781637 0.00254909 -0.0186429 -0.0288182 -0.00656548 -0.00799347 0.00326437 0.00111577
internal_weight=40205.8 5382.94 34822.9 5045.51 30328.6 16652.4 14424 13676.1 337.435 248.06 4494.33 4075.82 12833.9 2402.11
internal_count=161739 21749 139990 20395 121965 66903 57962 55062 1354 995 18025 16347 51675 9690
cat_boundaries=0 2 4 6
cat_threshold=1774811299 76216 1758691702 39496 13869569 98891
is_linear=0
shrinkage=0.05


Tree=21
num_leaves=15
num_cat=0
split_feature=29 19 5 37 27 27 1 24 10 27 37 1 17 9
split_gain=68.763 51.003 42.1886 41.3121 45.2207 36.006 34.6017 34.2688 26.4476 29.6962 32.2903 26.0725 25.7099 25.6727
threshold=0.72944819927215587 -0.0022866427898406978 -0.028234452940523621 0.0013984622783027591 2.5000000000000004 1.5000000000000002 0.095285177230834975 -35.309797286987298 -0.011169842444360254 1.5000000000000002 0.025905937887728218 0.11751747131347658 0.046323919668793685 -0.03102842532098293
decision_type=2 2 2 2 2 2 2 2 2 2 2 2 2 2
left_child=1 8 5 4 -4 13 7 -5 -1 -10 12 -2 -11 -3
right_child=11 2 3 6 -6 -7 -8 -9 9 10 -12 -13 -14 -15
leaf_value=0.0074636231435618941 -0.0028139904015964897 0.022218646042163864 -0.011103404116545069 0.0018674955375477147 0.00021030561612022367 0.0093193727206492757 -0.011811701935742313 0.0077547393240262903 -0.014597149591741089 -0.0042482756191316471 0.0018884586562911091 -0.014663585040851516 -0.023554693241831778 -0.013599896080122851
leaf_weight=643.81532394886017 10987.918340593576 55.467676863074303 1080.5175819247961 7804.2141587585211 4734.0024909228086 3087.6389931887388 364.54308006167412 3618.1419482976198 514.31531757116318 3620.7451741546392 2808.4719854295254 480.36294963955879 176.59903031587601 290.28056627511978
leaf_count=2600 44123 224 4337 31403 19046 12470 1463 14588 2064 14566 11314 1926 712 1166
internal_value=-4.34184e-05 0.00126034 0.00253867 0.00154824 -0.00189901 0.00760507 0.00324929 0.00373535 -0.00220179 -0.00308108 -0.00217334 -0.00331693 -0.00517725 -0.00760453
internal_weight=40267 28798.8 21034.8 17601.4 5814.52 3433.39 11786.9 11422.4 7763.95 7120.13 6605.82 11468.3 3797.34 345.748
internal_count=162002 115953 84697 70837 23383 13860 47454 45991 31256 28656 26592 46049 15278 1390
is_linear=0
shrinkage=0.05


Tree=22
num_leaves=15
num_cat=1
split_feature=1 33 12 4 18 24 1 26 24 23 41 12 24 33
split_gain=65.8625 55.0319 49.8049 53.5155 36.1148 40.6961 31.009 30.7767 30.4372 29.3135 29.1111 28.9696 27.6571 27.534
threshold=0.026704549789428714 0.0026486361166462307 0.18029420077800754 0.17871856689453128 0.09935313463211061 -35.267482757568352 -0.029733896255493161 1.0000000180025095e-35 -32.973812103271477 0.24671428650617602 0 0.10176859796047212 -30.891819000244137 0.0099724978208541887
decision_type=2 2 2 2 2 2 2 2 2 8 1 2 2 2
left_child=1 2 3 9 5 11 12 -3 -4 10 -1 13 -5 -2
right_child=4 7 8 6 -6 -7 -8 -9 -10 -11 -12 -13 -14 -15
leaf_value=-0.0015489985634293854 -0.0028327036567199139 -0.0012655989821725696 0.0069117674352017003 0.0084714214084173588 -0.01911144209767297 0.0012306997509101566 -0.00064131729997719453 0.0051809180782876642 -0.0055043913588781364 -0.016608662615715527 -0.0082224033137014724 -0.0071959037283393402 -0.023065623661344601 0.01218200009302022
leaf_weight=4740.1447236537933 1669.0714559853077 2309.5282145887613 2889.8107580244541 1683.2533324211836 344.39512374997139 4009.8951616734266 4519.2475941628218 9270.9969438165426 590.69042147696018 477.68707984685898 2496.4122383743525 4861.7048245668411 67.707952037453651 368.44125509262085
leaf_count=19063 6696 9310 11651 6785 1382 16113 18178 37374 2383 1919 10033 19504 273 1480
internal_value=-3.52384e-05 0.00122285 -0.000549207 -0.0018817 -0.00328192 -0.00277321 0.0015479 0.00389485 0.00479826 -0.00466915 -0.00386941 -0.00510025 0.00718686 -9.19881e-05
internal_weight=40299 29045.5 17465 13984.5 11253.5 10909.1 6270.21 11580.5 3480.5 7714.24 7236.56 6899.22 1750.96 2037.51
internal_count=162144 116969 70285 56251 45175 43793 25236 46684 14034 31015 29096 27680 7058 8176
cat_boundaries=0 1
cat_threshold=2522
is_linear=0
shrinkage=0.05


Tree=23
num_leaves=15
num_cat=3
split_feature=28 34 26 34 34 33 34 40 34 40 34 27 11 40
split_gain=69.7375 81.1116 61.2196 55.0131 68.1842 51.1424 50.9116 92.7855 59.6615 62.5643 62.1118 82.8209 84.4002 89.4765
threshold=1.0000000180025095e-35 0.087557714432477965 1.5000000000000002 0.60323816537857067 0.56372356414794933 0.021652414463460449 0.10014257952570917 0 0.13187970966100696 1 0.24923912435770038 2.5000000000000004 0.29404222965240484 2
decision_type=2 2 2 2 2 2 2 9 2 9 2 2 2 9
left_child=3 -2 5 4 6 -3 7 -1 9 -8 -10 12 -12 -14
right_child=1 2 -4 -5 -6 -7 8 -9 10 -11 11 -13 13 -15
leaf_value=0.0028116234439082323 -0.019852912787311491 0.011898036114893068 0.0022676848934530197 -0.025046553431365488 0.033946937380015085 0.054798922761027394 0.0074443730897499564 -0.012203819686929965 -0.0030165339993875723 -0.00092790001856511814 0.011537021898010077 0.0059889943140312013 0.0059708021328360433 -0.04339265739773232
leaf_weight=1751.6274806261063 299.48016011714935 1953.5299648046494 3076.6540417671204 228.91388779878616 136.28998798131943 67.630180299282074 4485.8995153903961 2469.8278548419476 16611.738686427474 4423.7614735662937 213.33950142562389 4153.7952259778976 139.6890957057476 258.49998472630978
leaf_count=7038 1202 7902 12447 924 549 275 18051 9911 66770 17778 859 16739 560 1036
internal_value=-6.03131e-05 0.00522576 0.00671805 -0.000879206 -0.000715784 0.0134677 -0.000857727 -0.00599848 -0.000140157 0.00329599 -0.00157297 0.0034561 -0.0136495 -0.0271319
internal_weight=40270.7 5397.29 5097.81 34873.4 34644.5 2021.16 34508.2 4221.46 30286.7 8909.66 21377.1 4765.32 611.529 398.189
internal_count=162041 21826 20624 140215 139291 8177 138742 16949 121793 35829 85964 19194 2455 1596
cat_boundaries=0 2 4 6
cat_threshold=749969764 44560 1282660917 72248 1796473025 4197
is_linear=0
shrinkage=0.05


Tree=24
num_leaves=15
num_cat=4
split_feature=27 34 33 34 40 37 34 33 40 40 25 33 33 40
split_gain=65.9574 82.7809 63.5465 70.5741 60.3329 55.8454 86.8351 97.2671 69.052 66.0496 49.9246 60.8028 83.5369 53.9392
threshold=2.5000000000000004 0.098483305424451842 0.021049814298748974 0.35462349653244024 0 -0.17913261055946347 0.24484682828187945 -0.0086167305707931501 1 2 -0.0097649144008755667 -0.0016034822911024091 -0.0027991303941234942 3
decision_type=2 2 2 2 9 2 2 2 9 9 2 2 2 9
left_child=1 4 10 -4 -1 -3 8 -8 -7 -9 -2 12 -12 -13
right_child=2 5 3 -5 -6 6 7 9 -10 -11 11 13 -14 -15
leaf_value=-0.0012931923027833365 0.0060506462900135399 0.036577070149277927 0.019753020996668223 -0.0074291707148885361 -0.031123319251643897 0.0071846846489706838 0.0073541518215109892 0.0030140275543781188 -0.0051430340425097434 -0.040056322035650606 -0.001562558415167396 0.0047483199021052603 -0.015131907138352009 -0.00069619598332176227
leaf_weight=278.99592861533165 3611.0843944549561 84.792229652404785 859.93958912789822 326.47820319235325 455.61116507649422 1756.0439768880606 239.89007782936096 118.83191573619843 3152.8806974738836 399.58534103631973 8699.598757982254 7574.3467402309179 1299.8016155213118 11349.362145006657
leaf_count=1118 14559 344 3471 1320 1829 7056 963 477 12656 1604 34995 30533 5225 45651
internal_value=3.87458e-05 -0.00457641 0.000927232 0.012269 -0.0203245 -0.0025484 -0.0031664 -0.0188554 -0.000725108 -0.0309474 0.000511656 -0.000180646 -0.00333359 0.00148556
internal_weight=40207.2 6486.63 33720.6 1186.42 734.607 5752.02 5667.23 758.307 4908.92 518.417 32534.2 28923.1 9999.4 18923.7
internal_count=161801 26047 135754 4791 2947 23100 22756 3044 19712 2081 130963 116404 40220 76184
cat_boundaries=0 2 4 6 8
cat_threshold=1273072000 38466 1342357557 40172 1645478400 4196 4173994299 32816
is_linear=0
shrinkage=0.05


Tree=25
num_leaves=15
num_cat=3
split_feature=28 34 26 36 40 40 33 33 37 34 34 34 33 40
split_gain=64.1074 61.686 61.1694 57.2347 66.569 63.6095 53.7291 49.1672 51.3283 48.3467 84.2149 45.1439 43.4387 52.749
threshold=1.0000000180025095e-35 0.088262256234884276 3.5000000000000004 0.012861279770731928 0 1 -0.0028888122178614135 0.021049814298748974 0.00071867051883600663 0.42717051506042486 0.27110801637172705 0.18111037462949756 -0.0076115943957120171 2
decision_type=2 2 2 2 9 9 2 2 2 2 2 2 2 9
left_child=3 -2 7 4 -1 -5 11 8 9 10 -3 -4 -10 -14
right_child=1 2 6 5 -6 -7 -8 -9 12 -11 -12 -13 13 -15
leaf_value=0.0042191165622079896 -0.015656164668256593 0.0028342439709006626 -0.051191200416577182 -0.00010306206714539037 -0.001420251634827502 -0.0073382789151844935 0.0013305809660461494 0.040262953549496779 0.029501719822784368 0.037586888302738292 -0.037104974966451293 -0.0050810802606097412 0.018927364556777813 0.0027855890050202821
leaf_weight=8142.9674549847841 335.08068805932999 1296.5530491322279 95.409569814801216 6213.7376770973206 14581.016626402736 5941.6683339476585 831.87760238349438 118.39699280261993 327.93021585047245 79.995842069387436 141.87768952548504 115.81168395280838 901.36435358226299 1165.519179970026
leaf_count=32813 1345 5245 385 24961 58641 23842 3368 484 1328 326 574 469 3658 4712
internal_value=-9.3366e-05 0.00496824 0.00634511 -0.000879168 0.000602068 -0.00364779 -0.00442745 0.00913555 0.00814232 0.000941138 -0.00121653 -0.0266345 0.0126947 0.00996089
internal_weight=40289.2 5409.82 5074.74 34879.4 22724 12155.4 1043.1 4031.64 3913.24 1518.43 1438.43 211.221 2394.81 2066.88
internal_count=162151 21894 20549 140257 91454 48803 4222 16327 15843 6145 5819 854 9698 8370
cat_boundaries=0 2 4 6
cat_threshold=2316533846 37484 751180220 19760 3641202739 74226
is_linear=0
shrinkage=0.05


Tree=26
num_leaves=15
num_cat=4
split_feature=29 27 40 40 28 24 4 14 40 23 27 3 40 10
split_gain=59.9429 50.2518 42.9182 40.2971 34.37 66.6935 47.8272 45.8639 43.3206 41.072 52.1759 58.5894 42.8787 33.7597
threshold=0.72944819927215587 2.5000000000000004 0 1 1.0000000180025095e-35 -34.914043426513665 0.25275635719299322 0.031165004707872871 2 inf 9.5000000000000018 -0.1027553081512451 3 -0.009503174573183058
decision_type=2 2 9 9 2 2 2 2 9 8 2 2 9 2
left_child=1 2 -1 -2 9 6 7 -6 -8 12 13 -12 -3 -11
right_child=3 4 -4 -5 5 -7 8 -9 -10 10 11 -13 -14 -15
leaf_value=0.0010300317629192517 -0.00031762650110939643 0.004310544572440316 -0.0085658009674114723 -0.006254280616768939 -0.0054967511582739758 0.018579124304444149 -0.0025220590500926389 0.026935641087381886 0.020804380530476008 0.0099892207993298524 0.03221111673985242 -0.0066327575523306599 -0.00036493165813740827 -0.023271044305370719
leaf_weight=2339.48522362113 5764.362333804369 8771.0182371586561 2305.3168254941702 5674.1275082081556 1391.6561657339334 863.5384082198143 323.82072968780994 113.25077423453331 505.26970264315605 86.74201400578022 127.49856355786324 358.42645518481731 11095.81104940176 499.6820327937603
leaf_count=9408 23166 35369 9257 22767 5627 3532 1309 461 2050 350 513 1443 44628 2006
internal_value=-0.000208973 0.0010078 -0.00375181 -0.00327016 0.00192452 0.00674907 0.00233966 -0.00297165 0.0119464 0.00118611 -0.00832194 0.0037733 0.00170155 -0.0183
internal_weight=40220 28781.5 4644.8 11438.5 24136.7 3197.54 2334 1504.91 829.09 20939.2 1072.35 485.925 19866.8 586.424
internal_count=161886 115953 18665 45933 97288 12979 9447 6088 3359 84309 4312 1956 79997 2356
cat_boundaries=0 2 4 6 8
cat_threshold=1137164342 40684 1976226098 24368 2352948117 50180 2325186926 41552
is_linear=0
shrinkage=0.05


Tree=27
num_leaves=15
num_cat=5
split_feature=1 33 27 40 27 40 5 40 37 40 40 3 37 35
split_gain=59.7798 56.4563 70.5492 50.9458 49.6256 56.7735 51.4628 62.8211 50.3985 72.0762 59.608 39.9707 38.3596 35.3006
threshold=0.049813985824584968 0.0068891991395503291 10.500000000000002 0 1.5000000000000002 1 -0.027013229206204411 2 0.010068657808005812 3 4 0.16377019882202151 -0.0376994851976633 1.3761477470397951
decision_type=2 2 2 9 2 9 2 9 2 9 9 2 2 2
left_child=1 4 -3 12 5 13 7 -6 9 -8 -10 -9 -2 -1
right_child=3 2 -4 -5 6 -7 8 11 10 -11 -12 -13 -14 -15
leaf_value=0.0050454959246016918 -0.016089979748400287 0.0021934662173215846 0.014052599202055774 -0.0095554796415010333 0.012611881865116074 -0.014845994404155724 -0.010464976230915881 -0.0014418314510989945 0.0049326989014586587 -0.00041586058680459194 -0.0024671241683767568 0.016069184033194305 0.0019485166955784845 -0.018672855577590779
leaf_weight=898.15637813508511 327.54598355293274 7329.5206254869699 1509.0961576700211 2786.4484403580427 1688.5625009536743 1198.461457028985 2745.5713254064322 2729.9607320278883 5521.6592683047056 5065.0268432945013 5339.3505899757147 364.94563749432564 2585.9960933178663 184.83825786411762
leaf_count=3607 1316 29564 6101 11177 6833 4810 11021 11008 22257 20359 21468 1474 10386 742
internal_value=-3.07336e-06 0.00077913 0.00422565 -0.00474519 -0.000404893 -0.0074364 0.000280282 0.0049048 -0.0009052 -0.00396731 0.00129724 0.00064194 -0.000101436 0.000917172
internal_weight=40275.1 34575.1 8838.62 5699.99 25736.5 2281.46 23455.1 4783.47 18671.6 7810.6 10861 3094.91 2913.54 1082.99
internal_count=162123 139244 35665 22879 103579 9159 94420 19315 75105 31380 43725 12482 11702 4349
cat_boundaries=0 2 4 6 8 10
cat_threshold=2131247422 29112 1273200727 48328 179415123 10765 120079108 55604 3433189686 121712
is_linear=0
shrinkage=0.05


Tree=28
num_leaves=15
num_cat=4
split_feature=29 19 36 40 40 40 18 40 27 7 7 8 24 34
split_gain=61.7169 45.5684 42.9334 67.1236 38.2491 35.0598 33.5258 28.3891 27.8186 32.7283 26.4201 26.1625 25.497 27.7236
threshold=0.79478609561920177 -0.0022866427898406978 -0.082430742681026445 0 1 2 0.094573926180601134 3 1.5000000000000002 0.064109582453966155 0.071679849177598967 35.677028656005866 -34.632900238037102 0.16109695285558703
decision_type=2 2 2 9 9 9 2 9 2 2 2 2 2 2
left_child=1 5 3 -3 -4 10 7 -2 9 -6 -1 -7 13 -11
right_child=6 2 4 -5 8 11 -8 -9 -10 12 -12 -13 -14 -15
leaf_value=-0.0087205348136241579 0.00065878018652617079 0.00020511787772064749 0.0041027917472048333 0.018870379371527093 -0.0034450436818874476 0.009944512361557075 -0.017808785275977481 -0.0052767527530322485 0.00051596781329956343 -0.018620506916717978 0.0036171325475037315 -0.00096405433672929841 0.0057006680768207432 -0.062403190585677129
leaf_weight=2412.1143844872713 3278.6337096244097 995.20893533527851 8652.9073583483696 929.47956104576588 888.42497800290585 616.55261808633804 395.13535916805267 5208.7469643205404 11344.505488097668 113.86224699020386 525.28874398767948 4744.6211061924696 50.610270500183105 53.650437921285629
leaf_count=9704 13171 4019 34907 3762 3566 2494 1587 20902 45667 457 2115 19111 203 215
internal_value=1.82906e-05 0.00106156 0.00220631 0.00934602 0.00155287 -0.00211394 -0.00365913 -0.0029897 -0.000222857 -0.00777215 -0.00648807 0.000297078 -0.0249021 -0.0340743
internal_weight=40209.7 31327.2 23028.6 1924.69 21104 8298.58 8882.52 8487.38 12451.1 1106.55 2937.4 5361.17 218.123 167.513
internal_count=161880 126220 92796 7781 85015 33424 35660 34073 50108 4441 11819 21605 875 672
cat_boundaries=0 2 4 6 8
cat_threshold=2765648672 19858 1086574951 67792 343523841 83344 1019793568 38192
is_linear=0
shrinkage=0.05


Tree=29
num_leaves=15
num_cat=5
split_feature=33 27 18 34 11 40 34 1 12 40 40 40 40 34
split_gain=45.999 56.3281 41.2183 40.7477 44.7502 40.4155 37.6585 38.5381 61.2963 55.5396 48.8025 39.8028 35.7971 35.2145
threshold=0.0068891991395503291 10.500000000000002 0.081407863646745696 0.24923912435770038 0.64311218261718761 0 0.65775698423385631 -0.0007774829864501952 0.13947542011737826 1 2 3 4 0.50087584555149089
decision_type=2 2 2 2 2 9 2 2 2 9 9 9 9 2
left_child=6 2 12 5 -5 -3 7 8 9 -1 -10 -9 -2 -12
right_child=1 3 -4 4 -6 -7 -8 11 10 -11 13 -13 -14 -15
leaf_value=0.0025698616831644322 0.0058871537920679173 0.0014390656215898386 -0.012849916653395395 0.0098058146869838218 -0.03859363096185852 0.018236454538014708 -0.035797864008758819 -0.00011806690028094629 0.01097365477263296 -0.0052592141935528542 0.0001182293494908794 -0.0053139069278748214 -0.0006288577537570916 0.030084229520957226
leaf_weight=4371.1298407465219 3529.7443661093712 530.85229179263115 487.68308398127556 106.41600331664085 79.261755347251892 1169.0054100900888 72.324813023209572 7594.4482519626617 2193.065169647336 4672.60001565516 2873.8012399077415 7161.5669059306383 5196.1166818737984 96.518103718757629
leaf_count=17623 14242 2145 1965 432 320 4727 292 30533 8862 18794 11601 28734 20930 391
internal_value=9.76633e-05 0.00283487 0.00122042 0.010697 -0.0112989 0.0131287 -0.000948795 -0.000855436 0.00100292 -0.00147826 0.00534693 -0.00264474 0.00201428 0.00113872
internal_weight=40134.5 11099.1 9213.54 1885.54 185.678 1699.86 29035.5 28963.1 14207.1 9043.73 5163.38 14756 8725.86 2970.32
internal_count=161591 44761 37137 7624 752 6872 116830 116538 57271 36417 20854 59267 35172 11992
cat_boundaries=0 2 4 6 8 10
cat_threshold=3056861448 7245 1321445403 71246 834086941 9935 885182902 39920 3896580650 2552
is_linear=0
shrinkage=0.05


Tree=30
num_leaves=15
num_cat=0
split_feature=36 34 27 34 34 13 4 27 15 27 34 34 34 10
split_gain=59.4223 56.4191 52.9092 95.4765 67.6389 46.182 39.7598 81.5063 53.5652 69.2712 42.7905 42.593 41.9897 53.329
threshold=0.039848446846008308 0.089139107614755644 8.5000000000000018 0.079782765358686461 0.079782765358686461 0.031898640096187598 0.17574739456176761 5.5000000000000009 0.022070148028433326 4.5000000000000009 0.28786577284336096 0.27110801637172705 0.60323816537857067 0.0076122411992400893
decision_type=2 2 2 2 2 2 2 2 2 2 2 2 2 2
left_child=1 2 4 -4 5 -1 10 8 -8 -10 11 -3 -12 -14
right_child=-2 6 3 -5 -6 -7 7 -9 9 -11 12 -13 13 -15
leaf_value=0.011682932261528061 -0.004008386876940731 -0.00069423347216237196 -0.049815626611899304 -0.0032960995161585901 -0.011957724059426472 -0.029083152751655534 0.0021441433202966723 0.0064894553499389857 -0.003178058085376659 -0.026702707236465312 0.0092715261120097647 -0.017256057762828198 0.0097886543997411039 -0.056244257072702787
leaf_weight=721.56112141907215 7890.2866766750813 14293.646185383201 179.63453538715839 276.498529702425 937.77182796597481 71.984436631202698 3613.9863989502192 8308.2305681556463 1428.2580843865871 396.61282032728195 1610.3753433525562 394.10871255397797 62.429373845458031 52.496464595198631
leaf_count=2898 31709 57537 720 1110 3768 289 14548 33530 5751 1600 6505 1591 253 213
internal_value=-0.000119238 0.000829728 -0.00691442 -0.0219688 -0.00289348 0.00781973 0.00139261 0.00337577 -0.00138128 -0.00835257 -0.000268634 -0.00114469 0.00716823 -0.0214199
internal_weight=40237.9 32347.6 2187.45 456.133 1731.32 793.546 30160.1 13747.1 5438.86 1824.87 16413.1 14687.8 1725.3 114.926
internal_count=162022 130313 8785 1830 6955 3187 121528 55429 21899 7351 66099 59128 6971 466
is_linear=0
shrinkage=0.05


Tree=31
num_leaves=15
num_cat=0
split_feature=28 24 34 34 34 34 10 34 25 34 17 13 34 34
split_gain=43.4514 58.229 53.8873 63.4765 46.3154 52.5054 44.8726 41.0513 36.2751 41.3142 49.8092 41.4417 51.1863 36.1817
threshold=1.0000000180025095e-35 -35.723581314086907 0.60323816537857067 0.56372356414794933 0.096043199300766005 0.13063050806522372 -0.0044520576484501353 0.072230361402034773 0.014222143683582546 0.24923912435770038 0.033731896430253989 0.036028595641255386 0.077128387987613692 0.17864046245813373
decision_type=2 2 2 2 2 2 2 2 2 2 2 2 2 2
left_child=2 4 3 8 7 -6 -4 -2 9 11 -11 -1 -13 -7
right_child=1 -3 6 -5 5 13 -8 -9 -10 10 -12 12 -14 -15
leaf_value=-0.00010015749972989352 0.013285378611733246 0.0099919237118551649 0.016168603026621493 0.032742642820382778 0.011401527717332445 -0.008946304947065685 -0.035527604960855989 -0.024943256967476679 -0.0087315637233052329 0.0090525680407163023 -0.0017863906581825151 -0.052477125163573085 -0.0040842159493223512 0.0056244718120631596
leaf_weight=21447.658721610904 86.957323625683784 2278.6291744560003 50.40658837556839 136.06545858085155 930.64973145723343 1079.3598167598248 186.60792009532452 307.0375289618969 1401.0303104370832 2296.7183757275343 1960.8350056558847 50.116644665598869 7296.7354868501425 697.04388695955276
leaf_count=86233 349 9289 203 550 3757 4359 758 1236 5626 9263 7908 201 29355 2819
internal_value=-0.000247095 0.00393278 -0.000893386 -0.000728624 -0.000526745 0.00181245 -0.0244057 -0.0164327 -0.000865689 -0.000530844 0.00406322 -0.00121088 -0.00445047 -0.00322633
internal_weight=40205.9 5379.68 34826.2 34589.2 3101.05 2707.05 237.015 393.995 34453.1 33052.1 4257.55 28794.5 7346.85 1776.4
internal_count=161906 21809 140097 139136 12520 10935 961 1585 138586 132960 17171 115789 29556 7178
is_linear=0
shrinkage=0.05


Tree=32
num_leaves=15
num_cat=1
split_feature=36 19 33 1 27 34 34 37 41 22 16 7 33 33
split_gain=47.5368 42.5055 37.4931 43.4615 39.778 41.9646 46.3298 38.0026 33.8172 30.2648 29.6313 28.865 29.6267 28.975
threshold=0.045034028589725501 -0.0041286945343017569 0.0099724978208541887 -0.011583566665649412 1.5000000000000002 0.23101506382226947 0.20626243203878405 0.0072853753808885821 0 0.74805000424385082 0.53007665276527416 0.075737062841653838 -0.046018458902835839 -0.031418574973940842
decision_type=2 2 2 2 2 2 2 2 1 8 2 2 2 2
left_child=1 11 3 4 5 6 -3 8 -5 -4 -6 12 -1 -14
right_child=-2 2 9 7 10 -7 -8 -9 -10 -11 -12 -13 13 -15
leaf_value=0.027115753586592226 -0.0037628267009892132 -0.0065305601055581745 0.0040230336687557076 -0.014156106257252206 -0.01768057713346621 0.029058900131035837 -0.049766416807368576 0.00086249834413180374 -0.0027134970121204843 0.015567174297393278 0.0052612207996078969 0.0061134258738981904 -0.023555678314424847 -0.0038835644456532339
leaf_weight=69.757017478346825 6955.5712095052004 636.41327354311943 4467.2439531683922 772.86162626743317 138.7125565558672 67.932050988078117 64.0367441624403 9306.2320377528667 3710.0626503676176 647.33145202696323 7128.4163372218609 774.35734292864799 189.43904329836369 5304.9783994853497
leaf_count=283 27950 2557 18037 3102 560 274 257 37447 14907 2622 28786 3123 766 21362
internal_value=-4.97839e-06 0.000780767 0.00164771 0.00074391 0.00366574 -0.00711831 -0.0108151 -0.000959107 -0.00473849 0.00549888 0.00481077 -0.0029014 -0.00416124 -0.00458354
internal_weight=40233.3 33277.8 26939.2 21824.7 8035.51 768.382 700.45 13789.2 4482.92 5114.58 7267.13 6338.53 5564.17 5494.42
internal_count=162033 134083 108549 87890 32434 3088 2814 55456 18009 20659 29346 25534 22411 22128
cat_boundaries=0 1
cat_threshold=546
is_linear=0
shrinkage=0.05


Tree=33
num_leaves=15
num_cat=7
split_feature=24 40 40 36 34 13 40 40 8 40 37 40 8 40
split_gain=48.0449 73.3918 60 50.7596 46.1022 40.234 49.2863 34.6595 34.4757 52.9119 30.6457 43.0191 37.5143 36.6967
threshold=-37.382177352905266 0 1 0.10277749970555307 0.084187332540750517 0.037653712555766113 2 3 35.677028656005866 4 0.024522958323359493 5 62.956453323364265 6
decision_type=2 9 9 2 2 2 9 9 2 9 2 9 2 9
left_child=1 -1 3 4 -2 6 -6 -5 9 -4 13 -12 -13 -10
right_child=2 -3 8 7 5 -7 -8 -9 10 -11 11 12 -14 -15
leaf_value=-0.0169883138254012 -0.011264291146881662 -0.0017299491693819587 -0.0059851599585419978 0.00057527345249988452 0.011789213082748655 0.00080638109443259543 0.003721269496233145 -0.022258114927761884 -0.00032849958073478589 0.012644558974679074 0.0036263735541475495 -0.00012586651549137772 -0.010624810972064845 -0.0068644038323298715
leaf_weight=914.78432057797909 492.7213219255209 5239.8161168843508 593.74979043006897 351.38248389959335 2784.3118884116411 5362.3975684195757 5988.73765014112 305.86036887764931 3959.3100173771381 1020.588557600975 4567.637148141861 2627.0391432344913 1254.1881355792284 4703.8081390857697
leaf_count=3680 1979 21102 2395 1413 11226 21656 24137 1231 15909 4125 18400 10574 5032 18916
internal_value=2.21565e-05 -0.00404101 0.000758041 0.00308089 0.00369502 0.00422061 0.0063053 -0.0104584 -0.00113908 0.00583331 -0.00179932 0.000342853 -0.00352005 -0.00388808
internal_weight=40166.3 6154.6 34011.7 15285.4 14628.2 14135.4 8773.05 657.243 18726.3 1614.34 17112 8448.86 3881.23 8663.12
internal_count=161775 24782 136993 61642 58998 57019 35363 2644 75351 6520 68831 34006 15606 34825
cat_boundaries=0 2 4 6 8 10 12 14
cat_threshold=1346411074 54279 1927518318 4592 283152420 80 1623199756 384 67650065 1026 218644752 51718 1319553 67075
is_linear=0
shrinkage=0.05


Tree=34
num_leaves=15
num_cat=5
split_feature=28 23 27 11 40 40 17 40 40 40 37 3 36 24
split_gain=48.7718 51.1559 49.1192 78.4301 76.6466 50.8538 60.919 48.5858 47.5943 46.6471 38.664 37.0066 35.2481 39.0346
threshold=1.0000000180025095e-35 -0.24404999613761899 11.500000000000002 0.35871566832065588 0 1 0.033442061394453056 2 3 4 0.095833476632833495 0.053538084030151374 0.034255947917699821 -36.540546417236321
decision_type=2 10 2 2 9 9 2 9 9 9 2 2 2 2
left_child=1 7 5 8 11 6 -3 -1 -4 -2 -6 -5 13 -11
right_child=9 2 3 4 10 -7 -8 -9 -10 12 -12 -13 -14 -15
leaf_value=0.002284472103706216 0.0087805625494078721 0.0023832399241698766 0.0036167896336023854 -0.00065179364600208083 -0.013996365296109257 -0.0029233543919990248 -0.0074334580857897126 -0.013373363681850398 0.029371484164241114 -0.0058287083935467457 0.01039161272300973 0.018409264359329217 -0.011910922645695945 0.0081796579629293126
leaf_weight=746.83620953559875 2819.230848506093 13192.565795749426 310.33324839174747 437.51543508470058 793.69954836368561 14799.42946793139 1790.3107876479626 1454.7023347467184 463.37557615339756 835.0916533023119 199.87436938285828 601.46662575006485 532.80838862061501 1213.9024525135756
leaf_count=3001 11468 53131 1257 1760 3197 59456 7220 5846 1876 3366 807 2422 2149 4933
internal_value=-6.21272e-05 -0.000748702 -0.000249641 0.00606792 0.000893845 -0.000846006 0.00120701 -0.00811655 0.0195609 0.00435604 -0.00896802 0.0103144 -0.00051303 0.00246766
internal_weight=40191.1 34790.1 32588.6 2806.26 2032.56 29782.3 14982.9 2201.54 773.709 5401.03 993.574 1038.98 2581.8 2048.99
internal_count=161889 139973 131126 11319 8186 119807 60351 8847 3133 21916 4004 4182 10448 8299
cat_boundaries=0 2 4 6 8 10
cat_threshold=95960006 58247 986929534 6232 3225690283 87718 2354322350 8213 1640569763 76218
is_linear=0
shrinkage=0.05


Tree=35
num_leaves=15
num_cat=6
split_feature=1 27 37 40 30 40 12 40 40 40 14 27 4 40
split_gain=52.8117 49.7027 48.652 72.3422 71.9014 51.9614 48.572 55.692 42.3997 40.1843 38.6109 37.7445 40.0544 41.7372
threshold=0.00040030479431152349 1.5000000000000002 0.0087655913084745424 0 0.76253134012222301 1 0.096741702407598509 2 3 4 0.015559597406536342 5.5000000000000009 0.25275635719299322 5
decision_type=2 2 2 9 2 9 2 9 9 9 2 2 2 9
left_child=1 9 5 4 -4 -2 7 -3 -8 -1 -5 -7 13 -13
right_child=2 6 3 10 -6 11 8 -9 -10 -11 -12 12 -14 -15
leaf_value=0.0030046330289072564 -0.012207101850856123 0.0041499361204922177 -0.00055347653986213949 0.0074476996420422192 -0.013058139671628484 -0.0075301821195218254 0.0088148613019815407 -0.0054368278342597116 0.002379767639926117 -0.012766219590566039 0.00045764010419648178 0.0053333377872351847 0.0094849736012934879 -0.0093033252408963544
leaf_weight=680.20713463425636 1874.7904772460461 2877.1976422965527 3376.6480563879013 2837.6290495693684 1739.0176988393068 2126.6132625341415 3986.8134863376617 3166.7201647311449 7199.9574596732855 970.44828985631466 6484.7393800914288 854.61265687644482 971.71745702624321 1096.527721375227
leaf_count=2735 7524 11610 13580 11430 6976 8533 16140 12758 29086 3898 26094 3435 3909 4405
internal_value=1.4766e-05 0.00194123 -0.00168779 -3.45687e-05 -0.0048045 -0.00513173 0.00273585 -0.000874707 0.00468651 -0.00633381 0.00258595 -0.00246526 0.00121631 -0.00291286
internal_weight=40243.6 18881.3 21362.3 14438 5115.67 6924.26 17230.7 6043.92 11186.8 1650.66 9322.37 5049.47 2922.86 1951.14
internal_count=162113 76227 85886 58080 20556 27806 69594 24368 45226 6633 37524 20282 11749 7840
cat_boundaries=0 2 4 6 8 10 12
cat_threshold=44411467 1095 354959636 20518 3737563675 78852 145214025 35341 1128505374 40015 12888586 41664
is_linear=0
shrinkage=0.05


Tree=36
num_leaves=15
num_cat=6
split_feature=1 40 40 24 12 36 40 40 37 40 40 24 36 23
split_gain=46.7514 59.5792 45.1271 52.6705 51.7874 34.7408 31.0542 28.2023 27.7065 31.767 29.5306 26.6643 33.3371 27.0984
threshold=0.026704549789428714 0 1 -37.345838546752923 0.096741702407598509 0.099064994603395476 2 3 0.0087655913084745424 4 5 -30.891819000244137 -0.078644786030054079 inf
decision_type=2 9 9 2 2 2 9 9 2 9 9 2 2 8
left_child=2 5 11 7 6 -2 -5 -4 10 -10 -8 12 -1 -14
right_child=1 -3 3 4 -6 -7 8 -9 9 -11 -12 -13 13 -15
leaf_value=0.011978288139552574 0.0031660973417699887 -0.005706090628147008 -0.0057902383042782724 0.014263450953002303 0.0026978632867489362 -0.012106327908268271 -0.014039817428220122 -0.02202518879260108 0.0046293266709475393 -0.0068145574492251273 -0.0027789697298189267 -0.0050600104829299046 0.0032731906449598651 -0.010463007575063589
leaf_weight=1087.8366085141897 4007.2778117507696 6808.9058436453342 1508.9000685065985 213.52043569087982 8000.0299522429705 405.44083113968372 1178.1547771245241 320.77299317717552 1249.7850598990917 1150.2514327019453 1179.6240978837013 945.76321324706078 11833.855236142874 365.34505398571491
leaf_count=4420 16117 27333 6068 861 32239 1627 4727 1289 5035 4624 4735 3825 47805 1473
internal_value=-3.92062e-05 -0.00277942 0.00102001 -0.000912883 0.0002076 0.00174567 -0.00379749 -0.00884311 -0.0046434 -0.000865089 -0.00849699 0.00302856 0.00360864 0.00285729
internal_weight=40255.5 11221.6 29033.8 14801 12971.4 4412.72 4971.34 1829.67 4757.82 2400.04 2357.78 14232.8 13287 12199.2
internal_count=162178 45077 117101 59578 52221 17744 19982 7357 19121 9659 9462 57523 53698 49278
cat_boundaries=0 2 4 5 7 9 11
cat_threshold=3876078010 4528 2833496119 76392 1342177280 320602248 400 35144000 20483 51134720 20739
is_linear=0
shrinkage=0.05


Tree=37
num_leaves=15
num_cat=5
split_feature=25 33 27 25 40 17 28 34 40 40 40 8 40 14
split_gain=43.8963 42.6094 40.0213 37.2305 34.641 32.7036 32.0365 43.0179 29.904 29.6008 27.7964 27.1159 25.4992 24.4963
threshold=0.013174187391996385 0.0068891991395503291 10.500000000000002 -0.01459962362423539 0 0.029030802659690384 1.0000000180025095e-35 0.089960396289825453 1 2 3 75.62564849853517 4 0.024212558753788475
decision_type=2 2 2 2 9 2 2 2 9 9 9 2 9 2
left_child=1 3 9 12 5 13 -6 -8 -2 -3 -4 -11 -1 -5
right_child=8 2 10 4 6 -7 7 -9 -10 11 -12 -13 -14 -15
leaf_value=-0.00081148889230931148 -0.00018168374809801108 -0.0013520567260325075 0.00095791653580715923 0.0012105170960762344 -0.0036894737336272466 -0.0049736094248109567 -0.018935725804716943 0.006155521326409983 -0.012395944751998685 0.0054360535050045648 0.014589687046088373 -0.015794757479448772 0.011118054450307314 0.009615190182376665
leaf_weight=759.22152355313301 894.56485313177109 3948.9578394591808 569.23168212175369 9451.3776601105928 12212.355510309339 2011.7206483632326 186.30418573319912 1594.0810899585485 1145.8111186623573 4101.3404726535082 1141.9380935579538 151.25977462530136 1084.5267644971609 950.140022829175
leaf_count=3068 3600 15918 2307 38100 49036 8117 750 6457 4609 16571 4631 608 4380 3832
internal_value=1.76856e-05 0.000400228 0.00321986 -0.000589389 -0.00106961 0.000852943 -0.00277382 0.00348143 -0.0071183 0.00176502 0.0101645 0.00465114 0.00626982 0.00198298
internal_weight=40202.8 38162.5 9912.73 28249.7 26406 12413.2 13992.7 1780.39 2040.38 8201.56 1711.17 4252.6 1843.75 10401.5
internal_count=161984 153775 40035 113740 106292 50049 56243 7207 8209 33097 6938 17179 7448 41932
cat_boundaries=0 2 4 6 8 10
cat_threshold=1021546878 6728 3616215564 5950 129148996 59287 2530283545 80964 725621692 7717
is_linear=0
shrinkage=0.05


Tree=38
num_leaves=15
num_cat=3
split_feature=25 34 40 28 40 27 34 34 24 34 34 34 34 40
split_gain=45.101 43.5002 59.6797 49.2215 45.8549 37.1592 44.6837 40.2265 33.3305 30.1654 37.9848 48.4776 66.5152 56.4524
threshold=0.013174187391996385 0.089139107614755644 0 1.0000000180025095e-35 1 8.5000000000000018 0.079782765358686461 0.079782765358686461 -36.974409103393548 0.60323816537857067 0.24923912435770038 0.13187970966100696 0.12204833328723909 2
decision_type=2 2 9 2 9 2 2 2 2 2 2 2 2 9
left_child=1 2 5 9 -5 7 -7 -1 -6 10 11 12 13 -3
right_child=-2 3 -4 4 8 6 -8 -9 -10 -11 -12 -13 -14 -15
leaf_value=0.017657144844370688 -0.0071131084549162244 0.0040855205414020547 -0.01294714532805178 0.010924986391668527 -0.009025512878301405 -0.041765604988594149 0.0012664869367556746 -0.002501514266562168 0.0043420342127992962 -0.019201102325800093 0.0046906726708528211 -0.0021157633160266611 0.0088689780595844273 -0.0044463485400833037
leaf_weight=444.02745254337788 2051.0699107497931 3910.2325183302164 1352.922210007906 2208.5722727775574 615.05096912384033 91.001965895295143 160.99810038506985 548.14916294813156 1875.2831509113312 193.6615839600563 4315.5666001886129 15825.531993106008 2792.440540894866 3816.0782139003277
leaf_count=1785 8250 15756 5434 9013 2477 365 647 2203 7612 787 17421 63657 11242 15338
internal_value=0.000100264 0.000489096 -0.0057512 0.000945834 0.00571025 0.00217641 -0.014764 0.00655835 0.00102301 0.000219257 0.000345198 -0.000367217 0.00226276 -0.000128399
internal_weight=40200.6 38149.5 2597.1 35552.4 4698.91 1244.18 252 992.177 2490.33 30853.5 30659.8 26344.3 10518.8 7726.31
internal_count=161987 153737 10434 143303 19102 5000 1012 3988 10089 124201 123414 105993 42336 31094
cat_boundaries=0 2 4 6
cat_threshold=211526011 46614 1774735523 76218 1215011383 104760
is_linear=0
shrinkage=0.05


Tree=39
num_leaves=15
num_cat=7
split_feature=34 40 34 10 40 27 10 4 40 40 40 40 40 15
split_gain=42.0346 58.1087 42.9546 76.6257 61.259 54.4682 100.342 59.5731 66.9743 52.5897 45.9426 42.49 41.739 41.3232
threshold=0.089139107614755644 0 0.13187970966100696 -0.0060832942835986606 1 10.500000000000002 -0.0031758073018863793 0.41804945468902593 2 3 4 5 6 0.019728576764464382
decision_type=2 9 2 2 9 2 2 2 9 9 9 9 9 2
left_child=1 -1 3 10 13 9 12 8 -8 -4 -2 -9 -7 -5
right_child=2 -3 5 4 -6 6 7 11 -10 -11 -12 -13 -14 -15
leaf_value=0.0016596153253363951 0.0016597747463705005 -0.013158729362090622 0.0016190964593050983 0.0082835473202918647 -0.0020313781443922706 0.0012533117101772337 0.0061938894845360686 -0.0072012168413176057 -0.011081618896203743 -0.0035508557355137687 0.0204364935022192 0.020470952701362496 0.023500242735267095 -0.0014495293276783347
leaf_weight=1292.386773660779 518.81218752264977 1339.5833527445793 7845.0858153551817 3744.5006587952375 5670.1217494904995 300.24444751441479 948.05890743434429 187.01384536921978 1335.5658800750971 13143.51296710968 917.77274209260941 484.53482973575592 790.20022715628147 1534.7466961443424
leaf_count=5194 2096 5381 31643 15096 22819 1220 3827 755 5393 52923 3714 1957 3209 6188
internal_value=0.000166562 -0.00593478 0.000596572 0.00300439 0.00157641 -0.000594883 0.00471344 -7.60657e-05 -0.00393091 -0.0016192 0.0138414 0.0129572 0.017639 0.00544407
internal_weight=40052.1 2631.97 37420.2 12386 10949.4 25034.2 4045.62 2955.17 2283.62 20988.6 1436.58 671.549 1090.44 5279.25
internal_count=161415 10575 150840 49913 44103 100927 16361 11932 9220 84566 5810 2712 4429 21284
cat_boundaries=0 2 4 6 8 10 12 14
cat_threshold=1823580663 42768 1567840816 72496 563644976 99213 4073082954 2152 760349120 54852 610338840 1114 2684358811 76929
is_linear=0
shrinkage=0.05


Tree=40
num_leaves=15
num_cat=5
split_feature=8 40 19 33 12 40 36 40 40 24 40 13 17 4
split_gain=44.9999 84.5526 42.7392 38.7393 37.6096 35.8075 34.1213 56.9813 29.2111 29.1303 33.7852 26.2151 24.8305 37.1997
threshold=74.382583618164077 0 -0.0022866427898406978 -0.046018458902835839 0.37710566818714147 1 -0.084347128868103013 2 3 -36.716333389282219 4 0.065863776952028288 0.038944881409406669 -0.43862557411193842
decision_type=2 9 2 2 2 9 2 9 9 2 9 2 2 2
left_child=2 -2 3 -1 -3 11 7 -4 12 10 -10 -5 -8 -14
right_child=1 4 6 5 -6 -7 8 -9 9 -11 -12 -13 13 -15
leaf_value=0.025275686326573274 -0.02889542758934804 0.0029037330146151211 -0.00046366919280484874 0.0018180723771868221 -0.027819880038699653 -0.0054691269715979101 0.0028103519668956811 0.015644551315565528 -0.0003018793716138635 0.00056701452834305021 -0.0091756090924473115 -0.015364185273082843 0.010580781380462877 -0.012250722906078147
leaf_weight=117.17582128942013 372.45819452404976 796.47938415408134 1177.8394510447979 3558.082510381937 108.7373604029417 5951.0011154562235 12671.820115685463 1017.7648814171553 2321.4572112411261 9002.8361507058144 1991.2084155827761 231.71976742148399 243.24897740781307 631.87742727994919
leaf_count=476 1494 3198 4771 14344 436 23957 51133 4126 9342 36249 8003 937 983 2554
internal_value=-0.000166263 -0.0093809 0.000137306 -0.00270657 -0.000904002 -0.00305648 0.00110257 0.00708853 0.000611887 -0.00105067 -0.00442797 0.000745357 0.00224531 -0.00587477
internal_weight=40193.7 1277.67 38916 9857.98 905.217 9740.8 29058.1 2195.6 26862.4 13315.5 4312.67 3789.8 13546.9 875.126
internal_count=162003 5128 156875 39714 3634 39238 117161 8897 108264 53594 17345 15281 54670 3537
cat_boundaries=0 2 4 6 8 10
cat_threshold=181250190 2113 3112450174 1572 2890953506 36282 2026586403 105720 2182127764 25344
is_linear=0
shrinkage=0.05


Tree=41
num_leaves=15
num_cat=6
split_feature=8 40 37 40 6 40 40 27 40 10 2 36 40 12
split_gain=47.66 76.8958 44.5907 64.6514 58.6842 58.0225 41.5065 34.3726 45.6384 34.1715 31.5673 31.173 28.3697 28.0424
threshold=72.441379547119155 0 0.0072853753808885821 1 -0.051183367148041718 2 3 5.5000000000000009 4 -0.0080947759561240656 0.31625866889953619 -0.15667276084423062 5 0.44158251583576208
decision_type=2 9 2 9 2 9 9 2 9 2 2 2 9 2
left_child=2 10 3 -1 6 13 -5 12 -9 -10 -2 -7 -6 -4
right_child=1 -3 5 4 7 11 -8 8 9 -11 -12 -13 -14 -15
leaf_value=-0.0058511556155008467 0.0031482758557440367 -0.019979561894609667 0.0050905008671406201 0.011384389471123782 -0.010461978024032219 0.02344910209473966 0.00093347265343810557 0.0062318940616744138 0.013440115857192618 -0.0064749093967045174 -0.025548689472295771 -0.00029916727360905504 -0.0010963137329454114 0.032009130894221458
leaf_weight=5836.822605445981 1036.1228810995817 755.76332004368305 7197.47659689188 1715.0742900073528 1623.0856195688248 134.59048217535019 2130.6370082646608 2089.9087394177914 238.6105902493 1863.5509898513556 100.54043482244015 13687.994370818138 1622.2334353327751 93.355141699314117
leaf_count=23497 4163 3032 29091 6940 6525 546 8616 8422 966 7497 403 55144 6516 377
internal_value=-7.47467e-05 -0.00780963 0.000308945 -0.00158691 0.000624815 0.00184646 0.00563629 -0.00196704 0.00102286 -0.00416574 0.000500426 -5.91306e-05 -0.00582636 0.00545009
internal_weight=40125.8 1892.43 38233.3 17119.9 11283.1 21113.4 3845.71 7437.39 4192.07 2102.16 1136.66 13822.6 3245.32 7290.83
internal_count=161735 7598 154137 68979 45482 85158 15556 29926 16885 8463 4566 55690 13041 29468
cat_boundaries=0 2 4 6 8 10 12
cat_threshold=1964006256 30522 2619883828 20786 2622113846 20528 50798793 8781 1620158986 101504 1100057090 100489
is_linear=0
shrinkage=0.05


Tree=42
num_leaves=15
num_cat=3
split_feature=29 27 34 34 40 40 13 11 40 28 24 27 27 26
split_gain=42.0399 32.1013 42.1953 63.5791 45.5676 38.1299 34.1128 31.786 32.3537 29.876 53.6743 54.6656 79.4242 59.9244
threshold=0.79478609561920177 2.5000000000000004 0.10561449080705644 0.11304940655827524 0 1 0.039721077308058746 0.22131696343421939 2 1.0000000180025095e-35 -35.413961410522454 5.5000000000000009 3.5000000000000004 2.5000000000000004
decision_type=2 2 2 2 9 9 2 2 9 2 2 2 2 2
left_child=1 2 5 -4 6 -1 -5 8 -6 -3 11 12 13 -11
right_child=-2 9 3 4 7 -7 -8 -9 -10 10 -12 -13 -14 -15
leaf_value=0.0032934785956416032 -0.0030065494971550856 0.00093119081074291565 0.029419951596107205 0.0088581549492904414 -0.0078779334442056793 -0.021787922182097456 -0.0062282706826119368 -0.0099355844524358118 0.013564934335050139 0.035711103032025175 0.014338875727708559 0.0062949107887886159 -0.022587894891861887 -0.018360593127169627
leaf_weight=220.16468207538128 8896.9294839203358 22770.310198441148 161.05586162209511 1185.6910379230976 343.44526159763336 475.83125732839108 542.16859324276447 1802.1283463835716 331.7638049274683 125.3152332007885 1218.6745375543833 1600.90852612257 446.61937567591667 80.283927157521248
leaf_count=884 35741 91795 649 4770 1382 1921 2182 7235 1338 508 5021 6494 1808 325
internal_value=2.52739e-05 0.000887443 -0.00275589 -0.000925384 -0.00212233 -0.0141437 0.00409351 -0.00644971 0.00275654 0.00159084 0.00590827 0.00132444 -0.0108233 0.0146384
internal_weight=40201.3 31304.4 5062.25 4366.25 4205.2 695.996 1727.86 2477.34 675.209 26242.1 3471.8 2253.13 652.219 205.599
internal_count=162053 126312 20361 17556 16907 2805 6952 9955 2720 105951 14156 9135 2641 833
cat_boundaries=0 2 4 6
cat_threshold=3288514999 6375 166822020 46656 828115464 9232
is_linear=0
shrinkage=0.05


Tree=43
num_leaves=15
num_cat=4
split_feature=19 33 34 34 33 34 25 40 40 1 24 40 31 40
split_gain=38.4608 29.1445 62.331 30.1354 28.8171 33.1764 29.0458 26.8231 23.8115 24.4974 29.1934 41.7173 24.9214 24.0449
threshold=-0.00045910477638244623 0.021049814298748974 0.35462349653244024 0.56372356414794933 -0.046018458902835839 0.38200022280216223 0.013174187391996385 0 1 0.030960321426391605 -37.382177352905266 2 0.28015989065170294 3
decision_type=2 2 2 2 2 2 2 9 9 2 2 9 2 9
left_child=4 8 -3 -4 5 -1 7 -6 9 10 11 12 -2 -12
right_child=1 2 3 -5 6 -7 -8 -9 -10 -11 13 -13 -14 -15
leaf_value=-0.0015059952155605748 -0.022864607668600476 0.015519087643007091 -0.019465349155583966 0.015996752111847735 0.0007347634884782156 0.051350016289272715 -0.011576052172659588 -0.0039508908490655551 -0.00060230395024952164 -0.0011969288176199853 0.011857442454417867 0.0037990469940151332 -0.0042882922448786573 0.0040469928427837691
leaf_weight=64.65393291413784 249.33339177072048 895.11555737257004 229.20078343153 76.131083220243454 6018.2045206427574 49.193433105945587 778.58762396872044 6180.3052533715963 12803.937338382006 3414.6452043056488 1189.388525813818 1682.0081634819508 636.90211133658886 5815.8611196279526
leaf_count=263 1004 3627 926 312 24272 201 3131 24877 51572 13722 4813 6798 2566 23516
internal_value=0.000204664 0.00128332 0.00888301 -0.0104919 -0.00201871 0.0224905 -0.00224269 -0.00164207 0.000927763 0.00243476 0.00373311 -0.000824206 -0.00951238 0.005404
internal_weight=40083.5 26992.5 1200.45 305.332 13090.9 113.847 12977.1 12198.5 25792.1 12988.1 9573.49 2568.24 886.236 7005.25
internal_count=161600 108856 4865 1238 52744 464 52280 49149 103991 52419 38697 10368 3570 28329
cat_boundaries=0 2 4 6 8
cat_threshold=4187257206 69128 4243292706 43736 1346404866 32976 278986752 80
is_linear=0
shrinkage=0.05


Tree=44
num_leaves=15
num_cat=2
split_feature=34 34 34 27 27 27 27 34 34 37 41 15 41 5
split_gain=34.1184 57.209 58.4306 53.9609 48.3851 48.3261 45.9077 138.719 58.5147 51.2525 43.785 43.5506 43.4338 40.737
threshold=0.099173918366432204 0.13090705871582034 0.12308578938245775 11.500000000000002 2.5000000000000004 8.5000000000000018 8.5000000000000018 0.079782765358686461 0.097362548112869277 0.016557745635509494 0 0.022363567724823955 1 -0.048222828656435006
decision_type=2 2 2 2 2 2 2 2 2 2 1 2 1 2
left_child=4 2 11 5 -1 -4 10 -8 9 -9 -6 12 -2 -14
right_child=1 -3 3 -5 6 -7 7 8 -10 -11 -12 -13 13 -15
leaf_value=-0.015649357302276873 0.0093045685486476022 -0.00065656849033429992 0.012399934019000965 0.039110351074922362 0.0076645591828460929 -0.0041343935582227476 -0.046417465354302162 0.017273756662517958 -0.030403424370712279 -0.0071594115638911162 -0.0053181665283523628 -0.006703611532553444 0.029158684073903693 -0.00042083578434630057
leaf_weight=738.43912854790688 2021.7732438147068 25416.777702301741 1841.9027152210474 148.2922045737505 1480.1501222252846 577.64957204461098 207.47928947210312 361.69584992527962 149.26887254416943 512.71991738677025 1134.6680640727282 1309.5916336625814 114.77337490022182 4120.9361326098442
leaf_count=2979 8173 102508 7423 600 5957 2332 833 1454 601 2066 4555 5282 466 16594
internal_value=8.61313e-05 0.000609917 0.00378531 0.0102952 -0.00397092 0.00845004 -0.00170992 -0.00965115 -0.00200514 0.00298226 0.00203852 0.00157023 0.00330658 0.000411953
internal_weight=40136.1 35551.7 10134.9 2567.84 4584.42 2419.55 3845.98 1231.16 1023.68 874.416 2614.82 7567.07 6257.48 4235.71
internal_count=161823 143378 40870 10355 18445 9755 15466 4954 4121 3520 10512 30515 25233 17060
cat_boundaries=0 1 2
cat_threshold=2796 1090
is_linear=0
shrinkage=0.05


Tree=45
num_leaves=15
num_cat=6
split_feature=33 27 25 23 40 40 36 23 34 11 40 40 40 40
split_gain=36.8093 42.5416 36.615 37.8708 39.4495 37.2185 40.0321 35.5278 31.7032 44.8758 38.394 29.4354 27.6693 27.5738
threshold=0.0068891991395503291 10.500000000000002 -0.0093519706279039366 inf 0 1 0.012861279770731928 -0.062807146459817872 0.24923912435770038 0.64311218261718761 2 3 4 5
decision_type=2 2 2 8 9 9 2 8 2 2 9 9 9 9
left_child=2 7 12 5 -5 6 -4 -2 10 -10 -3 -9 -1 -8
right_child=1 8 3 4 -6 -7 13 11 9 -11 -12 -13 -14 -15
leaf_value=-0.0012891295899707719 -0.0044756653223045201 0.019980805363053755 0.0031829605696012267 -0.019332418150374925 0.00010202818883102575 -0.00312909161502472 0.0010892711043960482 -0.0011146391180980734 0.010767570808542503 -0.037861222002147296 0.0047059118407992038 0.0054620250417436759 0.0068989814120661644 -0.0067678398109942573
leaf_weight=1802.220357850194 2205.4202857613564 728.4051156193018 6980.9386570751667 585.85478310286999 470.44788891077042 12448.419088110328 2207.7028460800648 2863.3399801552296 106.7727078795433 77.94935442507267 980.53990568220615 4168.8421995788813 2392.2387425005436 2240.6073811501265
leaf_count=7285 8894 2958 28199 2355 1893 50069 8883 11551 436 315 3984 16847 9659 9007
internal_value=1.10094e-05 0.00245617 -0.000923484 -0.00165079 -0.0108936 -0.0012395 0.000820631 0.00105391 0.0092732 -0.0101835 0.0114028 0.00279074 0.00339564 -0.00288313
internal_weight=40259.7 11131.3 29128.4 24934 1056.3 23877.7 11429.2 9237.6 1893.67 184.722 1708.95 7032.18 4194.46 4448.31
internal_count=162335 44985 117350 100406 4248 96158 46089 37292 7693 751 6942 28398 16944 17890
cat_boundaries=0 2 4 6 8 10 12
cat_threshold=45794052 35160 716691770 33352 231482084 50050 195207744 108047 1239439802 15904 547754296 32768
is_linear=0
shrinkage=0.05


Tree=46
num_leaves=15
num_cat=5
split_feature=33 34 1 40 31 3 12 19 12 4 40 40 40 40
split_gain=39.0309 54.1427 37.5281 43.1172 41.9445 38.4095 45.7192 37.5437 41.9161 43.0364 43.9154 43.0609 35.4407 33.6255
threshold=0.021049814298748974 0.35462349653244024 0.012505292892456056 0 0.12012987211346628 -0.061245918273925774 0.05779476277530194 -0.0083762109279632551 0.20331175625324252 0.17574739456176761 1 2 3 4
decision_type=2 2 2 9 2 2 2 2 2 2 9 9 9 9
left_child=2 -2 7 4 -4 13 -7 -1 9 10 -9 -11 -10 -5
right_child=1 -3 3 5 -6 6 -8 8 12 11 -12 -13 -14 -15
leaf_value=-0.0043153253650444158 0.013968933501085537 -0.0077719689605235745 0.013415387416415309 0.019033295489463503 -0.00042680427614479629 0.0094241835055497401 -0.007255533572516383 0.0022314784772597468 -0.0023095709010971855 -0.0011616448132731525 -0.0045462095226919668 0.0063972250982955786 0.01084199502277957 -0.00076672407201275935
leaf_weight=2811.955297678709 1064.4018401056528 387.08724969625473 590.374685510993 248.14049907028675 6765.4078384339809 435.07968920469284 6282.1175440847874 4547.3986821770668 679.93020784854889 2971.8281781077385 5007.216172799468 5126.1187660247087 2052.2371817082167 1156.7570701539516
leaf_count=11348 4319 1568 2381 998 27218 1751 25233 18349 2753 12002 20185 20742 8320 4646
internal_value=0.000125581 0.0081608 -0.000176874 -0.00208336 0.000690909 -0.00459058 -0.00616822 0.00109518 0.00184265 0.000949344 -0.00132287 0.00363007 0.00760019 0.00291157
internal_weight=40126.1 1451.49 38674.6 15477.9 7355.78 8122.09 6717.2 23196.7 20384.7 17652.6 9554.61 8097.95 2732.17 1404.9
internal_count=161813 5887 155926 62227 29599 32628 26984 93699 82351 71278 38534 32744 11073 5644
cat_boundaries=0 2 4 6 8 10
cat_threshold=3880276384 7160 160299038 80391 756897928 6166 2206728482 38658 134545411 8192
is_linear=0
shrinkage=0.05


Tree=47
num_leaves=15
num_cat=6
split_feature=29 28 40 19 40 36 40 36 40 3 40 27 5 40
split_gain=38.5623 28.0223 35.2135 29.4791 29.5095 29.1609 24.915 24.3566 40.4308 28.0088 30.2046 21.6407 35.4796 45.5309
threshold=0.72944819927215587 1.0000000180025095e-35 0 -0.0071433186531066886 1 -0.075329162180423723 2 0.047855641692876823 3 0.14435398578643802 4 11.500000000000002 -0.0044432603754103175 5
decision_type=2 2 9 2 9 2 9 2 9 2 9 2 2 9
left_child=1 3 -3 6 5 -5 -1 9 -9 -2 -11 -6 -13 -14
right_child=7 2 -4 4 11 -7 -8 8 -10 10 -12 12 13 -15
leaf_value=0.00053076751826528358 -0.002880260215054384 0.0097060016891786123 0.00013139754495546905 0.013029893612998382 -0.0010214891096972281 0.0024852992701711115 -0.0079227018379742584 -0.016430012891541178 -0.0025389811362569415 0.010102354663879097 -0.0015541520596585613 0.016505690934465918 -0.021461575468103046 0.0067586063780092536
leaf_weight=1660.7142936438322 6693.9956019222736 1911.9614772200584 1927.8132001161575 715.89335915446281 12214.387607172132 7344.7884174734354 1822.3686925470829 750.28181345760822 1711.413898140192 975.55758582055569 1261.8329817354679 476.45357877016068 184.16400653123856 491.62659576535225
leaf_count=6690 26913 7821 7842 2915 49178 29660 7338 3010 6868 3926 5073 1936 743 1985
internal_value=-1.62967e-05 0.000959129 0.00493225 0.000345632 0.00103951 0.00342567 -0.00391691 -0.00247754 -0.00687637 -0.00126139 0.00357546 -0.000402083 0.00613219 -0.00124162
internal_weight=40143.3 28750.2 3839.77 24910.4 21427.3 8060.68 3483.08 11393.1 2461.7 8931.39 2237.39 13366.6 1152.24 675.791
internal_count=161898 116108 15663 100445 86417 32575 14028 45790 9878 35912 8999 53842 4664 2728
cat_boundaries=0 2 4 6 8 10 12
cat_threshold=1640559007 74138 2315747710 45124 737437790 57875 2183260434 32845 1677752946 51106 1883258880 3080
is_linear=0
shrinkage=0.05


Tree=48
num_leaves=15
num_cat=1
split_feature=36 23 24 41 12 36 28 27 10 24 22 33 21 27
split_gain=38.3327 30.982 36.4741 28.7145 33.4005 46.7818 24.5773 23.709 35.9624 23.5215 23.4583 21.1381 32.6697 23.4392
threshold=0.021016416139900688 -0.15362142771482465 -37.382177352905266 0 0.2360719442367554 -0.11803171783685683 1.0000000180025095e-35 11.500000000000002 0.0043143667280673989 -35.723581314086907 0.75575000047683727 -0.0011588088818825779 0.58171436190605175 2.5000000000000004
decision_type=2 10 2 1 2 2 2 2 2 2 10 2 2 2
left_child=1 -1 10 11 5 -5 7 -7 -9 -8 -3 12 -4 -13
right_child=-2 2 3 4 -6 6 9 8 -10 -11 -12 13 -14 -15
leaf_value=-0.0037734181004002425 -0.0024189278031980237 -0.0035008425600683382 -0.0083801407811108144 0.018891756316959871 0.0086829262613899848 -0.0034851648837148433 -0.00026443872935026511 0.012746795674326579 -0.015898948478587731 0.014846314832208947 0.013577692942933185 -0.00084793232068506186 0.003260713419618505 0.0070231762387929072
leaf_weight=3076.6432089060545 11979.161863744259 4074.5979612916708 715.85481037199497 288.02055048942566 1058.6030957251787 6264.7284940779209 669.00084659457207 502.75994938611984 135.00936362147331 412.90612806379795 206.52103520929813 1121.9366349875927 3671.5869521051645 5949.0159847140312
leaf_count=12414 48182 16440 2891 1166 4281 25182 2710 2035 543 1694 835 4521 14836 24114
internal_value=-5.05086e-05 0.00095754 0.00153896 0.0024045 0.000341564 -0.000729444 -0.00144924 -0.00254864 0.0065985 0.0055397 -0.00266093 0.00407926 0.00135288 0.00577386
internal_weight=40126.3 28147.2 25070.5 20789.4 9331.03 8272.43 7984.4 6902.5 637.769 1081.91 4281.12 11458.4 4387.44 7070.95
internal_count=161844 113662 101248 83973 37611 33330 32164 27760 2578 4404 17275 46362 17727 28635
cat_boundaries=0 1
cat_threshold=5326
is_linear=0
shrinkage=0.05


Tree=49
num_leaves=15
num_cat=5
split_feature=24 40 28 40 23 40 40 34 34 27 27 27 4 40
split_gain=37.4666 48.9912 43.8526 38.0568 37.8074 51.049 44.6651 31.8817 44.3887 32.8098 47.0774 55.5297 46.6326 31.3086
threshold=-37.382177352905266 0 1.0000000180025095e-35 1 -0.15362142771482465 2 3 0.24923912435770038 0.29877212643623358 2.5000000000000004 4.5000000000000009 6.5000000000000009 0.15865063667297366 4
decision_type=2 9 2 9 10 9 9 2 2 2 2 2 2 9
left_child=1 -1 4 -4 5 -2 -6 -8 9 -9 -11 -12 -13 -10
right_child=2 -3 3 -5 6 -7 7 8 13 10 11 12 -14 -15
leaf_value=-0.011801180250446464 0.0021228490277528157 -0.0011340910689042374 0.01161011321626184 0.0019333395345978738 0.0033920328745682504 -0.0094739916089149855 -0.0018506237834012573 -0.016673858230130765 -0.013382665650164927 0.035469281246468073 -0.03261948805561992 0.0014670134971681527 0.027428602242498597 0.0033195619222924351
leaf_weight=1375.7209860235453 1632.7206862270832 4807.4256201833487 1542.3574045151472 2974.9689435064793 9546.9289819151163 2242.7308383285999 13692.108880802989 87.166568964719772 387.1599507778883 208.14702197909355 68.633203938603401 388.61538322269917 308.20905835926533 915.35799004137516
leaf_count=5532 6568 19387 6316 12102 38544 9018 55060 350 1564 839 277 1569 1247 3694
internal_value=4.15865e-05 -0.0035368 0.000693007 0.00527753 -1.01558e-05 -0.00460948 0.000686617 -0.000923869 0.004432 0.0120006 0.014645 0.00878238 0.0130707 -0.00175033
internal_weight=40178.3 6183.15 33995.1 4517.33 29477.8 3875.45 25602.3 16055.4 2363.29 1060.77 973.605 765.458 696.824 1302.52
internal_count=162067 24919 137148 18418 118730 15586 103144 64600 9540 4282 3932 3093 2816 5258
cat_boundaries=0 2 4 6 8 10
cat_threshold=1379965506 54343 1941999619 10672 4032143535 21126 446863686 35440 1140916272 8584
is_linear=0
shrinkage=0.05


Tree=50
num_leaves=15
num_cat=5
split_feature=37 40 40 30 15 27 1 27 40 16 2 40 27 40
split_gain=32.8443 61.6602 50.821 44.3752 43.0212 56.5304 42.1969 36.1686 32.8436 31.5235 30.657 57.2757 37.2525 31.6476
threshold=0.0072853753808885821 0 1 0.75255101919174205 0.043302718549966819 2.5000000000000004 -0.033780336380004876 7.5000000000000009 2 1.1379742026329043 -0.1109187602996826 3 5.5000000000000009 4
decision_type=2 9 9 2 2 2 2 2 9 2 2 9 2 9
left_child=1 6 4 -4 -2 -6 -1 -8 9 -5 11 -3 -12 -14
right_child=2 10 3 8 5 -7 7 -9 -10 -11 12 -13 13 -15
leaf_value=0.00026770224273759384 0.0039167424449174267 -0.0018947041427593344 0.00080598123908968825 -0.0051953086138169912 -0.058019419921924692 -0.0049620345893014312 -0.0138826800712935 -0.0035249995446341082 -0.011095968991159562 0.0092815990689713839 -0.0045275462326971978 0.014426692612029954 0.0057740207041335765 -0.001799317249109156
leaf_weight=1582.7952574342489 11365.770266026258 1189.585421949625 7488.9704537391663 1484.5732373595238 52.827033683657646 392.97935990989208 2026.5910202115774 1450.5604676008224 1650.7669983357191 497.98095333576202 4391.1231579631567 964.12272138893604 2506.5799341052771 3034.8067626357079
leaf_count=6389 45933 4828 30211 5969 212 1589 8140 5839 6635 2002 17667 3917 10117 12242
internal_value=-0.000204945 -0.00186011 0.00103243 -0.0013925 0.00331427 -0.0118341 -0.00648474 -0.00957448 -0.00592406 -0.00153454 8.27688e-05 0.00548391 -0.00108997 0.00163477
internal_weight=40080 17146.2 22933.9 11122.3 11811.6 445.806 5059.95 3477.15 3633.32 1982.55 12086.2 2153.71 9932.51 5541.39
internal_count=161690 69139 92551 44817 47734 1801 20368 13979 14606 7971 48771 8745 40026 22359
cat_boundaries=0 2 4 6 8 10
cat_threshold=2217230612 20790 2632601910 55602 1628473992 9344 2059417634 36480 1620158986 99456
is_linear=0
shrinkage=0.05


Tree=51
num_leaves=15
num_cat=4
split_feature=34 10 33 34 34 7 40 34 34 40 27 40 37 40
split_gain=35.5265 62.8896 36.3599 51.2193 34.5353 29.1079 49.9676 31.373 69.6227 53.4204 46.2268 47.2982 39.6886 44.3179
threshold=0.65775698423385631 0.0049822677392512569 0.021049814298748974 0.35462349653244024 0.56372356414794933 -0.1272495165467262 0 0.13187970966100696 0.12308578938245775 1 9.5000000000000018 2 0.081200558692216887 3
decision_type=2 2 2 2 2 2 9 2 2 9 2 9 2 9
left_child=2 -2 5 -4 -5 6 -1 8 9 -7 11 12 -9 -14
right_child=1 -3 3 4 -6 7 -8 10 -10 -11 -12 -13 13 -15
leaf_value=-0.0051995430075773789 0.015305489099469383 -0.05326540993902238 0.013514455268821036 -0.015576768654342713 0.023742324360228766 0.0037149580894487548 0.018697833443982265 -0.007062004430057796 0.0083983779798539448 -0.0030173668683779625 0.0023941244705239012 -0.00017632539269522165 -0.0097243705675364722 0.0076356144538463622
leaf_weight=369.78575555980206 53.414427399635315 76.662943854928017 1057.2576101571321 292.96776914596558 63.979590758681297 4994.4652334302664 509.19817043840885 7004.611174851656 2878.0175098180771 7140.2508764415979 5637.5280658453703 8507.2454886436462 546.74486103653908 1050.3879406899214
leaf_count=1495 220 316 4301 1182 260 20164 2061 28208 11620 28763 22795 34293 2204 4237
internal_value=5.2412e-05 -0.0255465 0.000138852 0.00799898 -0.00828474 -0.000149706 0.00881878 -0.000359753 0.00141384 -0.000245069 -0.0015306 -0.00282443 -0.00543472 0.00166483
internal_weight=40182.5 130.077 40052.4 1414.2 356.947 38638.2 878.984 37759.3 15012.7 12134.7 22746.5 17109 8601.74 1597.13
internal_count=162119 536 161583 5743 1442 155840 3556 152284 60547 48927 91737 68942 34649 6441
cat_boundaries=0 2 4 6 8
cat_threshold=202512752 19768 740004405 6936 1278798645 98717 135275297 98304
is_linear=0
shrinkage=0.05


Tree=52
num_leaves=15
num_cat=5
split_feature=24 40 40 36 17 27 3 40 28 23 40 3 40 6
split_gain=34.1669 47.5848 35.5615 41.1408 35.4162 31.3873 35.075 38.2715 28.2605 28.215 28.4011 29.2207 27.4083 29.1537
threshold=-37.382177352905266 0 1 0.0087008853442966955 0.013502952642738821 1.5000000000000002 0.14850807189941409 2 1.0000000180025095e-35 -0.21975475549697873 3 0.25031065940856939 4 0.089738756418228163
decision_type=2 9 9 2 2 2 2 9 2 10 9 2 9 2
left_child=1 -1 3 4 -2 -4 -7 -8 -9 -6 -11 -12 -5 -14
right_child=2 -3 5 12 9 6 7 8 -10 10 11 -13 13 -15
leaf_value=-0.00048364046008918921 0.016681951088173285 -0.0098718519994915634 -0.0068777599025378723 0.0027863589461504011 -0.0061536456379673241 -0.0012836707725344583 -0.0040188024462512583 0.0043428957099033083 0.017081688323286281 0.0098206645640916881 0.0011935509075017118 0.015319312536638706 -0.0016619848894591567 -0.014870257739573787
leaf_weight=4218.1845488846302 597.0818200558424 1974.8235695213079 1850.6493719667196 2356.2649446129799 615.36604672670364 15163.912307918072 1252.9789596199989 3285.2608105540276 498.75772443413734 2050.6788911223412 3680.7036207616329 401.85150317847729 1693.0703324824572 550.82026694715023
leaf_count=17016 2418 7943 7440 9498 2486 61133 5051 13230 2039 8318 14918 1629 6825 2215
internal_value=-8.61373e-05 -0.00350041 0.000536087 0.00273136 0.00505456 -0.000654206 -8.25676e-05 0.00353006 0.00602769 0.0040135 0.0050386 0.00259588 -0.000972858 -0.00491053
internal_weight=40190.4 6193.01 33997.4 11945.8 7345.68 22051.6 20200.9 5037 3784.02 6748.6 6133.23 4082.56 4600.16 2243.89
internal_count=162159 24959 137200 48307 29769 88893 81453 20320 15269 27351 24865 16547 18538 9040
cat_boundaries=0 2 4 6 8 10
cat_threshold=700391481 76568 853776454 4816 2299527313 8196 312672256 80 549459972 656
is_linear=0
shrinkage=0.05


Tree=53
num_leaves=15
num_cat=0
split_feature=8 34 10 34 5 24 28 34 37 34 17 10 34 27
split_gain=32.5103 32.4549 58.7265 52.3662 37.7138 30.8568 44.8135 48.3295 75.9657 59.8237 46.6757 34.6264 30.2977 42.982
threshold=74.382583618164077 0.60323816537857067 -0.0044520576484501353 0.56372356414794933 -0.02951371110975742 -37.364196777343743 1.0000000180025095e-35 0.26499013602733618 0.13248271495103839 0.40313921868801122 0.027790836989879612 -0.0068317030090838662 0.087557714432477965 7.5000000000000009
decision_type=2 2 2 2 2 2 2 2 2 2 2 2 2 2
left_child=1 3 -3 5 -5 -1 -7 10 9 11 12 -9 13 -8
right_child=-2 2 -4 4 -6 6 7 8 -10 -11 -12 -13 -14 -15
leaf_value=-0.0028560805495359606 -0.0076911795227814 0.02063242375611123 -0.031033602354550084 0.059832209093837921 0.0069359916294060272 0.00027666734185836852 0.0088129549891076894 -0.051931339864770221 0.035535167496852538 0.014681722348324371 0.019704746924515255 -0.0161426560151656 0.0064419896769200196 -0.03765149147735055
leaf_weight=6133.4021985828876 1283.0614536106586 71.981859445571899 193.4012306034565 57.893276199698448 76.367697432637215 27920.854486256838 99.126108646392822 89.529222905635834 80.731035590171814 118.9969510436058 669.37658129632473 269.59015563130379 2913.7565316259861 91.724637389183044
leaf_count=24719 5154 295 795 238 308 112494 401 365 334 489 2751 1097 11882 369
internal_value=0.000123481 0.000383076 -0.0168789 0.000504304 0.03111 0.00039309 0.00101146 0.00573954 -0.00792712 -0.015568 0.00777242 -0.0256692 0.00517057 -0.0138839
internal_weight=40069.8 38786.7 265.383 38521.3 134.261 38387.1 32253.7 4332.83 558.847 478.116 3773.98 359.119 3104.61 190.851
internal_count=161691 156537 1090 155447 546 154901 130182 17688 2285 1951 15403 1462 12652 770
is_linear=0
shrinkage=0.05


Tree=54
num_leaves=15
num_cat=5
split_feature=36 40 23 40 34 24 40 40 17 3 34 15 40 27
split_gain=29.3834 90.894 27.3645 32.6455 29.2964 27.5727 44.6777 41.6812 36.7695 28.3949 27.6912 27.2783 27.0849 22.5968
threshold=-0.075329162180423723 0 -0.090821430087089525 1 0.29877212643623358 -37.052553176879876 2 3 0.029030802659690384 0.052082300186157234 0.091051366180181517 0.011064196471124889 4 9.5000000000000018
decision_type=2 9 10 9 2 2 9 9 2 2 2 2 9 2
left_child=1 -1 3 -2 13 6 -4 8 9 -7 12 -11 -9 -5
right_child=2 -3 5 4 -6 7 -8 10 -10 11 -12 -13 -14 -15
leaf_value=-0.0037738224581114707 0.00086321958281041313 0.011643647215707325 0.001432933560330986 -0.0066725385819385854 -0.018503339239213649 0.0030112767422442194 -0.0064026150637320894 0.0012532005078698485 -0.0017419621290017955 0.043512485354597133 0.00066717125824738868 0.010421950795270887 -0.015041103714947582 0.0014625508417562016
leaf_weight=1799.7155486643314 3462.649150788784 2013.4111908376217 3995.7636794745922 2959.7747990041971 396.01907180249691 1849.7661403417587 3319.4746279418468 461.37595042586327 1418.1359083652496 59.869955241680145 14442.712098434567 2154.2290679365396 559.29884432256222 1195.2663108259439
leaf_count=7298 13957 8185 16129 11906 1601 7473 13350 1855 5736 242 58263 8710 2253 4822
internal_value=0.000218554 0.00439082 -0.000220438 -0.0027985 -0.00557315 0.000510797 -0.0021307 0.00143387 0.00517322 0.00759948 0.000103241 0.011415 -0.00783493 -0.0043322
internal_weight=40087.5 3813.13 36274.3 8013.71 4551.06 28260.6 7315.24 20945.4 5482 4063.87 15463.4 2214.1 1020.67 4155.04
internal_count=161780 15483 146297 32286 18329 114011 29479 84532 22161 16425 62371 8952 4108 16728
cat_boundaries=0 2 4 6 8 10
cat_threshold=609253680 36242 1909864619 5760 148619583 10524 815858036 35536 1146282112 13574
is_linear=0
shrinkage=0.05


Tree=55
num_leaves=15
num_cat=5
split_feature=36 40 37 40 40 15 30 40 7 16 12 24 31 40
split_gain=29.5539 71.8869 27.2919 61.4473 57.5878 36.811 30.2458 40.7344 48.6453 31.8764 29.1031 27.4335 31.1567 37.7976
threshold=-0.075329162180423723 0 0.0072853753808885821 1 2 0.042296187952160842 0.75255101919174205 3 0.040307862684130676 1.1411282420158388 0.41568946838378912 -37.382177352905266 0.37176080048084265 4
decision_type=2 9 2 9 9 2 2 9 2 2 2 2 2 9
left_child=1 -1 4 5 -2 11 -5 8 -8 -9 -7 -4 13 -13
right_child=2 -3 3 6 -6 10 7 9 -10 -11 -12 12 -14 -15
leaf_value=-0.0038280014048249003 -0.0063590778473397586 0.010043103103515316 -0.0016690012850040375 -0.00010753334550300521 4.5403760759345655e-05 -0.018789547063179642 0.00095324774341546791 -0.004829984745844805 -0.018270215317820557 0.0094061345206794822 0.010888114905395589 0.020333465855625819 0.0030132924357397627 0.0062049294604981931
leaf_weight=1629.1210270524025 5281.8433590829372 2158.1999282389879 1788.5573243349791 6558.9330272972584 10409.00378189981 311.16327926516533 482.9302871376276 1549.774476274848 1021.6868984848261 521.27989031374454 107.86662130057812 615.90149973332882 5580.3967467993498 2085.7687587141991
leaf_count=6603 21250 8782 7206 26462 42001 1256 1940 6229 4109 2097 435 2493 22544 8448
internal_value=-0.000105634 0.00409432 -0.00054429 0.000651069 -0.00211551 0.00333127 -0.002124 -0.00582208 -0.0120344 -0.00122445 -0.0110998 0.00394075 0.00515309 0.00955733
internal_weight=40102.4 3787.32 36315.1 20624.3 15690.8 10489.7 10134.6 3575.67 1504.62 2071.05 419.03 10070.6 8282.07 2701.67
internal_count=161855 15385 146470 83219 63251 42382 40837 14375 6049 8326 1691 40691 33485 10941
cat_boundaries=0 2 4 6 8 10
cat_threshold=609243426 36242 3169341750 55602 2485666068 20791 34021377 66125 881332224 2336
is_linear=0
shrinkage=0.05


Tree=56
num_leaves=15
num_cat=5
split_feature=1 34 27 40 3 40 40 21 11 3 40 27 40 5
split_gain=31.3662 46.5201 39.2162 41.6921 39.565 41.9486 39.042 39.0298 37.5986 37.2959 34.0454 39.7564 30.3779 28.6155
threshold=0.00040030479431152349 0.60323816537857067 1.5000000000000002 0 0.16150331497192386 1 2 1.2501494884490969 0.30247820913791662 -0.2114143371582031 3 5.5000000000000009 4 -0.074717152863740907
decision_type=2 2 2 9 2 9 9 2 2 2 9 2 9 2
left_child=2 10 3 -1 6 -6 7 -4 -7 12 11 -2 -8 -5
right_child=1 -3 4 13 5 8 9 -9 -10 -11 -12 -13 -14 -15
leaf_value=0.0025561793426503981 -0.010481191694633232 -0.033005888424322755 -0.00013495307626703717 0.019220235798898685 0.013632580444645102 0.015883280941698868 0.0018662403470237753 -0.010324169235496533 -0.0035689473451544921 0.0022190891124066834 -0.00020093536450450334 -0.0013614947897861466 0.024243523207783928 -0.015866382473804039
leaf_weight=762.1373235732317 1955.8457293063402 111.51739799976349 4872.6427650153637 58.190020263195038 1372.1575575172901 323.55053667724133 278.19166985154152 1159.7927914261818 1013.2277670651674 7835.7524448782206 16141.746722996235 3068.4007143080235 349.70074021816254 827.90882624685764
leaf_count=3069 7858 467 19688 235 5576 1314 1133 4695 4106 31726 65018 12342 1426 3331
internal_value=-0.000180475 -0.00149624 0.00130421 -0.0060513 0.00201071 0.00755176 0.000972642 -0.00209821 0.00116843 0.00316066 -0.00132223 -0.00490975 0.0148426 -0.0133123
internal_weight=40130.8 21277.5 18853.3 1648.24 17205 2708.94 14496.1 6032.44 1336.78 8463.64 21166 5024.25 627.892 886.099
internal_count=161984 85685 76299 6635 69664 10996 58668 24383 5420 34285 85218 20200 2559 3566
cat_boundaries=0 2 4 6 8 10
cat_threshold=1138991191 7759 2093582449 49908 1699234212 51184 10723336 17415 271583314 69640
is_linear=0
shrinkage=0.05


Tree=57
num_leaves=15
num_cat=4
split_feature=25 40 34 40 33 27 34 34 34 10 40 15 40 27
split_gain=28.5159 33.949 29.5495 56.334 42.5087 35.4644 65.9971 35.6823 33.2741 66.7851 49.9737 47.0307 43.4009 32.2498
threshold=0.017152569256722931 0 0.099173918366432204 1 0.0022112962324172263 8.5000000000000018 0.084187332540750517 0.072230361402034773 0.13090705871582034 -0.0060832942835986606 2 0.019861833192408088 3 2.5000000000000004
decision_type=2 9 2 9 2 2 2 2 2 2 9 2 9 2
left_child=2 -2 3 13 5 7 -7 -5 9 12 11 -11 -4 -1
right_child=1 -3 8 4 -6 6 -8 -9 -10 10 -12 -13 -14 -15
leaf_value=-0.012015257623542983 -0.018520274983525049 -0.00063842887770489002 0.0044129179922434147 0.017543208508103533 -0.00040000757449273807 -0.051634865299680248 -0.0111566098112484 -0.011128866613310565 -0.00037444062941249578 0.0086884795136621847 -0.0021834974478433344 -0.0025890837251212177 0.024117818056732698 0.0066680700211314186
leaf_weight=271.14763218164444 439.22689482569695 654.51863940060139 581.18782161176205 114.94667252898216 1141.6238622814417 148.08989934623241 306.99454766511917 1171.153504088521 24404.614108547568 3105.6502173542976 4414.7956807613373 1311.8085890561342 560.68472193181515 1410.0003927499056
leaf_count=1094 1769 2637 2356 462 4599 597 1235 4714 98547 12558 17782 5301 2282 5687
internal_value=-0.000106177 -0.00804995 0.000117809 -0.0036599 -0.00788156 -0.012814 -0.0247576 -0.00850438 0.000619923 0.00305239 0.00157685 0.00532718 0.0144046 0.00360366
internal_weight=40036.4 1093.75 38942.7 4563.96 2882.81 1741.18 455.084 1286.1 34378.7 9974.13 8832.25 4417.46 1141.87 1681.15
internal_count=161620 4406 157214 18388 11607 7008 1832 5176 138826 40279 35641 17859 4638 6781
cat_boundaries=0 2 4 6 8
cat_threshold=575138723 100416 212959612 10896 4234369588 39336 4017254848 28166
is_linear=0
shrinkage=0.05


Tree=58
num_leaves=15
num_cat=0
split_feature=8 19 7 28 4 34 34 15 12 1 27 16 4 34
split_gain=34.1014 34.2685 25.9864 23.0861 47.9998 70.2642 38.3919 37.2449 34.4663 33.9169 45.6193 32.2084 30.0682 29.5591
threshold=74.382583618164077 -0.0035841166973114009 0.074639722704887404 1.0000000180025095e-35 0.35107541084289556 0.29006725549697882 0.24923912435770038 0.018142500892281536 0.26160253584384924 0.043955802917480476 2.5000000000000004 1.0644109249114992 -0.068176746368408189 0.21416641771793368
decision_type=2 2 2 2 2 2 2 2 2 2 2 2 2 2
left_child=1 2 -1 6 8 13 7 -3 -5 -8 -11 -12 -13 -6
right_child=-2 3 -4 4 5 -7 9 -9 -10 10 11 12 -14 -15
leaf_value=-0.0038094857478816416 -0.0080863564581238161 0.0017570291299411841 0.0039986726173409327 -0.00015958357563394148 0.013638375654059174 -0.029084224430394542 0.0081664934726223375 -0.0022653776757718142 0.019949471963291346 -0.033932085648575465 0.012366189376384831 0.0063491024507859985 -0.019452257425815536 0.038165883395638776
leaf_weight=6914.7294006496668 1255.7053016573191 11493.434596121311 1254.7270365208387 2877.0212998688221 845.44706138968468 84.171237006783485 2651.4611559212208 11515.454688444734 225.08367651700974 100.70230937004089 346.85807658731937 202.49132396280766 244.3655988574028 142.3811377286911
leaf_count=27883 5045 46327 5068 11725 3466 343 10750 46388 929 405 1395 820 986 586
internal_value=6.78276e-06 0.000269178 -0.00260793 0.00103454 0.00448907 0.0135842 0.000490591 -0.000255937 0.00132764 0.00532969 -0.00307299 0.0010239 -0.00780853 0.0173531
internal_weight=40154 38898.3 8169.46 30728.9 4174.1 1072 26554.8 23008.9 3102.1 3545.88 894.417 793.715 446.857 987.828
internal_count=162116 157071 32951 124120 17049 4395 107071 92715 12654 14356 3606 3201 1806 4052
is_linear=0
shrinkage=0.05


Tree=59
num_leaves=15
num_cat=4
split_feature=19 26 33 33 40 1 40 6 34 40 40 34 27 17
split_gain=28.7356 35.352 56.4503 42.9334 39.512 30.6411 29.0258 32.3732 28.1426 27.9672 26.1381 25.8206 25.2815 29.2446
threshold=-0.0041286945343017569 1.5000000000000002 -0.033655198290944092 -0.010270017199218271 0 0.00040030479431152349 1 0.092264145612716689 0.52650606632232677 2 3 0.60323816537857067 5.5000000000000009 0.01365817664191127
decision_type=2 2 2 2 9 2 9 2 2 9 9 2 2 2
left_child=1 3 -3 4 -1 8 7 12 -2 -4 -5 -8 13 -7
right_child=5 2 9 10 -6 6 11 -9 -10 -11 -12 -13 -14 -15
leaf_value=-0.0044832100917212925 0.001973706088745625 -0.033740454256015719 -0.0099332370732861733 -0.010331550642357391 0.018146243189076591 0.0055978103377423887 0.00080792204228159856 -0.010490558230200703 0.019952215722644922 -0.0016184103124844387 0.0012654819676380475 -0.033529629901786005 0.0012108849256418071 -0.0093342429187754736
leaf_weight=284.51917366683483 14377.145767062902 166.74665865302086 1540.1597981452942 688.66758565604687 571.04874093830585 413.41530089080334 11432.423125565052 1333.7025055289268 216.16600801050663 2942.9102397412062 1563.4528866261244 50.007509842514992 2941.8104261904955 1523.0560798943043
leaf_count=1149 58241 674 6203 2778 2306 1663 46062 5365 887 11865 6304 210 11858 6121
internal_value=-0.000105165 -0.00283676 -0.00559414 0.00128966 0.0107914 0.000551317 -0.000847224 -0.00359589 0.0022471 -0.00450971 -0.00233371 0.000642854 -0.00170844 -0.00613763
internal_weight=40045.2 7757.51 4649.82 3107.69 855.568 32287.7 17694.4 6211.98 14593.3 4483.07 2252.12 11482.4 4878.28 1936.47
internal_count=161686 31279 18742 12537 3455 130407 71279 25007 59128 18068 9082 46272 19642 7784
cat_boundaries=0 2 4 6 8
cat_threshold=35360803 19744 144910865 46599 3798777873 98704 67341058 83268
is_linear=0
shrinkage=0.05


Tree=60
num_leaves=15
num_cat=4
split_feature=37 40 40 8 40 8 40 9 30 35 16 34 33 27
split_gain=27.4565 53.928 38.3887 50.2057 54.3102 37.6522 54.605 34.8337 33.7866 31.6261 31.4555 28.7869 42.4853 33.8864
threshold=0.0079451636411249655 0 1 61.802419662475593 2 36.267198562622077 3 0.016357304528355602 0.67006802558898937 0.95893824100494396 1.3399777412414553 0.20259586721658709 -0.012947476934641598 3.5000000000000004
decision_type=2 9 9 2 9 2 9 2 2 2 2 2 2 2
left_child=1 -1 9 -4 8 6 -3 -6 -5 -2 11 13 -13 -7
right_child=2 5 3 4 7 10 -8 -9 -10 -11 -12 12 -14 -15
leaf_value=-0.0053688862770406133 0.0076256261839553977 -0.0031664163897777149 0.0017048118523582461 0.0093912311452655078 1.8762411267903326e-05 -0.0078976429524049499 0.013616697390343022 -0.014038009594895047 -0.0031635049823524764 0.0013965489454549635 -0.011346392329501163 -0.0088647712897677918 0.0079552109561978335 0.00039327973014476709
leaf_weight=5954.3217934221029 3256.4275302290916 818.38405519723892 9104.1059874892235 731.87406581640244 599.63521929085255 1665.3410959839821 1164.874164506793 1650.5146574825048 1959.4506043493748 5445.3106873184443 655.20562610030174 462.23919419944286 1911.3123158812523 4695.3976400047541
leaf_count=23994 13188 3319 36826 2956 2411 6700 4751 6639 7883 21994 2652 1865 7720 18919
internal_value=-2.13256e-05 -0.00152076 0.00112069 -0.000496698 -0.00455237 0.000499283 0.00675071 -0.0102526 0.000258877 0.00372697 -0.000822975 -2.69457e-05 0.00466574 -0.00178113
internal_weight=40074.4 17327.1 22747.3 14045.6 4941.47 11372.8 1983.26 2250.15 2691.32 8701.74 9389.5 8734.29 2373.55 6360.74
internal_count=161817 69920 91897 56715 19889 45926 8070 9050 10839 35182 37856 35204 9585 25619
cat_boundaries=0 2 4 6 8
cat_threshold=2154316052 55603 2619887908 53554 1632766544 11400 1946159649 1160
is_linear=0
shrinkage=0.05


Tree=61
num_leaves=15
num_cat=4
split_feature=8 40 37 40 34 39 19 34 40 28 4 40 24 3
split_gain=28.61 71.1858 31.449 53.9565 26.9456 39.5246 26.0978 23.281 49.6062 32.2154 45.5101 44.7191 31.7012 30.224
threshold=74.382583618164077 0 0.13996398448944095 1 0.17401912063360217 -0.053807651624083512 -0.0022866427898406978 0.24696578085422519 2 1.0000000180025095e-35 0.34285509586334234 3 -35.723581314086907 -0.13772773742675778
decision_type=2 9 2 9 2 2 2 2 9 2 2 9 2 2
left_child=2 -2 6 -4 -5 -6 -1 9 13 -8 12 -12 -11 -9
right_child=1 -3 3 4 5 -7 7 8 -10 10 11 -13 -14 -15
leaf_value=-0.0025156220498586644 -0.022445735521230227 0.0017438212814142413 -0.0034433191984956676 0.022170332772233774 0.014708938271249403 -0.012896248519627649 -0.00075111344125246304 0.020165314225595983 -0.0016909585302235242 -0.0030798297962234865 0.02639353742651699 0.0038016305751810784 0.0089798010748272736 0.0059078753171692092
leaf_weight=9384.2159418314695 476.69789876043797 797.92316792905331 814.87950758635998 495.60975688695908 424.01087373495102 181.20938548445702 20728.117159426212 532.4424347281456 1726.8697069734335 1614.4370789825916 393.50787259638309 505.2075283229351 816.23079271614552 1233.4582731127739
leaf_count=37840 1914 3207 3301 2007 1722 734 83538 2167 7009 6545 1619 2074 3364 4997
internal_value=-0.000156893 -0.00751311 8.52607e-05 0.0063232 0.0134497 0.00639751 -0.000238964 0.000536649 0.00434818 -1.73058e-05 0.00454402 0.0141246 0.000977924 0.0101967
internal_weight=40124.8 1274.62 38850.2 1915.71 1100.83 605.22 36934.5 27550.3 3492.77 24057.5 3329.38 898.715 2430.67 1765.9
internal_count=162038 5121 156917 7764 4463 2456 149153 111313 14173 97140 13602 3693 9909 7164
cat_boundaries=0 2 4 6 8
cat_threshold=183478415 35009 50684901 113232 1781883083 6491 1403013681 78770
is_linear=0
shrinkage=0.05


Tree=62
num_leaves=15
num_cat=6
split_feature=1 34 34 40 11 40 4 40 34 12 34 40 40 40
split_gain=22.9419 39.3137 32.4535 43.4052 34.9788 30.0906 31.3728 47.0849 29.8448 31.4315 45.4595 58.0654 49.2864 44.0421
threshold=0.00040030479431152349 0.60323816537857067 0.52650606632232677 0 0.20329476147890094 1 -0.31832838058471674 2 0.42717051506042486 0.10233866050839426 0.13335238397121432 3 4 5
decision_type=2 2 2 9 2 9 2 9 2 2 2 9 9 9
left_child=2 5 8 -4 -5 -2 7 -7 9 13 11 -11 -12 -1
right_child=1 -3 3 4 -6 6 -8 -9 -10 10 12 -13 -14 -15
leaf_value=0.002855886368748404 -0.0044546790304778767 -0.030462997099651369 0.034799744858633207 0.02720039413187695 -0.01757956110430705 0.01970381752987959 -0.00070150344662088483 -0.0011457062931799909 -0.017092330885241796 0.014887076970458124 0.0073310796275535611 0.0014170778733768599 -0.001797921147411508 -0.0048854762849880962
leaf_weight=3252.4932747334242 5268.8226791322231 110.31615054607391 149.45684687793255 63.75224581360817 114.22824454307556 469.69477996230125 14811.428100854158 616.80066944658756 225.85391150414944 1485.1644885987043 1991.1561686694622 1738.8566090911627 5606.7545087039471 4186.0275352150202
leaf_count=13167 21176 468 614 264 467 1892 59695 2483 919 6028 8092 7043 22715 16889
internal_value=-0.000220491 -0.00134517 0.00105119 0.0165359 -0.00114463 -0.00118602 -9.8492e-05 0.00808201 0.000772253 0.000998103 0.0027176 0.0076876 0.00060435 -0.00150298
internal_weight=40090.8 21277.1 18813.7 327.437 177.98 21166.7 15897.9 1086.5 18486.3 18260.5 10821.9 3224.02 7597.91 7438.52
internal_count=161912 85714 76198 1345 731 85246 64070 4375 74853 73934 43878 13071 30807 30056
cat_boundaries=0 2 4 6 8 10 12
cat_threshold=66982624 82451 10854417 17415 290603718 69688 2494943797 39221 579053640 33287 1522704919 87140
is_linear=0
shrinkage=0.05


Tree=63
num_leaves=15
num_cat=1
split_feature=24 36 33 33 26 33 34 38 34 33 2 24 34 41
split_gain=30.9054 35.7977 35.4734 51.9188 59.1071 39.0101 51.711 39.5581 49.3512 38.7416 33.8802 29.7742 42.061 36.5087
threshold=-37.456184387207024 0.10277749970555307 -0.0016034822911024091 -0.0027991303941234942 1.0000000180025095e-35 -0.0048395097255706778 0.20626243203878405 1.0000000180025095e-35 0.1601076275110245 -0.0088627152144908888 -0.090774059295654283 -35.134576797485344 0.076115202158689513 0
decision_type=2 2 2 2 2 2 2 2 2 2 2 2 2 1
left_child=-1 2 3 4 5 7 -7 -2 -9 -6 -11 13 -13 -4
right_child=1 -3 11 -5 9 6 -8 8 -10 10 -12 12 -14 -15
leaf_value=-0.003432225984583091 0.020867556512509208 -0.0071413199310020603 0.0071350501211880609 -0.010280116860185151 -0.0052915759800679849 -0.019089019177158464 0.023890318848229161 -0.01201498565725404 0.010903939959582122 0.013452957715353354 -0.00019516522852486696 -0.034559807902244243 0.0050596034720492618 -0.0003078049547152789
leaf_weight=5545.2333339005709 589.42859175801277 1431.1601230055094 1909.5729450434446 1391.8884112685919 4259.749756231904 260.79766239225864 90.223431617021561 309.5157350897789 925.04347084462643 507.86015050113201 4004.0017266571522 62.640376925468445 7417.6093516796827 11440.496842905879
leaf_count=22355 2381 5764 7740 5607 17198 1052 365 1248 3746 2057 16140 253 30081 46157
internal_value=3.12628e-05 0.000586906 0.000921538 -0.00120247 -4.36072e-05 0.00732456 -0.00784756 0.0102606 0.00512863 -0.00187432 0.00135317 0.00217989 0.00470429 0.00076382
internal_weight=40145.2 34600 33168.8 12338.5 10946.6 2175.01 351.021 1823.99 1234.56 8771.61 4511.86 20830.3 7480.25 13350.1
internal_count=162144 139789 134025 49794 44187 8792 1417 7375 4994 35395 18197 84231 30334 53897
cat_boundaries=0 1
cat_threshold=68
is_linear=0
shrinkage=0.05


Tree=64
num_leaves=15
num_cat=5
split_feature=24 40 40 15 25 40 27 23 40 40 27 34 27 22
split_gain=28.7008 62.15 34.446 39.6237 28.1329 28.4403 24.9076 22.1434 34.9301 26.254 22.5975 21.9876 49.4524 21.1316
threshold=-37.364196777343743 0 1 0.018018612638115886 0.011870238464325668 2 3.5000000000000004 -0.17391189932823178 3 4 9.5000000000000018 0.076115202158689513 7.5000000000000009 0.1941500008106232
decision_type=2 9 9 2 2 9 2 10 9 9 2 2 2 10
left_child=1 -1 3 -2 7 -6 -5 8 10 -9 -4 12 -3 -12
right_child=2 11 4 6 5 -7 -8 9 -10 -11 13 -13 -14 -15
leaf_value=-0.013581041042870346 0.027865818864883568 0.036958098753937588 -0.013605749684860677 -0.011163936868412664 0.00024463301894365953 -0.011205332631771417 0.0095317648700981809 0.0028822725997818392 0.0012669371366854235 -0.00022363216955578305 0.013745492966303794 -0.0012626681844311138 -0.020178183313607718 -0.0083769674728575334
leaf_weight=1123.1801055073738 229.59132409095764 104.03816057741642 929.26046977937222 189.9817980080843 1167.5839768797159 1002.2855069190264 568.2889394313097 12916.808307960629 1935.3588708788157 14355.616765096784 169.44239015877247 5067.7628374993801 53.962152704596519 278.16900071501732
leaf_count=4515 931 420 3742 767 4706 4042 2307 52286 7813 57941 684 20436 217 1124
internal_value=8.79603e-05 -0.00299464 0.000668487 0.00979673 0.000388468 -0.00510593 0.00430082 0.000779336 -0.00307776 0.00124844 -0.00911407 -0.000680268 0.0173932 4.57327e-05
internal_weight=40091.3 6348.94 33742.4 987.862 32754.5 2169.87 758.271 30584.7 3312.23 27272.4 1376.87 5225.76 158 447.611
internal_count=161931 25588 136343 4005 132338 8748 3074 123590 13363 110227 5550 21073 637 1808
cat_boundaries=0 2 4 6 8 10
cat_threshold=1346681410 37959 276824064 16 1159270573 30631 238687056 44105 778426710 67272
is_linear=0
shrinkage=0.05


Tree=65
num_leaves=15
num_cat=0
split_feature=8 3 28 5 11 23 33 26 33 38 34 34 33 38
split_gain=29.6184 29.1132 36.6375 37.3043 30.0359 27.9346 26.6759 51.4143 65.3371 46.303 50.0235 37.4273 79.9289 56.3681
threshold=72.441379547119155 0.16150331497192386 1.0000000180025095e-35 0.0011099643306806686 0.19872847944498065 0.30044287443161016 -0.00081688800128176798 1.0000000180025095e-35 -0.0048395097255706778 1.0000000180025095e-35 0.45017996430397039 0.16922744363546374 -0.0017638846184127031 1.0000000180025095e-35
decision_type=2 2 2 2 2 8 2 2 2 2 2 2 2 2
left_child=1 6 4 -4 -3 -6 7 8 9 -1 -11 13 -13 -9
right_child=-2 2 3 -5 5 -7 -8 11 -10 10 -12 12 -14 -15
leaf_value=0.0206089665696048 -0.0059946369874088329 0.015587108809900694 0.025202273838983866 0.004952749291067246 0.0017859396358335716 -0.012554698446402821 0.00094810226906372023 -0.0026974340431899675 -0.0079707429094170914 0.0010059494655414261 0.043615175869382461 -0.0014997172137143017 0.028961785560915516 -0.012643078618070642
leaf_weight=613.27907358109951 1912.5474835336208 366.82895436882973 345.763517126441 658.72344352304935 5844.2896219491959 355.48560266196728 17678.255362123251 4422.3782683759928 754.59015090763569 1104.6435697227716 68.505981966853142 3622.3965972363949 223.93646419048309 2100.7064403742552
leaf_count=2478 7691 1489 1431 2695 23585 1430 71467 17830 3042 4464 282 14633 904 8451
internal_value=6.88479e-05 0.000373623 0.00314855 0.0120183 0.00178289 0.000953409 -0.000313446 -0.00204097 0.00432629 0.00953112 0.0036729 -0.00360308 0.000307774 -0.00590834
internal_weight=40072.3 38159.8 7571.09 1004.49 6566.6 6199.78 30588.7 12910.4 2541.02 1786.43 1173.15 10369.4 3846.33 6523.08
internal_count=161872 154181 30630 4126 26504 25015 123551 52084 10266 7224 4746 41818 15537 26281
is_linear=0
shrinkage=0.05


Tree=66
num_leaves=15
num_cat=4
split_feature=2 40 37 40 40 27 27 39 40 27 23 23 15 27
split_gain=30.0585 54.5918 38.5784 48.3798 40.6361 35.4378 30.8071 36.3091 32.147 33.8617 29.0384 28.699 26.0402 31.308
threshold=-0.11391437053680419 0 0.0072853753808885821 1 2 11.500000000000002 4.5000000000000009 -0.39913479983806605 3 8.5000000000000018 0.30044287443161016 -0.095538090914487825 0.043302718549966819 3.5000000000000004
decision_type=2 9 2 9 9 2 2 2 9 2 8 10 2 2
left_child=1 -1 4 10 -2 6 -3 -8 -9 -10 12 -6 -4 -14
right_child=2 5 3 -5 11 -7 7 8 9 -11 -12 -13 13 -15
leaf_value=0.013271677146475253 0.00096543867836417451 0.0073712555330488387 0.0044717050208315087 -0.0011758829071897951 -0.01012787419384842 0.026769441309777278 -0.016356923644174629 0.010583238868921735 -0.016459048855652459 0.012330228537978362 -0.0084760267582656684 -0.0030182188946929049 -0.043409208416221284 -0.0026834856901918566
leaf_weight=1172.381482899189 5540.4408716410398 648.90608538687229 9840.6402813643217 12176.632466137409 1807.3542852550745 111.31135633587837 508.66522912681103 402.6726800352335 353.82424496114254 138.3927301466465 483.22343164682388 6605.0011000484228 52.311604902148247 273.6107175797224
leaf_count=4793 22357 2624 39848 49138 7273 454 2066 1634 1431 561 1955 26608 211 1109
internal_value=0.00012307 0.00466388 -0.000289258 0.0009766 -0.00236014 -7.83905e-05 -0.00159876 -0.00576086 0.000313915 -0.00814807 0.00343543 -0.004546 0.00400934 -0.00979233
internal_weight=40115.4 3336.15 36779.2 22826.4 13952.8 2163.77 2052.46 1403.55 894.89 492.217 10649.8 8412.36 10166.6 325.922
internal_count=162062 13563 148499 92261 56238 8770 8316 5692 3626 1992 43123 33881 41168 1320
cat_boundaries=0 2 4 6 8
cat_threshold=2207754955 73804 2661962022 29488 1925523467 67272 744493088 7328
is_linear=0
shrinkage=0.05


Tree=67
num_leaves=15
num_cat=3
split_feature=8 40 27 34 34 34 34 40 34 40 2 33 33 34
split_gain=29.6956 63.9151 24.9161 47.0486 49.5921 109.061 72.9689 66.8768 54.5896 47.0787 43.1625 36.9804 50.8052 51.4311
threshold=74.382583618164077 0 2.5000000000000004 0.085590485483407988 0.24484682828187945 0.33870907127857214 0.23343458026647571 1 0.54255059361457836 2 -0.1358077526092529 0.021049814298748974 0.031129541806876663 0.54255059361457836
decision_type=2 9 2 2 2 2 2 9 2 9 2 2 2 2
left_child=2 -2 3 -1 6 7 9 -6 -7 -5 -9 -4 -13 -14
right_child=1 -3 11 4 5 8 -8 10 -10 -11 -12 12 13 -15
leaf_value=-0.020459350593527527 -0.023470731631587756 0.00035543103594176564 0.0004138057618297989 -0.0061481130378196313 -0.001192164546177234 0.03036647557399702 0.033658114464303591 0.0025276170715827547 -0.015904072254890735 0.0036311315242573104 -0.046069912084930123 0.01669580500429611 -0.01618429431893853 0.028456002815283273
leaf_weight=347.45651145279408 407.6755219399929 849.16969920694828 31378.821624696255 2265.5288154184818 199.91182623803616 166.29417353868484 152.88054180145264 52.821892842650414 97.398906916379929 2658.9646615535021 303.25587059557438 779.33441330492496 276.61490422487259 78.799974948167801
leaf_count=1411 1639 3413 126823 9109 804 673 617 214 398 10713 1220 3187 1125 328
internal_value=-6.60025e-05 -0.00761452 0.000179602 -0.00271171 -0.00164871 -0.0130212 0.000197256 -0.025511 0.0132792 -0.000873605 -0.0378631 0.000735388 0.00958278 -0.00601564
internal_weight=40014.9 1256.85 38758.1 6244.51 5897.06 819.683 5077.37 555.99 263.693 4924.49 356.078 32513.6 1134.75 355.415
internal_count=161674 5052 156622 25159 23748 3309 20439 2238 1071 19822 1434 131463 4640 1453
cat_boundaries=0 2 4 6
cat_threshold=705538222 2113 1669611968 5223 2736599752 82715
is_linear=0
shrinkage=0.05


Tree=68
num_leaves=15
num_cat=3
split_feature=8 40 34 10 34 37 40 24 40 3 17 4 27 27
split_gain=26.3471 47.6321 25.5497 54.1193 41.7333 31.9063 25.9611 23.8119 29.7479 23.4921 22.9689 52.7746 48.9931 75.831
threshold=74.382583618164077 0 0.60323816537857067 -0.0044520576484501353 0.56372356414794933 -0.12779150158166883 1 -37.535898208618157 2 0.20742130279541018 0.037497406825423248 -0.41607999801635737 2.5000000000000004 5.5000000000000009
decision_type=2 9 2 2 2 2 9 2 9 2 2 2 2 2
left_child=2 9 4 -4 7 -6 -5 8 -1 -2 -9 12 -12 -14
right_child=1 -3 3 6 5 -7 -8 10 -10 -11 11 -13 13 -15
leaf_value=-0.010897287319848379 0.014307835655097245 -0.017034197629433524 0.022051518206599577 0.0051748893430672554 0.045049811494141757 -0.0043007594154370376 -0.037151046833274567 0.0011996940755227437 -0.0010069368383659062 -0.0048778477139655623 -0.012750665359370096 -0.0070015526681997363 0.042961500452753973 0.0030013743419155699
leaf_weight=937.68700876832008 248.50755253434181 598.82183618843555 68.592542111873627 49.210083484649658 86.614728942513466 49.441098108887672 146.99699252843857 30558.546705439687 3813.6727524250746 425.56564800441265 196.82736712694168 2337.6829282194376 172.27816119790077 362.90352337062359
leaf_count=3768 999 2409 285 205 359 200 613 123476 15391 1709 794 9466 700 1472
internal_value=7.65198e-05 -0.00698731 0.000309377 -0.0150232 0.000416856 0.0275642 -0.028235 0.00031691 -0.00299429 0.00220863 0.000785277 -0.00333383 0.00834036 0.0161526
internal_weight=40053.3 1272.9 38780.5 264.8 38515.7 136.056 196.207 38379.6 4751.36 674.073 33628.2 3069.69 732.009 535.182
internal_count=161846 5117 156729 1103 155626 559 818 155067 19159 2708 135908 12432 2966 2172
cat_boundaries=0 2 3 5
cat_threshold=3574731600 63386 51251616 1380220992 33984
is_linear=0
shrinkage=0.05


Tree=69
num_leaves=15
num_cat=4
split_feature=25 40 24 40 40 15 40 5 21 3 10 27 15 3
split_gain=22.8132 28.1128 21.9642 54.9958 29.8979 32.0561 26.3301 22.6677 22.3904 21.4377 19.672 20.3224 23.8433 19.4426
threshold=0.013174187391996385 0 -37.067188262939446 1 2 0.021816158667206768 3 0.0016671899938955905 0.38546220958232885 -0.15991449356079099 0.0048065849114209422 3.5000000000000004 0.023796678520739082 -0.2114143371582031
decision_type=2 9 2 9 9 2 9 2 2 2 2 2 2 2
left_child=2 -2 3 7 5 -4 10 -1 -7 -8 -5 12 -12 -10
right_child=1 -3 4 6 -6 8 9 -9 13 -11 11 -13 -14 -15
leaf_value=0.0074306628673617859 0.0010677255075722961 -0.010721440042560228 0.0060830434175846125 -0.0046892739722471108 -7.0246687608122707e-05 -0.014019777849325656 0.0074839679749379856 -0.00069441319557837116 0.010519773628425494 -0.013206436934946345 0.0066866399145004939 -0.00061909675677333808 0.044739490658533984 -0.00038846754405777472
leaf_weight=1604.4034874737263 963.73872116208076 1049.9064618647099 4941.5932633429766 3289.9520408958197 20377.074481382966 260.22730195522308 136.01944014430046 1835.761472389102 464.687450543046 1211.1768532693386 151.63250051438808 616.39006941020489 52.955137610435486 3127.8736214488745
leaf_count=6517 3889 4231 19991 13255 82354 1055 550 7400 1895 4871 610 2478 213 12673
internal_value=4.39135e-05 -0.00513577 0.000318655 -0.00185501 0.000982073 0.00341578 -0.00496908 0.00308978 0 -0.0110123 -0.00295458 0.00394142 0.0173924 0.00103375
internal_weight=40083.4 2013.65 38069.7 8898.29 29171.5 8794.38 5458.13 3440.16 3852.79 1347.2 4110.93 820.978 204.588 3592.56
internal_count=161982 8120 153862 35894 117968 35614 21977 13917 15623 5421 16556 3301 823 14568
cat_boundaries=0 2 4 6 8
cat_threshold=1470205965 13245 148619579 10248 1923387716 2768 840966276 17300
is_linear=0
shrinkage=0.05


Tree=70
num_leaves=15
num_cat=3
split_feature=33 26 33 26 37 25 33 26 33 26 33 40 40 40
split_gain=23.6379 43.052 37.7062 43.592 32.9745 24.4797 37.1518 37.0712 35.113 36.4012 36.0752 33.64 31.3082 31.2285
threshold=-0.046018458902835839 1.5000000000000002 -0.033655198290944092 1.0000000180025095e-35 -0.047761417925357812 -0.0091592706739902479 -0.0011588088818825779 1.0000000180025095e-35 -0.0027991303941234942 1.0000000180025095e-35 -0.0030126884812489148 0 1 2
decision_type=2 2 2 2 2 2 2 2 2 2 2 9 9 9
left_child=1 -1 3 -2 -5 13 8 -8 9 -7 -11 -9 -10 -4
right_child=2 -3 5 4 -6 6 7 11 12 10 -12 -13 -14 -15
leaf_value=0.040923247923796639 0.01609145660441242 -0.01084103404010066 -0.0024454062481258248 -0.03802159087060672 0.0019742573676339061 0.0046677740579660239 -0.0031724041572843854 0.0040182551669966111 0.00090877461911855254 -0.0034827567954265055 0.016877517545858058 -0.00026344963260703107 -0.01248660503790547 0.0062996788291530027
leaf_weight=89.465269133448601 73.281542927026749 66.696908488869667 1498.6124190092087 178.27201269567013 70.706034958362579 1980.8511478304863 4663.0070938467979 8909.0833396315575 624.55243444442749 7661.5635922700167 218.94884604215622 9439.69341622293 1455.8836780190468 3154.0783132314682
leaf_count=368 300 272 6071 720 286 8002 18859 36068 2515 30880 882 38127 5862 12783
internal_value=2.28255e-05 0.0191333 -5.41773e-05 -0.0169565 -0.0268284 8.53463e-05 -0.00036821 0.000805916 -0.00263055 -0.00138263 -0.0029061 0.0018178 -0.00852586 0.00349052
internal_weight=40084.7 156.162 39928.5 322.26 248.978 39606.3 34953.6 23011.8 11941.8 9861.36 7880.51 18348.8 2080.44 4652.69
internal_count=161995 640 161355 1306 1006 160049 141195 93054 48141 39764 31762 74195 8377 18854
cat_boundaries=0 2 4 6
cat_threshold=4266281146 37602 2206237104 19856 156238768 43648
is_linear=0
shrinkage=0.05


Tree=71
num_leaves=15
num_cat=7
split_feature=25 40 33 40 14 1 40 24 40 40 13 40 14 40
split_gain=23.2797 29.9824 19.7202 31.6745 28.0366 18.2395 37.0207 32.5828 37.0291 36.247 31.237 30.2095 24.2111 26.5221
threshold=0.013174187391996385 0 0.021049814298748974 1 0.035998156294226653 1.0000000180025095e-35 2 -35.267482757568352 3 4 0.03558581322431565 5 0.010709641966968777 6
decision_type=2 9 2 9 2 2 9 2 9 9 2 9 2 9
left_child=2 -2 5 -4 -5 6 -1 8 -7 -9 11 -11 13 -10
right_child=1 -3 3 4 -6 7 -8 9 12 10 -12 -13 -14 -15
leaf_value=0.0036655152792636628 0.0009046415063018432 -0.01118560590364708 -0.00781422820263304 0.01710267153653372 -0.0039676687835990369 -0.0051575702862893657 -0.00093117121360126532 0.013537343189648918 -0.0042731939936369876 0.010870729245422903 -0.0026624320262680634 8.7643994263154028e-05 -0.00067404710943313973 0.019508881076543343
leaf_weight=8238.4111063480377 1015.3341431319714 1022.8615724891424 269.36252434551716 615.72605292499065 209.04983440041542 6351.820371940732 9324.2342655956745 593.48083780705929 183.44721594452858 1120.1846885979176 3145.8574304282665 1531.3809711635113 6212.7270514070988 301.80617724359035
leaf_count=33459 4096 4124 1102 2522 855 25553 37709 2396 739 4525 12700 6195 25012 1218
internal_value=-2.36039e-05 -0.0052232 0.00025509 0.00685512 0.0116243 5.89011e-05 0.00122678 -0.00099594 -0.00242829 0.00192765 0.000703127 0.0046981 0.000168553 0.0108669
internal_weight=40135.7 2038.2 38097.5 1094.14 824.776 37003.4 17562.6 19440.7 13049.8 6390.9 5797.42 2651.57 6697.98 485.253
internal_count=162205 8220 153985 4479 3377 149506 71168 78338 52522 25816 23420 10720 26969 1957
cat_boundaries=0 2 4 6 8 10 12 14
cat_threshold=1138774540 30655 545303376 1552 2565056543 85069 1304394376 20487 1409818696 18 18895524 14656 2453700608 65616
is_linear=0
shrinkage=0.05


Tree=72
num_leaves=15
num_cat=6
split_feature=34 40 34 27 38 40 40 40 17 7 21 40 27 40
split_gain=27.8478 56.7096 49.0878 42.9996 58.6094 58.5196 54.8691 39.3867 37.4884 34.1868 34.0525 65.8999 43.717 66.0553
threshold=0.098483305424451842 0 0.13063050806522372 9.5000000000000018 1.0000000180025095e-35 1 2 3 0.027270448394119743 0.032532585784792907 1.2894890904426577 4 7.5000000000000009 5
decision_type=2 9 2 2 2 9 9 9 2 2 2 9 2 9
left_child=1 -1 3 4 6 9 8 -6 -2 -5 12 -12 13 -4
right_child=2 -3 10 5 7 -7 -8 -9 -10 -11 11 -13 -14 -15
leaf_value=0.0031222391965597483 0.012390836383864942 -0.0084010656276368081 0.0025106371553389531 -0.0043030260100961849 -0.033252608703831191 0.0037142355619734068 0.0020140675864558609 0.001165661957812042 -0.0067417063534623237 -0.023178227633874449 0.0050410814133370297 -0.0076239755802347091 0.0030874883133814148 -0.0049170811742665754
leaf_weight=1791.649007126689 3200.3047177642584 2609.1900094598532 5331.8124577403069 646.96602140367031 142.73181548714638 1732.8222663849592 3599.6755175888538 181.71265745162964 274.81067304313183 379.88775125145912 1388.3610455691814 3851.6655693650246 8121.8580484837294 6789.6627179980278
leaf_count=7234 12963 10518 21534 2617 576 7022 14510 733 1116 1538 5617 15572 32917 27384
internal_value=2.76215e-05 -0.00372238 0.000491241 0.00342928 0.00541508 -0.00189339 0.00637169 -0.0152095 0.0108378 -0.0112602 -0.000680252 -0.00427069 0.00024972 -0.00165177
internal_weight=40043.1 4400.84 35642.3 10158.9 7399.24 2759.68 7074.79 324.444 3475.12 1026.85 25483.4 5240.03 20243.3 12121.5
internal_count=161851 17752 144099 41075 29898 11177 28589 1309 14079 4155 103024 21189 81835 48918
cat_boundaries=0 2 4 6 8 10 12
cat_threshold=205226365 10770 2198889403 4167 3713747511 6248 1259907456 67904 3221303374 16902 977558010 13410
is_linear=0
shrinkage=0.05


Tree=73
num_leaves=15
num_cat=4
split_feature=34 11 34 5 19 40 26 40 40 9 25 11 40 18
split_gain=30.3494 40.1693 38.5017 32.5997 26.9168 24.1677 20.7367 26.9461 24.4324 23.1493 21.0381 20.3853 41.3786 26.0497
threshold=0.60323816537857067 0.24739443510770801 0.56372356414794933 -0.02951371110975742 -0.0041286945343017569 0 1.5000000000000002 1 2 0.024183508940041069 0.013665362726897003 0.044618215411901481 3 0.09935313463211061
decision_type=2 2 2 2 2 9 2 9 9 2 2 2 9 2
left_child=2 -2 4 -4 6 -3 8 9 -1 10 -8 12 -6 -13
right_child=1 5 3 -5 11 -7 7 -9 -10 -11 -12 13 -14 -15
leaf_value=-0.0044382537642476743 0.016263646433164837 0.0050264657318792143 0.053046560924710787 0.0040056047126349808 0.013615921889872519 -0.036345147899711681 -0.010148168958455555 -0.0014526986198334891 0.004485317762643712 0.0025169372241228131 -0.03240924052252752 0.00052925939829693994 -0.0018465909223050762 -0.01160010745277542
leaf_weight=1366.4135047644377 65.08132928609848 47.657818958163261 57.861283972859383 75.98355408012867 854.83315449953079 148.63571593165398 1487.5127556920052 2625.9901873171329 1709.878974750638 340.37153194844723 111.15821288526058 29823.122595027089 859.45338869094849 444.3039054274559
leaf_count=5517 270 200 245 308 3484 623 5989 10591 6905 1373 447 120530 3487 1796
internal_value=-7.31079e-06 -0.0168283 0.000105252 0.0263889 1.3023e-05 -0.0279563 -0.00265194 -0.0047884 0.000519447 -0.00923296 -0.0117954 0.000650228 0.00594655 0.000349157
internal_weight=40018.3 261.375 39756.9 133.845 39623 196.294 7641.33 4565.03 3076.29 1939.04 1598.67 31981.7 1714.29 30267.4
internal_count=161765 1093 160672 553 160119 823 30822 18400 12422 7809 6436 129297 6971 122326
cat_boundaries=0 2 4 6 8
cat_threshold=55315072 65536 1928871952 123313 3902434 83044 1251320659 80143
is_linear=0
shrinkage=0.05


Tree=74
num_leaves=15
num_cat=7
split_feature=8 40 17 19 10 40 40 40 7 40 40 1 16 40
split_gain=24.7703 56.4169 26.8906 24.1559 29.572 32.5504 26.7729 23.8391 21.6197 27.7833 19.573 19.4694 21.5972 22.9142
threshold=72.441379547119155 0 0.03061581123620272 -0.0041286945343017569 0.004156009992584587 1 2 3 0.072654057294130339 4 5 0.00040030479431152349 1.3250037431716921 6
decision_type=2 9 2 2 2 9 9 9 2 9 9 2 2 9
left_child=3 2 -2 4 5 -1 -6 -5 -7 -10 -4 -9 -13 -14
right_child=1 -3 10 7 6 8 -8 11 9 -11 -12 12 13 -15
leaf_value=-0.010875362827727379 0.0059135049542703381 -0.015270863683646149 0.011057971730427746 0.0022202598621550679 0.010748668202356093 -0.0034933700149298768 -0.0016890402029994093 0.0013096307110489391 0.017234935012238061 -0.0027780294424497743 -0.021054807194325252 -0.0016565466728871517 0.0035869106721753835 -0.021034160832614984
leaf_weight=1334.1537912040949 871.57872702181339 830.11622117459774 56.203214183449745 15541.361713171005 704.11946533620358 3664.4774239510298 1080.7310996055603 7225.6697446107864 296.37859012186527 387.47973808646202 167.52557703852654 7503.1154369264841 139.3768912255764 278.42340280115604
leaf_count=5381 3507 3342 226 62967 2838 14795 4359 29272 1199 1568 673 30212 564 1125
internal_value=-5.46024e-05 -0.00558047 0.00191656 0.000224812 -0.00232445 -0.00408755 0.00328175 0.000845567 -0.00196417 0.00616018 -0.0133375 -0.000565984 -0.00227806 -0.0132762
internal_weight=40080.7 1925.42 1095.31 38155.3 7467.34 5682.49 1784.85 30687.9 4348.34 683.858 223.729 15146.6 7920.92 417.8
internal_count=162028 7748 4406 154280 30140 22943 7197 124140 17562 2767 899 61173 31901 1689
cat_boundaries=0 2 4 6 8 10 12 14
cat_threshold=1695570784 65306 1348092160 65808 257827202 37918 2868630446 224 67404375 7722 4160 2 1141121024 18434
is_linear=0
shrinkage=0.05


Tree=75
num_leaves=15
num_cat=4
split_feature=33 34 34 34 34 25 40 6 40 4 27 40 13 40
split_gain=22.5556 37.879 26.5861 33.4797 30.2968 26.0336 24.7955 24.8138 23.6363 23.3682 31.797 47.7268 38.2163 35.4589
threshold=0.021049814298748974 0.35462349653244024 0.38200022280216223 0.42717051506042486 0.56372356414794933 0.0035278429277241234 0 -0.14626222103834149 1 0.040262699127197273 5.5000000000000009 2 0.045145912095904357 3
decision_type=2 2 2 2 2 2 9 2 9 2 2 9 2 9
left_child=5 -2 -3 -4 -5 6 7 -1 -7 -9 11 12 -11 -12
right_child=1 2 3 4 -6 8 -8 9 -10 10 13 -13 -14 -15
leaf_value=0.01432359515955353 0.011114980764862448 -0.035569808716327582 0.026724192392845927 -0.023780201650265037 0.011718775895250789 3.8320308189390246e-06 -0.00091693631283776495 -0.0011603214967560562 -0.0050241973399991332 0.0076265089368112524 0.010287819321656965 -0.0063707596092239154 -0.013319538925709043 0.0022452439153751477
leaf_weight=392.16889020800591 1046.6259181052446 62.974906802177429 76.450317144393921 150.82204549014568 93.709256544709206 4735.3150271773338 14532.663932025433 4879.4261751025915 4606.245319083333 1689.230624973774 2256.2168181687593 1787.2953300178051 245.09890283644199 3518.8571945279837
leaf_count=1609 4283 254 310 609 393 19111 58718 19706 18566 6833 9126 7209 992 14288
internal_value=4.46449e-05 0.00619882 -0.0071599 -0.0011106 -0.010194 -0.000183832 0.000548872 0.00199073 -0.00248165 0.00165047 0.00309504 -0.000507732 0.004917 0.00541606
internal_weight=40073.1 1430.58 383.957 320.982 244.531 38642.5 29301 14768.3 9341.56 14376.1 9496.7 3721.62 1934.33 5775.07
internal_count=162007 5849 1566 1312 1002 156158 118481 59763 37677 58154 38448 15034 7825 23414
cat_boundaries=0 2 4 6 8
cat_threshold=1120123501 99036 2031958514 6449 37984289 76 8399368 98960
is_linear=0
shrinkage=0.05


Tree=76
num_leaves=15
num_cat=4
split_feature=29 33 34 17 27 40 15 27 34 40 10 34 40 40
split_gain=25.4152 21.0361 37.7055 19.543 22.719 25.3141 20.6551 22.834 20.5201 49.0651 38.0776 48.2528 43.6313 38.1174
threshold=0.81605800986289989 -0.046018458902835839 0.38200022280216223 0.05183925852179528 11.500000000000002 0 0.040561569854617126 6.5000000000000009 0.20259586721658709 1 -0.0071245387662202111 0.19826731830835345 2 3
decision_type=2 2 2 2 2 9 2 2 2 9 2 2 9 9
left_child=1 2 -1 8 5 6 -5 -8 10 -10 12 13 -3 -12
right_child=-2 3 -4 4 -6 -7 7 -9 9 -11 11 -13 -14 -15
leaf_value=-0.0019653863389638843 -0.0024014627209302309 -0.00028666236858524715 0.052961083700773938 -0.034134320157173541 0.023027915745583511 0.000883985248724508 0.00410586262968943 -0.02914937195695699 0.0076895204957566814 -0.0005050313115142652 -0.0040398499319663304 -0.020070231418816937 0.012317951472482054 0.00093148439654703891
leaf_weight=73.728886008262634 7985.3312130719423 1458.6133949756622 48.584001675248146 139.27961997687817 51.021555244922638 292.85961090028286 127.20393222570419 80.458968475461006 3286.5498340725899 4090.3065769970417 5090.87506480515 307.83466692268848 1286.9211773574352 15733.713062420487
leaf_count=301 32143 5931 204 568 209 1202 518 331 13340 16581 20510 1241 5240 63620
internal_value=0.000121482 0.00075016 0.0210358 0.000669054 -0.00761823 -0.0102295 -0.0189896 -0.00913777 0.000853577 0.00315761 0.000141047 -0.000578876 0.0056751 -0.000285761
internal_weight=40053.3 32068 122.313 31945.6 690.824 639.802 346.943 207.663 31254.8 7376.86 23878 21132.4 2745.53 20824.6
internal_count=161939 129796 505 129291 2828 2619 1417 849 126463 29921 96542 85371 11171 84130
cat_boundaries=0 2 4 6 8
cat_threshold=1277710372 80033 3905316973 1227 4240574952 32208 19161089 21515
is_linear=0
shrinkage=0.05


Tree=77
num_leaves=15
num_cat=6
split_feature=8 40 3 40 40 8 37 27 40 40 10 40 34 34
split_gain=20.1878 49.3001 32.0921 63.7384 29.9115 35.2662 37.1489 35.7013 36.1991 28.903 26.7769 25.5567 25.5424 35.7421
threshold=72.441379547119155 0 0.16854572296142581 1 2 36.801248550415046 0.0093511207960546034 4.5000000000000009 3 4 -0.00088861247058957804 5 0.13090705871582034 0.12166657671332361
decision_type=2 9 2 9 9 2 2 2 9 9 2 9 2 2
left_child=2 -2 4 -4 5 7 -7 9 -9 -1 11 -5 13 -6
right_child=1 -3 3 10 12 6 -8 8 -10 -11 -12 -13 -14 -15
leaf_value=0.036331636694414103 0.0022906603292537036 -0.013806838937316988 0.0072862928905411909 -0.010170714966737276 -0.0013475479824913749 -0.0026292972554902644 0.0025589807781063374 -0.0069627533658059883 0.010965426045729865 0.0099044214111787751 -0.0067739692595626018 0.0059312426260068156 -0.0035812234377152856 0.0086181943430733484
leaf_weight=151.44123609364033 1041.9850410819054 857.1900731921196 4113.2408653795719 297.24565160274506 4472.4894915372133 6194.6737501323223 7774.1035164147615 499.25609605014324 609.99431824684143 365.68867407739162 1574.2631293237209 1166.4046421349049 9765.5492087751627 1120.8859631121159
leaf_count=619 4192 3452 16671 1209 18042 25006 31483 2043 2502 1491 6354 4736 39429 4528
internal_value=-2.55652e-05 -0.00504995 0.00022535 0.0032431 -0.000472074 0.00106988 0.000257682 0.00802711 0.00293264 0.0188125 -0.00224914 0.00260541 -0.00203728 0.00065456
internal_weight=40004.4 1899.18 38105.2 7151.15 30954.1 15595.2 13968.8 1626.38 1109.25 517.13 3037.91 1463.65 15358.9 5593.38
internal_count=161757 7644 154113 28970 125143 63144 56489 6655 4545 2110 12299 5945 61999 22570
cat_boundaries=0 2 4 6 8 10 12
cat_threshold=4115683904 32058 2091678056 17848 2347213215 35400 138551574 32776 16949506 520 2164391936 4161
is_linear=0
shrinkage=0.05


Tree=78
num_leaves=15
num_cat=0
split_feature=27 4 34 22 4 27 5 34 33 33 34 34 7 34
split_gain=22.5014 48.699 51.0125 37.968 36.6923 108.631 36.4103 41.257 68.1898 63.3866 65.8234 52.1003 51.9549 58.6705
threshold=2.5000000000000004 -0.75763368606567372 0.098483305424451842 0.42184999585151678 -0.61405807733535755 5.5000000000000009 -0.086514886468648897 0.24484682828187945 -0.0068058618344366542 -0.016752220690250393 0.16453924775123599 0.19011478871107104 0.0080305892042815703 0.20895957946777347
decision_type=2 2 2 10 2 2 2 2 2 2 2 2 2 2
left_child=1 -1 3 -3 5 -2 -4 9 -9 10 -8 -12 13 -11
right_child=4 2 6 -5 -6 -7 7 8 -10 12 11 -13 -14 -15
leaf_value=-0.028573710405538529 0.038753937124447843 -0.036045024143360506 0.03160266745832941 -0.0083134191445188646 0.00023850384482544296 -0.0025608026612650259 -0.052053943641784617 0.010150629389834444 -0.024318617734467224 0.0042793043895983877 0.035441114058959146 -0.021142421643226147 -0.0030167867545702787 0.027482058626598155
leaf_weight=172.5198018848896 238.79153288900852 154.43333201110363 82.620466962456703 572.79954558610916 32943.988977238536 455.83126966655254 106.88123458623886 212.11121156811714 423.15196813642979 1876.7468540370464 55.161743268370628 120.67743360996246 2356.6631290763617 314.50909662246704
leaf_count=696 971 628 339 2325 133269 1856 429 858 1708 7552 223 485 9493 1269
internal_value=-3.93026e-05 -0.00274387 -0.00201083 -0.0144152 0.000479326 0.0118103 -0.000372609 -0.00088529 -0.0128123 0.000693789 -0.0220658 -0.00287507 0.00213241 0.00766684
internal_weight=40086.9 6448.28 6275.76 727.233 33638.6 694.623 5548.52 5465.9 635.263 4830.64 282.72 175.839 4547.92 2191.26
internal_count=162101 26005 25309 2953 136096 2827 22356 22017 2566 19451 1137 708 18314 8821
is_linear=0
shrinkage=0.05


Tree=79
num_leaves=15
num_cat=6
split_feature=25 40 12 40 9 40 3 40 40 10 35 24 35 40
split_gain=20.6886 22.1573 21.2249 54.9983 41.1977 52.9919 34.079 49.3564 33.4684 25.644 24.0247 30.6042 23.9785 29.3665
threshold=0.017152569256722931 0 0.2335641831159592 1 0.030860300175845626 2 0.16854572296142581 3 4 -0.0026837610639631744 0.87769868969917308 -31.174007415771481 1.5824205875396731 5
decision_type=2 9 2 9 2 9 2 9 9 2 2 2 2 9
left_child=2 -2 4 -4 6 -6 8 10 -1 -7 -8 -12 -5 -14
right_child=1 -3 3 12 5 9 7 -9 -10 -11 11 -13 13 -15
leaf_value=-0.003448481149824165 0.0013781808664282784 -0.012911944120967359 -0.0055054620038392883 0.0046859801267669695 0.00024927429815379236 -0.00036309005091494928 0.016575376092834875 -0.00098530165698608061 0.00054129448103651899 -0.021353309362096479 0.0071307803753574775 -0.027560571353794156 -0.00062182282247555832 0.022549199531291673
leaf_weight=7032.1033307611942 479.59792120754719 611.50259073078632 1250.2608639448881 2704.4554955810308 1040.5659129321575 187.2360405921936 748.20079830288887 2412.6186550557613 20669.854832932353 658.46778646111488 1597.4473874717951 61.297868192195892 204.77574001252651 430.66028259694576
leaf_count=28358 1938 2470 5079 10980 4212 761 3033 9777 83575 2659 6468 249 829 1740
internal_value=2.09143e-05 -0.00675369 0.000211427 0.0034032 -0.000214658 -0.00738864 0.000202356 0.00408061 -0.000472813 -0.016547 0.00911832 0.0057668 0.00673914 0.0154701
internal_weight=40089 1091.1 38997.9 4590.15 34407.8 1886.27 32521.5 4819.56 27702 845.704 2406.95 1658.75 3339.89 635.436
internal_count=162128 4408 157720 18628 139092 7632 131460 19527 111933 3420 9750 6717 13549 2569
cat_boundaries=0 2 4 6 8 10 12
cat_threshold=1131942212 18341 184707378 5672 347396212 75705 1819046465 83448 1678512640 24977 12615680 32912
is_linear=0
shrinkage=0.05


Tree=80
num_leaves=15
num_cat=1
split_feature=34 10 2 27 27 34 18 36 37 15 27 24 41 27
split_gain=19.5138 51.2438 21.8639 54.0981 36.4075 51.3084 60.676 34.6245 31.9541 42.6679 47.3427 32.5528 39.1891 31.9284
threshold=0.65775698423385631 0.0073272497393190869 -0.11391437053680419 10.500000000000002 4.5000000000000009 0.50087584555149089 0.057916352525353439 -0.058196369558572762 0.0072853753808885821 0.043302718549966819 3.5000000000000004 -35.177797317504876 0 5.5000000000000009
decision_type=2 2 2 2 2 2 2 2 2 2 2 2 1 2
left_child=2 -2 3 4 -1 6 -6 -8 -4 11 -11 -10 -13 -12
right_child=1 -3 8 -5 5 -7 7 -9 9 10 13 12 -14 -15
leaf_value=0.0094153914637760544 0.013860855418038005 -0.047727860680312505 -0.0020237574629459712 0.02173147991697608 0.0013449674159480025 0.023659734324070879 -0.0044873071261546478 -0.030522464952941721 7.2875615580251984e-05 -0.040035028306141279 0.016602260503765939 0.011788019646726558 0.0023517507958478005 -0.011854891547795031
leaf_weight=1000.0138234049082 60.297290354967117 66.74971841275692 13903.644451603293 380.72175975143909 1147.3914070129395 166.13499335944653 229.67623962461948 289.84099425375462 14999.65659789741 114.50411576032639 124.33931654691696 1354.8618671447039 5717.7019208073616 411.051882609725
leaf_count=4067 254 286 56077 1562 4654 690 935 1176 60592 463 505 5503 23208 1666
internal_value=0.000147316 -0.0190416 0.000211016 0.00416198 0.00176501 -0.00242018 -0.00508545 -0.0191745 -0.000136052 0.001019 -0.011558 0.00139208 0.00418715 -0.00514428
internal_weight=39966.6 127.047 39839.5 3213.78 2833.06 1833.04 1666.91 519.517 36625.8 22722.1 649.895 22072.2 7072.56 535.391
internal_count=161638 540 161098 13084 11522 7455 6765 2111 148014 91937 2634 89303 28711 2171
cat_boundaries=0 1
cat_threshold=4610
is_linear=0
shrinkage=0.05


Tree=81
num_leaves=15
num_cat=1
split_feature=23 27 6 34 24 37 24 41 4 27 5 15 10 39
split_gain=22.3986 30.0771 39.3034 28.9542 24.4444 22.7989 25.0716 24.0043 34.4045 35.5546 31.3434 23.9235 23.3473 22.7057
threshold=-0.15362142771482465 9.5000000000000018 0.054854415357112891 0.17925817519426349 -37.418849945068352 0.083525769412517561 -31.028237342834469 0 0.25275635719299322 7.5000000000000009 0.054796736687421806 0.023044240660965446 0.013366183266043665 -0.17730698734521863
decision_type=10 2 2 2 2 2 2 1 2 2 2 2 2 2
left_child=1 -1 -3 -4 -2 6 -6 -7 9 12 -11 -8 -9 -12
right_child=4 2 3 -5 5 7 11 8 -10 10 13 -13 -14 -15
leaf_value=-0.0058733997192658791 -0.002459209130256121 0.0087642833872951468 0.0014884803205572903 -0.022745464169992961 0.00077918497323445758 -0.0018782995430291949 0.0025474303681289078 0.012046587190260952 0.0004991058699384788 0.0060651524880402652 -0.043336291679086515 -0.014472368376310125 0.030553377747491867 -0.0030575681163417991
leaf_weight=3172.4674129188061 5661.3365154564381 951.0705738067627 298.81206135451794 203.69722782075405 23500.255768612027 1293.286967664957 334.56079545617104 1273.2958147376776 1708.1762086004019 791.66612359881401 53.153539627790451 526.97989206016064 196.35195724666119 90.6802858710289
leaf_count=12794 22837 3858 1207 824 95068 5231 1357 5170 6938 3217 214 2141 795 365
internal_value=0.000123219 -0.0031468 0.00280038 -0.00845245 0.000550708 0.00112362 0.000471172 0.00405942 0.00591774 0.0097796 0.0021363 -0.00788076 0.0146178 -0.0189319
internal_weight=40055.8 4626.05 1453.58 502.509 35429.7 29768.4 24361.8 5406.61 4113.32 2405.15 935.5 861.541 1469.65 143.834
internal_count=162016 18683 5889 2031 143333 120496 98566 21930 16699 9761 3796 3498 5965 579
cat_boundaries=0 1
cat_threshold=6424
is_linear=0
shrinkage=0.05


Tree=82
num_leaves=15
num_cat=4
split_feature=22 33 40 40 33 18 26 19 40 40 27 4 4 27
split_gain=21.1894 44.6078 34.1806 30.1475 25.8802 25.8387 24.0207 23.0931 35.1501 21.1877 21.8256 63.9173 34.758 36.8223
threshold=0.70774999260902416 -0.0088627152144908888 0 1 -0.046018458902835839 0.09935313463211061 1.5000000000000002 -0.00039222836494445795 2 3 5.5000000000000009 0.10737204551696779 -0.37848460674285883 2.5000000000000004
decision_type=8 2 9 9 2 2 2 2 9 9 2 2 2 2
left_child=4 3 -3 -2 6 7 -1 8 -6 -9 12 -12 13 -11
right_child=1 2 -4 -5 5 -7 -8 9 -10 10 11 -13 -14 -15
leaf_value=0.041534530489776011 0.0060110074550189232 -0.011688144534810888 0.0053126874500129297 -0.012360724088568871 0.0011486032913990488 -0.0098919827064805829 -0.0033469843700205375 -0.0011226997159831241 -0.004738287257145782 -0.0032288281846703775 -0.0017195346566963494 0.0077644123942925318 -0.0018003772042710484 0.026649550590110867
leaf_weight=65.442590594291687 311.94899781048298 299.51481683552265 5370.9294708222151 722.44138523936272 4386.4540287405252 713.61469398438931 50.144216224551201 9811.6810111999512 5983.5229233652353 184.44619598984718 3081.1299154311419 4183.6538170725107 4587.6628026813269 225.34650439023972
leaf_count=274 1261 1210 21786 2920 17720 2899 206 39708 24134 744 12453 16959 18516 918
internal_value=8.69093e-05 0.00265024 0.00439308 -0.00687424 -0.000429795 -0.000513954 0.022691 -0.000306034 -0.00225178 0.000608125 0.00199264 0.00374299 -0.000548048 0.0133125
internal_weight=39977.9 6704.83 5670.44 1034.39 33273.1 33157.5 115.587 32443.9 10370 22073.9 12262.2 7264.78 4997.46 409.793
internal_count=161708 27177 22996 4181 134531 134051 480 131152 41854 89298 49590 29412 20178 1662
cat_boundaries=0 2 4 6 8
cat_threshold=69206017 3346 164888788 108742 3115604090 3592 2874415454 15909
is_linear=0
shrinkage=0.05


Tree=83
num_leaves=15
num_cat=0
split_feature=34 10 34 5 33 34 27 33 34 34 27 27 34 27
split_gain=20.6014 43.2298 29.472 36.0488 26.5396 46.58 32.2365 30.8518 41.6184 28.1045 78.9896 32.5012 27.4177 43.4873
threshold=0.60323816537857067 -0.0041909329593181601 0.56372356414794933 -0.02951371110975742 0.031129541806876663 0.27264876663684851 5.5000000000000009 0.021049814298748974 0.50087584555149089 0.25381019711494451 2.5000000000000004 8.5000000000000018 0.22909662872552874 9.5000000000000018
decision_type=2 2 2 2 2 2 2 2 2 2 2 2 2 2
left_child=2 -2 4 -4 7 -6 -7 -1 9 12 -11 -12 -9 -14
right_child=1 -3 3 -5 5 6 -8 8 -10 10 11 -13 13 -15
leaf_value=-8.5687815427017123e-05 0.019100407333843602 -0.02619745370743741 0.050977371134288491 -0.00025935974913281971 0.013004569233827227 -0.0050714864304896605 -0.042204122816046297 0.0096951114105748529 -0.029130836619209025 -0.030737375764885985 0.040944428233951412 0.0047724150561143973 -0.048842565027743076 0.011987514343299841
leaf_weight=38323.067331820726 68.195672959089279 188.03088593482971 58.177905797958374 74.649408102035522 108.43509770929813 106.34225527942181 130.05966845154762 458.18635521829128 62.974797189235687 56.257175430655479 235.03141838312149 86.157033905386925 51.751278758049011 57.480575397610664
leaf_count=154905 285 794 252 303 443 432 527 1883 254 227 968 352 209 237
internal_value=8.11107e-06 -0.0139873 0.000100063 0.0231811 1.97545e-05 -0.0136909 -0.0259722 0.000141816 0.00875529 0.0114257 0.0219119 0.0314787 0.0043111 -0.0176649
internal_weight=40064.8 256.227 39808.6 132.827 39675.7 344.837 236.402 39330.9 1007.84 944.864 377.446 321.188 567.418 109.232
internal_count=162071 1079 160992 555 160437 1402 959 159035 4130 3876 1547 1320 2329 446
is_linear=0
shrinkage=0.05


Tree=84
num_leaves=15
num_cat=5
split_feature=36 40 40 27 4 37 40 40 40 5 34 34 27 35
split_gain=19.8357 55.0505 24.3247 22.9123 53.0938 43.8983 30.6926 30.2434 29.4731 27.8283 39.786 47.2191 54.4959 27.1516
threshold=0.038124701008200652 0 1 6.5000000000000009 0.15310502052307132 -0.056027466431260102 2 3 4 -0.028234452940523621 0.15839687734842303 0.45017996430397039 4.5000000000000009 0.80063098669052135
decision_type=2 9 9 2 2 2 9 9 9 2 2 2 2 2
left_child=2 -2 -1 5 7 9 13 -5 -6 10 -4 12 -12 -7
right_child=1 -3 3 4 8 6 -8 -9 -10 -11 11 -13 -14 -15
leaf_value=0.0018665536586545631 0.0012662593995631229 -0.0069986023952999538 0.029676931949085064 0.0014677855390818036 0.01102088036995914 -0.0022555406890159627 -0.0019368747993909145 -0.0066136362929482568 0.0019119845523676436 -0.0012607432084733559 0.010126954831340809 0.04073152963907075 -0.029726951428222577 -0.013179895630290303
leaf_weight=15201.877363085747 4615.8316798359156 3556.7092184722424 220.93986062705517 2247.4987213462591 1395.0091488659382 923.44956375658512 4324.9722586721182 2365.6775205135345 2450.1205603927374 788.10462342202663 250.62173445522785 67.626856565475464 124.12241546809673 1491.2505506426096
leaf_count=61672 18607 14340 896 9081 5657 3723 17440 9568 9936 3181 1019 284 502 6017
internal_value=-0.00014235 -0.00233911 0.000421426 -0.000898506 0.000925613 -0.00278326 -0.00448214 -0.00268917 0.00526159 0.00509041 0.0125969 0.00381888 -0.00327785 -0.00898036
internal_weight=40023.8 8172.54 31851.3 16649.4 8458.31 8191.09 6739.67 4613.18 3845.13 1451.42 663.311 442.371 374.744 2414.7
internal_count=161923 32947 128976 67304 34242 33062 27180 18649 15593 5882 2701 1805 1521 9740
cat_boundaries=0 2 4 6 8 10
cat_threshold=1640813480 19858 3194439991 620 8917576 33920 18387592 33922 8921152 33169
is_linear=0
shrinkage=0.05


Tree=85
num_leaves=15
num_cat=6
split_feature=25 40 25 40 33 26 33 24 40 40 38 40 40 24
split_gain=24.5416 20.0544 16.1958 21.4075 20.4635 44.3624 68.882 39.0827 43.0873 32.8235 31.4111 31.0334 29.6319 27.4452
threshold=0.017152569256722931 0 -0.01459962362423539 1 -0.0016034822911024091 1.0000000180025095e-35 -0.0048395097255706778 -35.267482757568352 2 3 1.0000000180025095e-35 4 5 -37.382177352905266
decision_type=2 9 2 9 2 2 2 2 9 9 2 9 9 2
left_child=2 -2 3 -1 5 6 10 9 -9 -6 -4 -8 -7 -11
right_child=1 -3 4 -5 7 12 11 8 -10 13 -12 -13 -14 -15
leaf_value=0.0095327971224586309 -0.00070283211001124276 -0.014197486942503213 0.017552051836276051 -0.00064295786349964515 -0.0041896715172716715 -0.0063730489168140701 0.0048422342616889491 0.0093414226736507899 0.0013336731591123696 -0.002748372208495001 0.0042733986988153332 -0.016894683331059628 -0.00088689057061961557 0.0025219176657637352
leaf_weight=1058.1240211576223 586.16647543013096 518.58949019014835 708.72236135601997 999.7231025993824 4282.9951182454824 3923.2317586541176 252.65005697309971 2444.8269817531109 5346.9406934380531 3542.3410379588604 1200.4875785410404 438.21508610248566 6606.1904972344637 8128.5200623571873
leaf_count=4306 2371 2097 2873 4066 17288 15838 1020 9951 21722 14296 4862 1766 26644 32891
internal_value=0.000119903 -0.00721163 0.000328969 0.00464041 8.76334e-05 -0.0014959 0.00434649 0.000963546 0.00386498 -0.000453951 0.00923818 -0.00913381 -0.00294044 0.00092057
internal_weight=40037.7 1104.76 38933 2057.85 36875.1 13129.5 2600.08 23745.6 7791.77 15953.9 1909.21 690.865 10529.4 11670.9
internal_count=161991 4468 157523 8372 149151 53003 10521 96148 31673 64475 7735 2786 42482 47187
cat_boundaries=0 2 4 6 8 10 12
cat_threshold=1337530432 26556 1955946567 115642 1545159274 49282 1091330754 18465 159993890 44656 3294316586 70048
is_linear=0
shrinkage=0.05


Tree=86
num_leaves=15
num_cat=5
split_feature=33 34 33 34 40 34 10 27 35 40 40 40 40 15
split_gain=23.3266 52.4412 27.6434 22.4133 46.0142 39.202 55.9464 48.5311 48.7188 62.7041 43.7992 42.0149 39.2841 49.0785
threshold=-0.046018458902835839 0.38200022280216223 -0.038707213476300233 0.099173918366432204 0 0.13090705871582034 -0.006202434189617633 9.5000000000000018 0.77742710709571849 1 2 3 4 0.02097005303949118
decision_type=2 2 2 2 9 2 2 2 2 9 9 9 9 2
left_child=1 -1 -2 4 -4 6 10 8 9 -7 -5 -10 13 -8
right_child=2 -3 3 5 -6 7 12 -9 11 -11 -12 -13 -14 -15
leaf_value=-0.0046787946771800403 -0.02006284940489611 0.052817703681327877 -0.0098138863432964615 -0.0029198817394440555 0.00056762597272931646 0.0092317165253690218 0.0082346927889884926 0.0031883397564626925 -0.006533794850084533 -0.0018501841320060161 0.019324074907369315 -0.00086264237122171379 -0.0015099746366385297 -0.0036144582795634705
leaf_weight=94.910064607858658 166.98589473962784 62.066891670227051 1676.3220948725939 301.48518957197666 2894.1087759286165 1944.3743403255939 3284.227896079421 6289.0147116482258 6205.0920055657625 3652.7826352566481 827.95069698989391 6909.8128325939178 4557.9218056201935 1186.1070185005665
leaf_count=388 681 265 6761 1226 11691 7872 13302 25554 25066 14749 3386 27924 18402 4797
internal_value=1.6307e-05 0.0189525 -6.04401e-05 2.60203e-05 -0.00326574 0.000454475 0.00307308 -0.000609639 -0.00188689 0.0020166 0.0135399 -0.00355334 0.00175635 0.00507779
internal_weight=40053.2 156.977 39896.2 39729.2 4570.43 35158.8 10157.7 25001.1 18712.1 5597.16 1129.44 13114.9 9028.26 4470.33
internal_count=162064 653 161411 160730 18452 142278 41113 101165 75611 22621 4612 52990 36501 18099
cat_boundaries=0 2 4 6 8 10
cat_threshold=3775154819 20844 2281984210 21059 726794688 5632 204124724 38615 1282546229 54204
is_linear=0
shrinkage=0.05


Tree=87
num_leaves=15
num_cat=1
split_feature=3 34 7 34 24 41 35 23 34 35 21 23 34 17
split_gain=25.5913 35.654 51.1958 32.6592 30.5525 40.0569 36.1044 33.7839 29.7934 29.9325 24.4927 23.5339 26.5678 35.5948
threshold=-0.1027553081512451 0.35462349653244024 -0.009559776168316601 0.33870907127857214 -30.746353149414059 0 1.7038899064064028 inf 0.52650606632232677 0.83465734124183666 1.8843026757240298 inf 0.27897053956985479 0.027790836989879612
decision_type=2 2 2 2 2 1 2 8 2 2 2 8 2 2
left_child=4 3 8 11 5 6 10 -6 9 -3 -1 -2 13 -13
right_child=1 2 -4 -5 7 -7 -8 -9 -10 -11 -12 12 -14 -15
leaf_value=-0.0039728622628742395 -0.00010122359837663065 -0.013444628563490268 0.0016942058447860795 0.028100657999909118 -0.020185055211743137 0.0061916354641121368 0.012742351364322422 0.0097240753592981108 -0.0080850348579615521 -0.053003529761898649 -0.032210110981606997 -0.011420685607112502 -0.029482757298576318 0.0056154419838517333
leaf_weight=1560.0336785465479 30819.52961781621 86.181257709860802 371.67304994165897 95.91229447722435 278.09227222204208 4560.8749233335257 325.03741104900837 137.71952277421951 161.57319331169128 117.81359931826591 76.032358974218369 762.57158055901527 112.96939659118652 506.12708224356174
leaf_count=6322 124635 349 1512 392 1134 18510 1309 557 666 475 310 3080 455 2048
internal_value=3.15405e-05 -0.000548212 -0.0113831 -0.000299006 0.00279116 0.00363183 -0.00233908 -0.0102692 -0.0245359 -0.0370366 -0.00538231 -0.0003881 -0.00676013 -0.0046251
internal_weight=39972.1 33034.4 737.241 32297.1 6937.79 6521.98 1961.1 415.812 365.568 203.995 1636.07 32201.2 1381.67 1268.7
internal_count=161754 133612 3002 130610 28142 26451 7941 1691 1490 824 6632 130218 5583 5128
cat_boundaries=0 1
cat_threshold=676
is_linear=0
shrinkage=0.05


Tree=88
num_leaves=15
num_cat=2
split_feature=28 34 26 27 27 37 34 34 40 34 34 27 40 27
split_gain=17.9953 38.4607 50.9451 45.1303 70.2764 65.9665 57.3984 54.5769 43.8917 39.7659 49.5182 47.808 54.8053 51.4459
threshold=1.0000000180025095e-35 0.087557714432477965 3.5000000000000004 5.5000000000000009 3.5000000000000004 0.10878366231918336 0.23101506382226947 0.33245882391929632 0 0.32003900408744818 0.26499013602733618 6.5000000000000009 1 7.5000000000000009
decision_type=2 2 2 2 2 2 2 2 9 2 2 2 9 2
left_child=-1 -2 3 4 6 8 -3 -8 -6 10 11 -5 -13 -14
right_child=1 2 -4 9 5 -7 7 -9 -10 -11 -12 12 13 -15
leaf_value=-0.00049825601300054376 -0.014674361905934259 0.014064473518252643 -0.006246570627427863 0.031160305259489148 -0.034019447061821126 0.029837108621618282 -0.035042345871065493 0.017500256257091461 -0.0061753253208060542 0.040375944965514332 -0.016775590075873991 -0.0029124262925064245 -0.0098472235631123402 0.019953167420618229
leaf_weight=34626.31932400167 298.27634562551975 832.05088041722775 1027.7906867712736 262.86539526283741 236.88110433518887 77.254875540733337 125.95912334322929 75.326229929924011 366.71020552515984 103.76625961065292 163.84579353034496 667.34897820651531 168.12381763756275 925.81368125975132
leaf_count=139857 1210 3390 4210 1077 964 323 510 310 1499 437 670 2740 690 3817
internal_value=-8.1653e-05 0.00262078 0.00366015 0.00620774 6.54391e-05 -0.0123523 0.00827217 -0.0154077 -0.0179612 0.0107897 0.00929544 0.0114444 0.00841913 0.0152064
internal_weight=39958.3 5332.01 5033.74 4005.95 1714.18 680.846 1033.34 201.285 603.591 2291.76 2188 2024.15 1761.29 1093.94
internal_count=161704 21847 20637 16427 6996 2786 4210 820 2463 9431 8994 8324 7247 4507
cat_boundaries=0 2 4
cat_threshold=891314304 56293 2585233908 8197
is_linear=0
shrinkage=0.05


Tree=89
num_leaves=15
num_cat=0
split_feature=36 12 35 9 4 27 35 16 16 39 2 9 7 13
split_gain=18.8729 24.7021 28.7604 27.3946 32.2089 36.6151 23.0826 38.0185 26.59 22.7881 22.5591 25.3967 23.9233 36.3551
threshold=-2.1105684311351066e-08 0.22614578902721408 1.2653160095214846 0.030860300175845626 0.37231111526489263 5.5000000000000009 1.1172942519187929 0.59194135665893566 1.3323814272880556 -0.026890741661190983 -0.0060167312622070304 0.014996380079537632 -0.081088978797197328 0.050833623856306083
decision_type=2 2 2 2 2 2 2 2 2 2 2 2 2 2
left_child=6 3 -3 4 -2 -6 8 -8 10 -5 12 -12 13 -1
right_child=1 2 -4 9 5 -7 7 -9 -10 -11 11 -13 -14 -15
leaf_value=0.019337752423207961 -0.0025841588392862872 -0.00082636699134369229 0.0092118045537215223 -0.001259197754425999 -0.0029039209567704037 0.0077778410018898379 -0.017688269378119435 -0.00050102987530542965 -0.0071700610601502738 -0.014397879571622616 0.0075318039676690214 0.00055492927306036253 -0.00023651270795295261 -0.0032816752159705691
leaf_weight=399.10044181346893 11837.32245887816 1912.9082310497761 1131.6485319435596 577.41602176427841 1438.2050588577986 1802.1245043426752 332.23341611027718 7038.2692601084709 710.32398007810116 771.32619972527027 3676.6603966355324 2023.8187124282122 6046.8024212419987 314.1487490683794
leaf_count=1625 47711 7753 4578 2336 5799 7299 1346 28518 2898 3111 14912 8238 24522 1286
internal_value=-0.000105324 -0.00122063 0.00291212 -0.00198758 -0.00137495 0.00303808 0.000951664 -0.00128791 0.00220534 -0.00880214 0.00274285 0.00505836 0.000787241 0.00941463
internal_weight=40012.3 19471 3044.56 16426.4 15077.7 3240.33 20541.4 7370.5 13170.9 1348.74 12460.5 5700.48 6760.05 713.249
internal_count=161932 78587 12331 66256 60809 13098 83345 29864 53481 5447 50583 23150 27433 2911
is_linear=0
shrinkage=0.05


Tree=90
num_leaves=15
num_cat=5
split_feature=21 40 8 40 16 33 26 33 40 25 38 38 40 40
split_gain=18.2535 45.7469 27.6479 43.8737 30.5894 27.3577 47.1457 43.8688 38.6457 35.3405 31.2363 30.7093 26.3252 25.7861
threshold=1.2501494884490969 0 32.324054718017585 1 0.78612795472145092 -0.00081688800128176798 1.0000000180025095e-35 -0.0048395097255706778 2 -0.0084477029740810377 1.0000000180025095e-35 1.0000000180025095e-35 3 4
decision_type=2 9 2 9 2 2 2 2 9 2 2 2 9 9
left_child=2 -2 3 4 -1 6 7 10 -7 -8 -4 13 -11 -9
right_child=1 -3 5 -5 -6 8 9 11 -10 12 -12 -13 -14 -15
leaf_value=-0.021129549440165863 0.002135161986752353 -0.0051657956214952614 0.018432424153130327 0.018115380618280524 0.0049832425754686013 0.0040812726556273609 0.0027404009167230061 0.0041245583763967692 -0.00057553540879512076 -0.0078864331954350848 0.0039667036964549356 0.0037017015991776454 -0.0019681701713089098 -0.026087331276285087
leaf_weight=143.35742931067944 3705.8147409409285 5062.0936963260174 587.51390372216702 546.01736345887184 454.44556406140327 7801.0304214060307 1974.9104450345039 102.85659638047218 10355.116852447391 3557.9672328829765 1021.5765487253666 396.27228780090809 4026.7676903605461 214.20400519669056
leaf_count=582 14997 20500 2385 2237 1852 31673 8001 416 41874 14349 4137 1598 16229 864
internal_value=-6.8457e-05 -0.00208342 0.000498204 0.00811079 -0.00137107 0.000206857 -0.0016578 0.00472444 0.00142755 -0.00321048 0.00929229 -0.00556542 -0.00476141 -0.0170409
internal_weight=39949.9 8767.91 31182 1143.82 597.803 30038.2 11882.1 2322.42 18156.1 9559.65 1609.09 713.333 7584.73 317.061
internal_count=161694 35497 126197 4671 2434 121526 47979 9400 73547 38579 6522 2878 30578 1280
cat_boundaries=0 2 4 6 8 10
cat_threshold=3343921166 7263 273217592 89459 944458091 78240 3327095331 20661 143786018 114500
is_linear=0
shrinkage=0.05


Tree=91
num_leaves=15
num_cat=5
split_feature=25 40 17 39 40 40 33 40 33 34 28 40 24 9
split_gain=19.995 24.3367 23.8204 22.4563 21.6558 20.3421 19.0131 35.0457 25.9915 53.614 39.0833 24.7129 23.6135 29.3357
threshold=-0.0099749965593218786 0 0.05183925852179528 -0.24923113733530042 1 2 0.0099724978208541887 3 0.0093350470997393149 0.17560444772243503 1.0000000180025095e-35 4 -30.394951820373532 -0.0027086124755442138
decision_type=2 9 2 2 9 9 2 9 2 2 2 9 2 2
left_child=1 -1 6 4 -4 -5 8 -8 11 10 -10 12 -2 -14
right_child=2 -3 3 5 -6 -7 7 -9 9 -11 -12 -13 13 -15
leaf_value=-0.0022845867653715555 0.0017029131953810906 0.0058153224431616111 -0.014730676665886686 0.0065917543782561989 0.0073721473099996986 -0.029000558507536779 0.0077401360262942254 -0.00020588913976766303 0.011317222537880556 -0.028317282784831227 -0.027260550027769531 -0.0017503600150687319 -0.024698560640368371 0.0021937972993034253
leaf_weight=1348.9381913542747 11064.931500330567 2916.8502534478903 188.81950037181377 50.079295247793198 229.46949253976345 179.72865487635136 1998.5434859544039 4466.3174397349358 261.89350312948227 251.77277727425098 82.070483431220055 16546.372987359762 187.9658350199461 211.5146113038063
leaf_count=5477 44752 11863 778 204 949 731 8146 18130 1060 1018 335 66779 761 858
internal_value=2.78881e-05 0.00326137 -0.000358532 -0.00981996 -0.00282345 -0.0222022 -0.000182173 0.0022655 -0.000735802 -0.0110268 0.00183946 -0.000514825 0.00126837 -0.0105963
internal_weight=39985.3 4265.79 35719.5 648.097 418.289 229.808 35071.4 6464.86 28606.5 595.737 343.964 28010.8 11464.4 399.48
internal_count=161841 17340 144501 2662 1727 935 141839 26276 115563 2413 1395 113150 46371 1619
cat_boundaries=0 2 4 6 8 10
cat_threshold=164106672 37890 1212215584 49282 4325696 16384 3913830410 13600 177443248 100945
is_linear=0
shrinkage=0.05


Tree=92
num_leaves=15
num_cat=4
split_feature=19 34 40 15 40 40 4 28 4 40 30 39 30 1
split_gain=22.7884 23.8655 34.8397 26.9132 44.7583 41.2955 25.1846 24.4222 27.6417 21.4514 22.4505 20.7274 21.5488 19.4681
threshold=-0.0022866427898406978 0.24923912435770038 0 0.019530192948877815 1 2 -0.020431518554687497 1.0000000180025095e-35 0.52203798294067394 3 0.77664399147033703 -0.18418372422456739 0.79449471831321727 0.022356271743774418
decision_type=2 2 9 2 9 9 2 2 2 9 2 2 2 2
left_child=-1 3 -3 4 6 -5 9 -7 -9 10 -2 -11 -13 -4
right_child=1 2 13 5 -6 7 -8 8 -10 11 -12 12 -14 -15
leaf_value=-0.002170217581198348 -0.014792411967404365 -0.0014769644473532947 0.011949462972908944 -0.0079869011169054673 -0.00075022356435940258 -0.0013869703045783692 0.0062706273731939254 0.0023739037776665788 0.021086241299387132 0.017519330434368159 0.011850608194715069 0.005680072701448215 -0.02367674289867723 0.0026386040543990462
leaf_weight=10043.377349227667 408.56317465007305 1599.0075730830431 1367.3433672934771 2191.7287720292807 9492.3227582126856 7309.6933077722788 4891.9948774725199 935.49057854712009 245.97405596077442 194.01355780661106 93.564523488283157 195.95068740844727 85.796580255031586 958.73500859737396
leaf_count=40578 1653 6517 5601 8875 38346 29489 19853 3845 1021 786 377 792 346 3890
internal_value=-0.000109486 0.000581171 0.0042131 3.29305e-05 0.00137327 -0.00189378 0.00479889 -0.000306899 0.00634636 -0.00250417 -0.00956156 0.00504977 -0.00349908 0.00809314
internal_weight=40013.6 29970.2 3925.09 26045.1 15362.2 10682.9 5869.88 8491.16 1181.46 977.889 502.128 475.761 281.747 2326.08
internal_count=161969 121391 16008 105383 62153 43230 23807 34355 4866 3954 2030 1924 1138 9491
cat_boundaries=0 2 4 6 8
cat_threshold=360889200 26244 1287831905 31696 3419553792 38400 75628800 25040
is_linear=0
shrinkage=0.05


Tree=93
num_leaves=15
num_cat=1
split_feature=8 10 34 39 34 27 27 34 34 15 41 5 15 30
split_gain=18.2886 16.7279 54.3068 32.1268 52.9253 30.8415 82.3034 68.3379 57.6689 30.4845 28.0078 25.3101 28.4614 23.3213
threshold=74.382583618164077 0.0048929196782410153 0.65775698423385631 -0.35725964605808253 0.3695881068706513 5.5000000000000009 2.5000000000000004 0.24484682828187945 0.33245882391929632 0.044422499835491187 0 0.026332853361964229 0.018962338566780094 0.59787234663963329
decision_type=2 2 2 2 2 2 2 2 2 2 1 2 2 2
left_child=1 -1 3 4 5 6 7 -3 9 10 13 -5 -13 -7
right_child=-2 2 -4 11 -6 8 -8 -9 -10 -11 -12 12 -14 -15
leaf_value=-0.00045072033305358709 -0.0060010144895403413 0.022348104107756419 -0.0392480324583468 0.0051207413268240928 0.033641588622947492 0.034945885966026373 0.034255644741702992 -0.041881956961369954 -0.048333385942233298 0.029020200764621331 -0.012577306743238571 0.0045414392603758055 -0.0041342078633456398 -0.0071787569563831052
leaf_weight=30731.831738084555 1273.02400842309 73.355643346905708 73.55064894258976 2590.7700789272785 196.24586966633797 68.565153241157532 233.88825708627701 83.4746003895998 56.351618975400925 87.079540684819221 246.47629547119141 1433.0303594917059 2753.713476344943 56.482902392745018
leaf_count=124504 5128 295 321 10466 800 277 951 339 227 353 994 5771 11092 228
internal_value=-0.000116146 7.81326e-05 0.00212135 0.00253279 0.0104314 0.0052395 0.0157407 -0.0120459 -0.00279332 0.00325262 -0.00307879 0.00124112 -0.00116166 0.0151693
internal_weight=39957.8 38684.8 7952.98 7879.43 1101.92 905.674 390.719 156.83 514.956 458.604 371.524 6777.51 4186.74 125.048
internal_count=161746 156618 32114 31793 4464 3664 1585 634 2079 1852 1499 27329 16863 505
cat_boundaries=0 1
cat_threshold=3224
is_linear=0
shrinkage=0.05


Tree=94
num_leaves=15
num_cat=4
split_feature=23 40 34 24 40 40 13 12 39 15 3 15 40 36
split_gain=20.9336 37.9785 25.0967 24.2275 39.6205 32.2699 29.908 23.8461 31.7829 26.8038 21.6794 23.6997 18.6935 22.7912
threshold=-0.090821430087089525 0 0.068532977253198638 -37.052553176879876 1 2 0.039511473849415786 0.13789717108011249 -0.091597355902194963 0.030475101433694366 0.055052280426025398 0.011064196471124889 3 0.047855641692876823
decision_type=10 9 2 2 9 9 2 2 2 2 2 2 9 2
left_child=1 -1 -2 4 -4 6 10 -8 -9 -10 -5 -12 -13 -14
right_child=2 -3 3 5 -6 -7 7 8 9 -11 11 12 13 -15
leaf_value=-0.0061794853811622088 0.024352795742787373 0.00053649657868604138 -0.011743716506859014 0.0035436450718988686 -0.00051125916275811462 0.00045046065908828755 -0.010380722146738547 0.0071028324180484534 -0.025163563834310138 0.0081429966506293729 0.040698349091011221 0.021665561898962658 0.010670265967094843 -0.0063974267421463924
leaf_weight=3406.0427036732435 106.79504850506783 5469.7751750051975 869.03833708167076 1605.9411354511976 7058.601385384798 18058.42736184597 439.4637713432312 995.84489211440086 155.26135474443436 93.505622997879982 63.134038209915161 295.05610485374928 1126.3819699883461 232.58638858795166
leaf_count=13767 431 22114 3500 6503 28527 73161 1784 4067 629 379 257 1202 4573 937
internal_value=9.23813e-05 -0.00204854 0.000703783 0.000618218 -0.00176528 0.00143785 0.00498303 -0.000432566 0.00310354 -0.0127109 0.00774054 0.011641 0.0104096 0.00767645
internal_weight=39975.9 8875.82 31100 30993.2 7927.64 23065.6 5007.18 1684.08 1244.61 248.767 3323.1 1717.16 1654.02 1358.97
internal_count=161831 35881 125950 125519 32027 93492 20331 6859 5075 1008 13472 6969 6712 5510
cat_boundaries=0 2 4 6 8
cat_threshold=11158356 98777 1157894848 86019 312607044 33744 268435460 272
is_linear=0
shrinkage=0.05


Tree=95
num_leaves=15
num_cat=3
split_feature=25 33 34 27 34 33 34 34 38 40 40 39 40 18
split_gain=21.3751 24.1184 33.6707 48.5386 50.8861 37.8709 58.2852 34.2674 58.1953 33.1019 29.1438 26.4437 26.1659 23.3394
threshold=-0.015746120363473889 0.0068891991395503291 0.15839687734842303 2.5000000000000004 0.16376326978206637 0.010664827656000854 0.1826252415776253 0.20408970862627032 1.5000000000000002 0 1 -0.50721952319145192 2 0.094573926180601134
decision_type=2 2 2 2 2 2 2 2 2 9 9 2 9 2
left_child=-1 -2 12 5 -5 7 -7 -4 -9 -8 11 -6 -3 -13
right_child=1 2 3 4 10 6 9 8 -10 -11 -12 13 -14 -15
leaf_value=0.0052359432862070839 -0.0012199055462565409 0.0004023944988037278 -0.048959965380278525 -0.031589199898196328 0.022198461515461645 0.028549427438172167 0.0018993761842854241 0.023246030752529942 -0.038062501314552133 -0.024702116767693585 0.0045235244075469963 -0.0041303846831544011 0.0074709822658833268 -0.035726428043500187
leaf_weight=1735.5982747375965 27379.432117298245 2332.9958626180887 108.04444110393524 113.30697199702263 86.95105117559433 100.74430477619171 219.3436576873064 63.644898384809494 84.536614716053009 239.88808053731918 2987.2947275042534 1447.2588320672512 2998.4790796935558 56.116677343845367
leaf_count=7075 110625 9466 435 459 359 408 888 256 342 971 12180 5891 12171 228
internal_value=-0.000182699 -0.000429559 0.00156612 -0.00117488 0.000786433 -0.0123893 -0.00499531 -0.0281248 -0.0117982 -0.0125932 0.00162249 -0.0038252 0.00439681 -0.00542761
internal_weight=39953.6 38218 10838.6 5507.13 4690.93 816.202 559.976 256.226 148.182 459.232 4577.62 1590.33 5331.47 1503.38
internal_count=161754 154679 44054 22417 19117 3300 2267 1033 598 1859 18658 6478 21637 6119
cat_boundaries=0 2 4 6
cat_threshold=1125618118 1506 1077117277 71185 2795956235 44099
is_linear=0
shrinkage=0.05


Tree=96
num_leaves=15
num_cat=4
split_feature=36 40 17 40 40 35 24 36 34 27 27 40 4 16
split_gain=16.7011 68.9336 19 49.5658 28.0208 25.6902 24.6707 23.1716 21.3484 22.1115 19.9665 23.5973 23.3228 21.5488
threshold=-0.075329162180423723 0 0.037497406825423248 1 2 1.5437355041503908 -38.103982925415032 -0.044513748958706849 0.24696578085422519 2.5000000000000004 10.500000000000002 3 0.48538637161254888 1.0878905653953554
decision_type=2 9 2 9 9 2 2 2 2 2 2 9 2 2
left_child=1 -1 4 10 6 -5 7 -2 -8 -10 12 -12 13 -4
right_child=2 -3 3 5 -6 -7 8 -9 9 -11 11 -13 -14 -15
leaf_value=-0.003583024571706693 -0.036415452904905027 0.0098759413254665071 -0.017700206853140953 -0.00025772800506546816 -0.00074985932538949797 0.018641617889243175 0.0025432686703175476 -0.0038056654391434457 -0.014097997291081549 0.015513456103598942 0.018600432079691389 -0.010593069569527463 -0.024687568142092865 -0.0023555308191901842
leaf_weight=1889.2234058082104 62.710457682609558 1891.0523956716061 400.39591620862484 1234.1634959578514 25916.63386413455 205.35305193066597 6301.8857484459877 289.07651111483574 66.947513416409492 554.58096811175346 107.41816864907742 144.87406620383263 320.12328094244003 531.39570069313049
leaf_count=7698 253 7744 1619 5029 104720 833 25521 1166 270 2254 440 596 1302 2163
internal_value=9.21578e-06 0.00316917 -0.000321613 -0.00416796 1.99381e-05 0.00247296 0.00275877 -0.0100616 0.00342168 0.0122288 -0.0104608 0.00224831 -0.013108 -0.00901384
internal_weight=39915.8 3780.28 36135.6 2943.72 33191.8 1439.52 7275.2 351.787 6923.41 621.528 1504.21 252.292 1251.91 931.792
internal_count=161608 15442 146166 11982 134184 5862 29464 1419 28045 2524 6120 1036 5084 3782
cat_boundaries=0 2 4 6 8
cat_threshold=609767730 3482 695446512 40032 675287136 35888 157417616 2048
is_linear=0
shrinkage=0.05


Tree=97
num_leaves=15
num_cat=5
split_feature=18 40 5 11 12 6 40 40 31 4 40 40 24 14
split_gain=16.5725 32.445 18.6141 21.6838 16.5537 38.7912 43.4427 35.8208 39.2143 29.2824 44.7546 41.1456 30.6741 29.6419
threshold=0.087171539664268508 0 -0.079772412776947008 0.50232812762260448 0.23108121007680896 0.13555294275283816 1 2 0.97646731138229381 0.17574739456176761 3 4 -30.216817855834957 0.025360273197293285
decision_type=2 9 2 2 2 2 9 9 2 2 9 9 2 2
left_child=4 2 -2 -4 5 9 -7 8 -6 10 13 12 -11 -1
right_child=1 -3 3 -5 7 6 -8 -9 -10 11 -12 -13 -14 -15
leaf_value=0.00025824806855180148 0.019886274210819024 -0.011853838332360747 -0.013252224010322271 0.0077833296346054674 0.00067301906436634251 0.0092683072681103429 -0.012659289658845217 0.0069449569205221485 -0.020538953234483105 -0.00032042427215309193 -0.0036007292622172848 0.0044407234013254353 -0.022827667244717288 0.0088644155756196722
leaf_weight=7372.5308946669102 128.84398843348026 794.4821143746376 207.50377164781094 284.21713787317276 1652.0430360585451 272.90051224827766 1110.5173282772303 2547.0761792212725 245.87267254292965 7455.8472588807344 9188.2219472676516 7486.5701183974743 149.53701382875443 1152.9410720765591
leaf_count=29785 536 3238 847 1152 6719 1103 4486 10347 997 30226 37090 30354 607 4671
internal_value=2.75307e-05 -0.00527721 0.00329877 -0.00112755 0.000222614 -0.000150595 -0.00833676 0.00309126 -0.00210801 0.000195681 -0.00118285 0.00181388 -0.000777304 0.00142553
internal_weight=40049.1 1415.05 620.565 491.721 38634.1 34189.1 1383.42 4444.99 1897.92 32805.6 17713.7 15092 7605.38 8525.47
internal_count=162158 5773 2535 1999 156385 138322 5589 18063 7716 132733 71546 61187 30833 34456
cat_boundaries=0 2 4 6 8 10
cat_threshold=703930579 28999 264772 1081 2204596595 13864 698306715 81414 693489822 127254
is_linear=0
shrinkage=0.05


Tree=98
num_leaves=15
num_cat=5
split_feature=21 40 40 10 15 40 34 4 34 34 40 40 1 10
split_gain=20.4234 66.4754 45.9878 40.6489 32.6174 33.03 26.4502 29.559 25.6292 24.3255 27.7753 23.5724 19.8221 19.0271
threshold=1.0312605500221255 0 1 0.0024982475442811851 0.017286777496337894 2 0.13429549336433413 -0.41607999801635737 0.56372356414794933 0.10199732333421709 3 4 -0.056264162063598626 -0.0088488892652094347
decision_type=2 9 9 2 2 9 2 2 2 2 9 9 2 2
left_child=2 6 -1 8 5 -5 9 -8 -3 10 -2 -11 -6 -4
right_child=1 3 13 4 12 -7 7 -9 -10 11 -12 -13 -14 -15
leaf_value=0.0034226281681120265 0.0089081627668394451 -0.0078400302958428966 0.0051648652380362958 -0.0079864921475007056 0.02343143207256837 0.012577730283714065 0.015551800693281598 -0.001227638655955958 0.026540700078919517 0.017026953042483649 -0.0085939222039648679 0.0048401611893428053 -0.0039611401614004071 -0.0014642514646227235
leaf_weight=10878.793433949351 409.85347974300385 4605.5743688642979 1176.7237130701542 254.22695377469063 62.782418489456177 736.1505178809166 276.1015732884407 3953.4936092197895 50.025687664747238 667.19095295667648 470.98636700212955 1033.7935132831335 2610.8917420208454 12862.095357507467
leaf_count=44103 1658 18671 4794 1025 257 2970 1130 16019 212 2705 1905 4186 10537 51988
internal_value=0.000105049 -0.00134352 0.000984976 -0.00433824 -0.000400944 0.00732646 0.00231705 -0.000114052 -0.00744145 0.00630313 -0.000436721 0.00978729 -0.00327351 -0.000905962
internal_weight=40048.7 15131.1 24917.6 8319.65 3664.05 990.377 6811.42 4229.6 4655.6 2581.82 880.84 1700.98 2673.67 14038.8
internal_count=162160 61275 100885 33672 14789 3995 27603 17149 18883 10454 3563 6891 10794 56782
cat_boundaries=0 2 4 6 8 10
cat_threshold=3595940114 2397 950176506 107168 133133 66560 1146425600 17 1379926032 92
is_linear=0
shrinkage=0.05


Tree=99
num_leaves=15
num_cat=2
split_feature=3 33 33 26 34 34 34 19 34 40 37 40 34 27
split_gain=19.5667 18.7122 31.9319 46.3988 46.2727 31.8974 21.3709 20.5022 18.0388 44.4803 36.8822 51.7124 40.1168 68.4325
threshold=0.69456541538238536 -0.046018458902835839 -0.033655198290944092 1.5000000000000002 0.38200022280216223 0.33870907127857214 0.33245882391929632 -0.016022056341171261 0.20259586721658709 0 0.16838692128658297 1 0.13187970966100696 8.5000000000000018
decision_type=2 2 2 2 2 2 2 2 2 9 2 9 2 2
left_child=1 5 3 6 7 -1 -3 -5 10 -10 12 -12 -4 -14
right_child=-2 2 8 4 -6 -7 -8 -9 9 -11 11 -13 13 -15
leaf_value=-0.012225694498596658 -0.017241870601621339 -0.0097604611092877644 0.0011899591949253799 -0.036517352757784373 -0.064184701242944342 0.033980889199515481 0.029424848686357148 0.0025507652897349005 0.0074221364075555893 -7.1804807704000653e-05 -0.016866566063627363 0.017004865995413062 -0.0047675218735521996 0.002750775109326184
leaf_weight=55.295108765363693 156.8850182890892 75.526654839515686 14780.518709868193 50.032740488648415 62.81672902405262 97.44066347181797 56.66612796485424 84.074528187513351 2789.8806571364403 6737.8715033531189 127.48011489212513 583.19736312329769 10101.17167159915 4315.8605031967163
leaf_count=226 636 308 59826 201 253 413 236 339 11341 27378 516 2364 40734 17498
internal_value=0.000105712 0.000176167 0.00010785 -0.0152842 -0.0303839 0.0173637 0.00746059 -0.0127775 0.000238354 0.00213247 -0.000365136 0.0108486 -0.000640064 -0.00251634
internal_weight=40074.7 39917.8 39765.1 329.117 196.924 152.736 132.193 134.107 39436 9527.75 29908.2 710.677 29197.6 14417
internal_count=162269 161633 160994 1337 793 639 544 540 159657 38719 120938 2880 118058 58232
cat_boundaries=0 2 4
cat_threshold=3892578313 8431 8716833 98368
is_linear=0
shrinkage=0.05


Tree=100
num_leaves=15
num_cat=7
split_feature=36 40 23 40 22 40 36 40 40 12 27 18 40 40
split_gain=16.4324 53.1876 15.0305 22.8274 22.0955 27.7171 33.4726 25.5254 24.0675 20.909 22.9978 19.5326 17.8248 16.741
threshold=-0.084347128868103013 0 -0.090821430087089525 1 0.26874999701976782 2 0.082334700971841826 3 4 0.25788407027721411 5.5000000000000009 0.023458719253540043 5 6
decision_type=2 9 10 9 10 9 2 9 9 2 2 2 9 9
left_child=1 -1 3 -2 7 6 -6 -4 -8 10 12 13 -9 -5
right_child=2 -3 4 11 5 -7 8 9 -10 -11 -12 -13 -14 -15
leaf_value=-0.0023375230864188085 0.0016039247238694061 0.01116503438833976 -0.0059354885381740765 0.0061082241194972096 0.0018510214389047134 -0.0019678790683245509 -0.00065131318974414123 -0.011398806560288957 -0.018760997588882816 0.018262923307339193 0.0096187574571811717 -0.0059605827900670403 0.0057934218083219476 -0.004057472904883749
leaf_weight=1700.1228111982346 2547.2744690179825 1258.2078893333673 438.12267507612705 726.38299342989922 13011.294091939926 12834.590480282903 408.7823932915926 292.62171682715416 328.7228966653347 352.87904186546803 930.97438225150108 4018.6529171317816 283.21302588284016 877.68493369221687
leaf_count=6936 10295 5165 1773 2933 52768 51875 1653 1179 1327 1432 3768 16237 1143 3540
internal_value=-0.000140149 0.0034425 -0.000426764 -0.00231953 0.000108802 -0.000297972 0.0012612 0.00480738 -0.00906337 0.00734254 0.00477842 -0.00409329 -0.00305396 0.000560255
internal_weight=40009.5 2958.33 37051.2 8170 28881.2 26583.4 13748.8 2297.81 737.505 1859.69 1506.81 5622.72 575.835 1604.07
internal_count=162024 12101 149923 33005 116918 107623 55748 9295 2980 7522 6090 22710 2322 6473
cat_boundaries=0 2 4 6 8 10 12 14
cat_threshold=1817213218 52410 1900357643 5760 709084019 107754 809558161 98306 138412066 1192 8388676 17800 135970944 84084
is_linear=0
shrinkage=0.05


Tree=101
num_leaves=15
num_cat=0
split_feature=22 34 10 34 34 27 11 27 27 17 35 27 37 22
split_gain=18.9227 17.6977 42.3428 22.1602 70.1382 37.6912 49.2486 32.5948 33.5538 28.3661 39.1975 44.979 40.9558 28.8976
threshold=0.75185000896453869 0.65775698423385631 0.0072071717586368331 0.23343458026647571 0.22909662872552874 11.500000000000002 0.65070217847824108 4.5000000000000009 10.500000000000002 0.033731896430253989 1.5182156562805178 9.5000000000000018 -0.24490206688642499 0.20605000108480456
decision_type=10 2 2 2 2 2 2 2 2 2 2 2 2 10
left_child=1 3 -3 4 -1 9 -7 -6 -9 -5 11 12 -11 -13
right_child=-2 2 -4 5 7 6 -8 8 -10 10 -12 13 -14 -15
leaf_value=-0.00074863004742126453 0.003198975496991328 0.011222224357945225 -0.048214047689158213 0.0047817519451697887 0.0011571384540017069 0.04296370934648281 -0.0027358425305749495 -0.050945994617536107 -0.0075030657230609199 0.026810058416983092 0.013351637878984787 0.011419258826521114 -0.0033560478622761203 -0.026554230302026027
leaf_weight=29669.251594662666 3838.1497483998537 54.60152205824852 57.254543945193291 3116.726134955883 80.327189743518829 122.68038220703602 108.11400400102139 129.41574312746525 69.768894985318184 114.67029164731503 347.13746054470539 56.530278325080872 1876.1924570500851 307.44926941394806
leaf_count=119953 15591 232 253 12653 326 508 437 522 287 475 1417 229 7642 1255
internal_value=-0.000136357 -0.000491402 -0.0199192 -0.000428138 -0.000985861 0.00233064 0.0219308 -0.0256939 -0.03631 0.0015342 -0.00221192 -0.00453175 -0.00155322 -0.0205681
internal_weight=39948.3 36110.1 111.856 35998.3 29948.8 6049.5 230.794 279.512 199.185 5818.71 2701.98 2354.84 1990.86 363.98
internal_count=161780 146189 485 145704 121088 24616 945 1135 809 23671 11018 9601 8117 1484
is_linear=0
shrinkage=0.05


Tree=102
num_leaves=15
num_cat=4
split_feature=27 15 34 34 34 34 40 40 40 37 34 40 34 34
split_gain=17.0971 41.9573 44.1572 53.772 58.6511 65.6593 70.8012 53.2353 48.5216 43.2896 35.1082 47.7443 38.2894 60.6924
threshold=2.5000000000000004 0.040561569854617126 0.10561449080705644 0.11304940655827524 0.11683140695095064 0.13026504963636401 0 1 2 -0.083383407443761812 0.14463817328214648 3 0.1601076275110245 0.15389832109212878
decision_type=2 2 2 2 2 2 9 9 9 2 2 9 2 2
left_child=1 2 7 -4 -5 6 -6 -1 -7 -3 11 -10 13 -12
right_child=-2 9 3 4 5 8 -8 -9 10 -11 12 -13 -14 -15
leaf_value=0.012947404581208265 0.0004605198476420574 0.0095332625335476495 0.025103162897781223 -0.024241921836172572 -0.0047465284577076824 -0.011674130937441407 0.02616674903395776 -0.017717065540460934 0.0069074318784307191 -0.032473679491392439 0.001536251249025084 -0.020647069512655408 0.0002188724546146859 0.034068037907431792
leaf_weight=166.68129622936249 33543.654095202684 82.782950192689896 204.22984145581722 247.7260567843914 306.65665794909 976.21054574847221 449.25907275080681 704.36696065962315 259.69378396868706 210.85737456381321 354.29809229075909 367.86200127005577 1893.2004892379045 236.78714868426323
leaf_count=671 135918 340 828 1000 1237 3933 1818 2871 1045 856 1425 1480 7641 953
internal_value=6.67264e-06 -0.00234747 -0.00145902 0.000259906 -0.000759235 0.000464424 0.0139521 -0.0118575 -0.00204234 -0.020653 0.00102567 -0.00948936 0.00370172 0.0147532
internal_weight=40004.3 6460.61 6166.97 5295.92 5091.69 4843.97 755.916 871.048 4088.05 293.64 3111.84 627.556 2484.29 591.085
internal_count=162016 26098 24902 21360 20532 19532 3055 3542 16477 1196 12544 2525 10019 2378
cat_boundaries=0 2 4 6 8
cat_threshold=914166350 8273 29458432 34368 152185344 67088 302105008 57537
is_linear=0
shrinkage=0.05


Tree=103
num_leaves=15
num_cat=0
split_feature=28 34 26 26 33 33 33 33 34 34 34 34 4 39
split_gain=17.5602 30.8194 49.8854 40.549 35.4397 35.2306 33.7007 32.4183 30.9736 43.6681 29.1664 51.2439 51.6808 44.6337
threshold=1.0000000180025095e-35 0.087557714432477965 3.5000000000000004 2.5000000000000004 0.021049814298748974 -0.0028888122178614135 0.0003616187750594691 0.018548119813203815 0.28250770270824438 0.20259586721658709 0.24923912435770038 0.29877212643623358 0.0098829269409179705 -0.25769478082656855
decision_type=2 2 2 2 2 2 2 2 2 2 2 2 2 2
left_child=10 3 4 -2 7 -4 -7 -3 9 -8 -1 12 -12 -13
right_child=1 2 5 -5 -6 6 8 -9 -10 -11 11 13 -14 -15
leaf_value=-0.00089422923775190266 -0.028539507391324648 0.0060219376664636184 -0.023947924882911864 0.0086839410651501393 0.03276594667120751 0.02637167074963849 -0.0084016694286058458 -0.028826702462770817 -0.035718353504126645 0.022262017391713435 -0.0001137047877479741 0.0045835891527121484 0.014975898058822915 -0.0081487177308526369
leaf_weight=29659.467975407839 167.87783175706863 3788.7947751581669 212.54109814763069 123.34330444037914 117.54681114852428 92.188996568322182 510.27884444594383 63.009352326393127 68.658566385507584 144.87091526389122 974.71259473264217 1457.2534831464291 1350.5619947165251 1295.3953554779291
leaf_count=119719 687 15550 863 497 508 378 2089 259 283 599 3955 5979 5496 5263
internal_value=0.000114148 0.00279673 0.00372295 -0.0128766 0.00626539 -0.00606688 -0.00128588 0.00541394 -0.00497214 -0.00149629 -0.000294501 0.00320488 0.00866179 -0.00141033
internal_weight=40026.5 5289.11 4997.89 291.221 3969.35 1028.54 815.997 3851.8 723.808 655.15 34737.4 5077.92 2325.27 2752.65
internal_count=162125 21713 20529 1184 16317 4212 3349 15809 2971 2688 140412 20693 9451 11242
is_linear=0
shrinkage=0.05


Tree=104
num_leaves=15
num_cat=4
split_feature=1 40 10 34 34 40 40 34 1 34 4 39 40 34
split_gain=17.7195 39.5572 32.0375 40.2912 46.9923 41.0907 30.6888 27.7188 48.1353 22.8064 32.8325 22.5592 21.5406 20.4255
threshold=0.082876205444335951 0 0.0061471960507333287 0.65775698423385631 0.3695881068706513 1 2 0.56372356414794933 -0.029733896255493161 0.25864879786968237 -0.6791957914829253 -0.33148910105228419 3 0.38200022280216223
decision_type=2 9 2 2 2 9 9 2 2 2 2 2 9 2
left_child=2 -2 7 4 5 -4 -6 12 -9 -7 -11 -8 -1 -14
right_child=1 -3 3 -5 6 9 11 8 -10 10 -12 -13 13 -15
leaf_value=0.0005797496416040795 0.0013566808902800345 -0.012619548400051764 0.0075697428080212506 -0.037040265029219969 0.03594263414802884 0.00022559265435357322 0.027914411029005572 0.03584673311391303 -0.0075615029391040344 0.021678782769887189 -0.020690895858018532 -0.0079173959357668518 -0.001758685924925943 -0.015251196991323638
leaf_weight=16368.290047258139 1159.0694077312946 883.2242955416441 2342.9499443769455 55.234256818890572 168.88731624186039 2216.9641883820295 65.455361038446426 133.16297568380833 115.7615752518177 50.330389752984047 274.04682274162769 112.21490263938904 15711.162874802947 280.82148425281048
leaf_count=66405 4684 3570 9465 240 692 8930 270 571 478 208 1110 458 63556 1145
internal_value=-0.000225334 -0.0047562 1.9312e-05 0.00362838 0.00409373 0.00281863 0.0217548 -0.000566047 0.0158888 -0.00158937 -0.0138723 0.00536504 -0.000695211 -0.00199937
internal_weight=39937.6 2042.29 37895.3 5286.08 5230.85 4884.29 346.558 32609.2 248.925 2541.34 324.377 177.67 32360.3 15992
internal_count=161782 8254 153528 21373 21133 19713 1420 132155 1049 10248 1318 728 131106 64701
cat_boundaries=0 2 4 6 8
cat_threshold=624095422 32018 743074090 117148 1482223744 103993 4169505510 3810
is_linear=0
shrinkage=0.05


Tree=105
num_leaves=15
num_cat=6
split_feature=21 40 8 40 33 23 40 40 40 17 40 12 14 10
split_gain=18.3545 44.5799 34.7094 42.1482 23.9312 28.6735 34.0642 27.2875 24.0435 25.8053 25.564 24.8995 22.7735 21.8857
threshold=1.2894890904426577 0 32.324054718017585 1 0.0069513744674623021 -0.24404999613761899 2 3 4 0.021064860746264461 5 0.086623229086399092 0.011513090226799251 -0.0052082943730056277
decision_type=2 9 2 9 2 10 9 9 9 2 9 2 2 2
left_child=2 -2 3 -1 5 6 -4 -6 -7 13 11 -11 -3 -10
right_child=1 12 4 -5 7 8 -8 -9 9 10 -12 -13 -14 -15
leaf_value=-0.00065659873001972869 0.0017976858389812619 0.0095593922824396688 -0.015520148260420653 0.018077997260580982 0.0057286143510287017 0.001500316859646929 0.0010749721714011331 -3.6874123174490681e-05 0.0036716887170135703 -0.015306195418244906 -0.00096317224445374976 0.011064382496043329 -0.0065608653771158021 -0.0048961739943310769
leaf_weight=593.62458126246929 3825.91390183568 227.37029860913754 664.17084850370884 598.48967856168747 3700.5440801531076 10731.693263620138 571.1437823921442 4589.9001035243273 852.40766622126102 95.15955975651741 3026.6799290627241 872.52058701217175 3955.4870655238628 5724.4611306935549
leaf_count=2413 15502 921 2677 2465 15062 43463 2304 18667 3446 383 12246 3530 16026 23055
internal_value=3.75403e-05 -0.0021024 0.000573165 0.0089265 0.000248592 -0.000596192 -0.00798648 0.00254478 -0.000165636 -0.00185692 0.00130933 0.00831518 -0.00565953 -0.00378301
internal_weight=40029.6 8008.77 32020.8 1192.11 30828.7 22538.2 1235.31 8290.44 21302.9 10571.2 3994.36 967.68 4182.86 6576.87
internal_count=162160 32449 129711 4878 124833 91104 4981 33729 86123 42660 16159 3913 16947 26501
cat_boundaries=0 2 4 6 8 10 12
cat_threshold=3293671434 57055 268982300 56759 1252475332 104536 2639153872 29104 1050839415 100952 279176 261
is_linear=0
shrinkage=0.05


Tree=106
num_leaves=15
num_cat=2
split_feature=2 27 39 27 16 15 16 39 41 41 27 7 15 27
split_gain=22.4794 32.0293 31.4832 26.8194 31.0957 34.6221 29.9783 36.1306 25.0237 21.9291 25.3384 23.3144 18.6479 62.5268
threshold=-0.1358077526092529 4.5000000000000009 -0.39131057262420649 10.500000000000002 1.0826436281204226 0.025950312614440921 1.1792925000190737 -0.39913479983806605 0 1 6.5000000000000009 -0.1272495165467262 0.043302718549966819 3.5000000000000004
decision_type=2 2 2 2 2 2 2 2 1 1 2 2 2 2
left_child=1 2 -1 6 -5 -6 7 -3 -4 10 -9 -11 -2 -14
right_child=12 3 8 4 5 -7 -8 9 -10 11 -12 -13 13 -15
leaf_value=0.030368979726814044 2.9355989889475991e-05 -0.023048118166295824 -0.01078804078526765 0.032747284167886574 0.028653725751939363 -0.016571960489957169 0.0063641221570205023 -0.0099963974938737134 0.013766393394774876 0.021954129237151947 0.031675605811057793 -0.013088266383185063 -0.030966628530542245 -0.00020661490413464742
leaf_weight=201.11155392229557 36701.547582447529 267.9133372604847 134.56772375106812 127.66801300644875 62.820701405405998 107.52576105296612 609.80028487741947 55.62373560667038 343.16095924377441 51.91517336666584 90.618362814188004 286.92066611349583 207.44751216471195 744.81266376376152
leaf_count=825 148545 1087 550 531 260 458 2511 227 1407 212 372 1167 845 3034
internal_value=0.000145441 0.00489565 0.0140039 0.00113886 0.0145969 0.000419417 -0.00184307 -0.00849429 0.00686108 -0.000292733 0.0149945 -0.00725255 -0.000150195 -0.00703958
internal_weight=39993.5 2339.65 678.84 1660.81 298.014 170.346 1362.79 752.991 477.729 485.078 146.242 338.836 37653.8 952.26
internal_count=162031 9607 2782 6825 1249 718 5576 3065 1957 1978 599 1379 152424 3879
cat_boundaries=0 1 2
cat_threshold=102 3113
is_linear=0
shrinkage=0.05


Tree=107
num_leaves=15
num_cat=5
split_feature=34 34 40 10 40 34 16 40 27 28 34 40 4 40
split_gain=20.6849 60.0443 42.6547 36.8669 31.3392 31.0945 44.5226 56.1559 42.8088 64.1967 52.2125 39.9919 32.4669 30.8909
threshold=0.13187970966100696 0.12308578938245775 0 -0.0082708369009196741 1 0.14118858426809314 0.77653542160987865 2 11.500000000000002 1.0000000180025095e-35 0.14031194150447848 3 0.12457299232482912 4
decision_type=2 2 9 2 9 2 2 9 2 2 2 9 2 9
left_child=1 2 3 -1 -3 8 7 12 10 -10 13 -8 -7 -2
right_child=5 4 -4 -5 -6 6 11 -9 9 -11 -12 -13 -14 -15
leaf_value=0.018862632101114132 0.0016652868811244351 0.014456991795510339 -0.0029988625719764442 0.0019689518253137544 0.0037179232463017634 -0.0089436704387882687 -0.0034469126394827141 0.011368206253868807 0.023139943418326869 -0.024464391160936658 -0.022938999039165887 0.0012792316227635114 0.0050551414103769563 -0.0087904878996536203
leaf_weight=337.72363786399364 1211.5563762038946 1118.9183913618326 6100.3568638265133 5667.9473421573639 1771.4723242968321 772.93549938499928 9076.9404157698154 1732.8074119091034 272.59911784529686 90.472434267401695 434.91543500125408 8805.1200134754181 880.72515031695366 1673.455823674798
leaf_count=1383 4888 4540 24654 22961 7189 3132 36805 7026 1109 372 1754 35710 3577 6751
internal_value=2.17865e-05 0.00148921 -5.73597e-05 0.00292981 0.00795748 -0.000860091 -0.00012489 0.00512737 -0.00509844 0.0110928 -0.00688466 -0.00112099 -0.00148331 -0.00442724
internal_weight=39947.9 14996.4 12106 6005.67 2890.39 24951.5 21268.5 3386.47 3683 363.072 3319.93 17882.1 1653.66 2885.01
internal_count=161851 60727 48998 24344 11729 101124 86250 13735 14874 1481 13393 72515 6709 11639
cat_boundaries=0 2 4 6 8 10
cat_threshold=209392181 80824 2486335888 33450 3917095029 31274 1578715926 112528 3322220962 95050
is_linear=0
shrinkage=0.05


Tree=108
num_leaves=15
num_cat=6
split_feature=14 40 34 40 34 10 40 40 6 34 40 37 40 30
split_gain=18.7958 43.7364 21.3587 49.1609 21.329 50.349 39.8961 38.4467 36.3219 33.3297 57.8654 53.4163 42.1931 40.2019
threshold=0.010593553073704244 0 0.089139107614755644 1 0.13187970966100696 -0.0064493599347770205 2 3 0.18187922984361651 0.19011478871107104 4 0.083525769412517561 5 0.92940199375152599
decision_type=2 9 2 9 2 2 9 9 2 2 9 2 9 2
left_child=1 -1 3 -2 5 7 8 -4 -7 10 11 -6 -11 -13
right_child=2 -3 4 -5 9 6 -8 -9 -10 12 -12 13 -14 -15
leaf_value=-0.0076200107127247091 0.005314005497853826 0.0075209577000742685 -0.00053095501954658207 -0.010532506756952751 -0.008570002829885159 0.0046080527594397859 -0.0026129476670534624 0.017820356982377723 -0.01802068130121106 0.0078814265378000948 0.00042867638781553339 0.0091149349543255872 -0.00020731160798514211 -0.017135121642481856
leaf_weight=606.44858221709728 737.29694990813732 2066.5644995570183 449.06580799818039 1405.2233294844627 4652.1800228059292 4813.8010735362768 4773.9710086733103 790.39305949211121 179.17823493480682 1929.0622482597828 7194.4581606835127 792.44325818121433 9441.38603708148 173.61538110673428
leaf_count=2450 2977 8378 1833 5680 18764 19512 19285 3242 723 7850 29087 3214 38406 700
internal_value=2.9396e-05 0.00407575 -0.0002607 -0.00510161 3.458e-05 0.00185888 0.000651143 0.011331 0.00377024 -0.000795717 -0.00254402 -0.00633809 0.00117416 0.00432831
internal_weight=40005.1 2673.01 37332.1 2142.52 35189.6 11006.4 9766.95 1239.46 4992.98 24183.1 12812.7 5618.24 11370.4 966.059
internal_count=162101 10828 151273 8657 142616 44595 39520 5075 20235 98021 51765 22678 46256 3914
cat_boundaries=0 2 4 6 8 10 12
cat_threshold=36192264 5683 613441914 9746 1551452732 103344 4250042848 5636 209011213 7355 671367177 11
is_linear=0
shrinkage=0.05


Tree=109
num_leaves=15
num_cat=5
split_feature=25 40 18 40 33 26 34 40 34 34 34 40 33 40
split_gain=16.8706 26.0236 19.2731 25.0008 17.8097 69.2348 58.4288 27.5287 18.7043 19.4378 56.6565 45.054 31.0097 28.5528
threshold=-0.0099749965593218786 0 0.090456422418355956 1 -0.016752220690250393 3.5000000000000004 0.27584113180637365 2 0.60323816537857067 0.23343458026647571 0.22662473469972613 3 0.021049814298748974 4
decision_type=2 9 2 9 2 2 2 9 2 2 2 9 2 9
left_child=1 -1 4 -4 5 7 -7 -2 9 10 12 -11 13 -6
right_child=2 -3 3 -5 8 6 -8 -9 -10 11 -12 -13 -14 -15
leaf_value=0.008246964596106866 -0.0091947495039938956 7.6283132710859352e-05 -0.016121444053547661 0.0016135925281489665 0.0012929114230101903 -0.041086824565061623 0.0079304939734420373 0.006709923250590214 -0.019508927884144954 0.0086527971256991458 -0.020016172147847254 -0.0013929867138072823 0.012936355413094174 -0.0018884869982434178
leaf_weight=1506.3163033127785 450.11444935202599 2726.1508823782206 418.54474283754826 368.32790479063988 14217.813776224852 207.49779517948627 82.931201934814453 640.47944718599319 116.43139953911304 2044.4862979203463 355.70615915954113 2432.2088313102722 445.67431390285492 13964.78223079443
leaf_count=6140 1823 11097 1706 1503 57609 835 337 2596 497 8327 1444 9880 1839 56363
internal_value=2.81685e-05 0.00301131 -0.00032529 -0.00803896 -0.000150395 -0.00570475 -0.0271758 0.000106432 7.87219e-05 0.000149934 -0.0003237 0.0032145 -7.53943e-05 -0.000283595
internal_weight=39977.5 4232.47 35745 786.873 34958.1 1381.02 290.429 1090.59 33577.1 33460.7 28984 4476.7 28628.3 28182.6
internal_count=161996 17237 144759 3209 141550 5591 1172 4419 135959 135462 117255 18207 115811 113972
cat_boundaries=0 2 4 6 8 10
cat_threshold=538927175 90372 1119988149 102050 2351662066 16816 3966519439 36169 3535969142 68280
is_linear=0
shrinkage=0.05


Tree=110
num_leaves=15
num_cat=2
split_feature=8 15 37 27 34 34 34 41 8 27 24 3 41 25
split_gain=17.9132 21.2357 19.6234 33.5397 47.3634 43.343 34.8139 34.4088 31.4892 40.6006 27.4013 22.3399 21.5129 20.635
threshold=77.333190917968764 0.012445594649761917 0.13996398448944095 5.5000000000000009 0.32003900408744818 0.21141313016414645 0.13230384141206744 0 61.802419662475593 8.5000000000000018 -34.914043426513665 0.068761110305786147 1 0.0087473667226731795
decision_type=2 2 2 2 2 2 2 1 2 2 2 2 1 2
left_child=2 -2 13 4 7 6 10 -4 9 -7 -5 -11 -10 -1
right_child=1 -3 3 5 -6 8 -8 -9 12 11 -12 -13 -14 -15
leaf_value=0.00029094792466919284 0.018329894842853117 -0.011352855588888352 -0.0070025859212946217 -0.015136496337726044 0.034142314927338956 -0.018721258016261368 0.015824620753570381 0.015588434369617524 -0.0070570789999836033 0.045435890911875249 0.017392834020710783 0.0012582214907649559 -0.036986453597908524 -0.0036514940133222048
leaf_weight=33577.700289189816 62.678631007671356 569.74889102578163 284.58482843637466 220.44612412154675 190.16758087277412 112.66211119294167 453.81370115280151 378.88448220491409 140.57121649384499 51.626281455159187 86.023566633462906 58.931647047400475 126.69779227674007 3677.9833507090807
leaf_count=136068 253 2298 1154 896 788 462 1850 1541 569 213 351 241 512 14883
internal_value=3.21661e-05 -0.00828251 0.000166926 0.00485853 0.0124682 -0.000359944 0.00709704 0.00603943 -0.0118837 0.00197407 -0.00585709 0.0230041 -0.0232997 -9.85643e-05
internal_weight=39992.5 632.428 39360.1 2104.41 853.637 1250.77 760.283 663.469 490.489 223.22 306.47 110.558 267.269 37255.7
internal_count=162079 2551 159528 8577 3483 5094 3097 2695 1997 916 1247 454 1081 150951
cat_boundaries=0 1 2
cat_threshold=6616 653
is_linear=0
shrinkage=0.05


Tree=111
num_leaves=15
num_cat=4
split_feature=17 40 34 34 40 34 4 40 6 40 24 15 15 4
split_gain=15.6622 42.7993 27.4126 46.6921 43.8842 32.8674 23.0885 39.7362 33.3256 51.5931 30.6178 27.2832 26.8318 30.3956
threshold=0.032605472952127464 0 0.28786577284336096 0.29877212643623358 1 0.31123723089694982 0.19046783447265628 2 0.12544550746679309 3 -36.848669052124016 0.033683007583022125 0.019268963485956195 0.60950052738189708
decision_type=2 9 2 2 9 2 2 9 2 9 2 2 2 2
left_child=2 -2 6 -4 -5 -6 -1 11 -9 -10 -11 12 13 -8
right_child=1 -3 3 4 5 -7 7 8 9 10 -12 -13 -14 -15
leaf_value=-0.0012277989365868942 -0.0066318449398782026 0.0019590285485426157 0.026182441944553721 -0.01951471186106268 -0.010029202141738049 0.014827512791686035 0.018526438190309562 0.0012714274503572319 -0.021184121812652931 -0.022257082454908969 0.0049410551331556148 0.0411706716199743 0.0017021042425364248 -0.01025938736191756
leaf_weight=18426.939992532134 3070.8726375252008 2726.3336860984564 261.81470441818237 170.12596786022186 178.53186702728271 483.17501264810562 633.14081765711308 11789.022126689553 421.6123673915863 118.69078204035759 627.93295732140541 57.107351332902908 942.81065499782562 103.56473734974861
leaf_count=74457 12515 11128 1072 691 726 1968 2571 47833 1705 479 2538 232 3826 422
internal_value=-0.000198547 -0.00260068 0.000208639 0.00797883 0.00212117 0.0079691 -4.89473e-05 0.00142897 0.000471418 -0.00756445 0.000484965 0.00849723 0.00731482 0.0144312
internal_weight=40011.7 5797.21 34214.5 1093.65 831.833 661.707 33120.8 14693.9 12957.3 1168.24 746.624 1736.62 1679.52 736.706
internal_count=162163 23643 138520 4457 3385 2694 134063 59606 52555 4722 3017 7051 6819 2993
cat_boundaries=0 2 4 6 8
cat_threshold=694358320 48618 269060112 80784 96 392 2047598731 98880
is_linear=0
shrinkage=0.05


Tree=112
num_leaves=15
num_cat=0
split_feature=24 34 17 33 33 28 34 34 10 3 39 8 27 27
split_gain=19.2137 23.0967 21.7456 27.2653 19.16 18.5665 31.7057 55.5885 65.7055 39.9283 33.688 32.5903 30.055 81.0702
threshold=-37.535898208618157 0.07441627606749536 0.013502952642738821 -0.0012584175565280018 -0.0041360643226653329 1.0000000180025095e-35 0.42717051506042486 0.26499013602733618 -0.0079223150387406332 0.19349670410156253 -0.37030580639839167 57.334440231323249 5.5000000000000009 3.5000000000000004
decision_type=2 2 2 2 2 2 2 2 2 2 2 2 2 2
left_child=1 -1 3 4 -2 -4 7 9 -9 12 -10 -11 13 -7
right_child=2 -3 5 -5 -6 6 -8 8 10 11 -12 -13 -14 -15
leaf_value=0.017091075350990064 0.0029130647787101371 -0.0035948832663942839 -0.00053114892703695887 0.0077963243568199506 -0.01065507674003984 0.0070310063832215164 0.025793808233848581 -0.051405020910422011 0.022521564849193057 0.033305912226755947 -0.012751457635853537 0.0084566613112518046 0.0061211975642829555 -0.018414677101975831
leaf_weight=133.90727844834328 727.01157109439373 4762.971510514617 27662.039633199573 2003.9290978461504 398.6692112237215 713.57572187483311 142.67302580177784 89.268230736255646 83.55123433470726 177.61972193419933 283.1520421653986 498.95221504569054 1680.4393070191145 549.82273982465267
leaf_count=542 2936 19243 111919 8121 1608 2919 605 364 354 746 1158 2056 6931 2246
internal_value=-7.93851e-05 -0.00301134 0.00033093 0.00430469 -0.00191365 -5.96112e-05 0.00302779 0.00219913 -0.0141569 0.00427715 -0.00450641 0.0151841 0.00174724 -0.00406778
internal_weight=39907.6 4896.88 35010.7 3129.61 1125.68 31881.1 4219.05 4076.38 455.972 3620.41 366.703 676.572 2943.84 1263.4
internal_count=161748 19785 141963 12665 4544 129298 17379 16774 1876 14898 1512 2802 12096 5165
is_linear=0
shrinkage=0.05


Tree=113
num_leaves=15
num_cat=6
split_feature=29 10 40 21 40 32 10 40 5 40 22 40 25 40
split_gain=18.3925 20.6518 48.5127 23.9976 22.2447 21.945 18.6694 28.2309 21.2732 26.0699 23.3459 20.7628 19.9507 17.7392
threshold=0.56330129504203807 -0.0097497133538126928 0 1.2501494884490969 1 0.38832199573516851 0.0048929196782410153 2 0.0016671899938955905 3 0.73785001039505016 4 -0.017947000451385971 5
decision_type=2 2 9 2 9 2 2 9 2 9 10 9 2 9
left_child=1 2 -1 5 -3 -4 8 -8 9 -6 11 -10 -9 -2
right_child=13 4 3 -5 6 -7 7 12 10 -11 -12 -13 -14 -15
leaf_value=0.014887824612983176 0.00063251507463114322 0.0027859951524965487 -0.005925492775718853 -0.0114486881860451 -0.005210345753833865 0.010922684806894208 0.012251670899977205 0.016210503800918857 -0.011568838912333979 0.0015618756537484366 0.0073693829240166807 -0.003032783119194026 -0.0010241636436283113 -0.002576399193697794
leaf_weight=819.50553941726685 7116.3081865161657 6428.6526431143284 325.22859968245029 365.96933262050152 1922.9678929895163 461.80733926594257 598.8576734662056 176.31168748438358 1186.6605598032475 5312.6598204821348 335.19283272325993 1828.3234136849642 2266.380021199584 10877.387949571013
leaf_count=3375 28762 26139 1332 1499 7787 1894 2428 719 4797 21584 1361 7400 9167 43975
internal_value=-0.000122404 0.00084612 0.00572127 -0.000946134 0.000365092 0.00396071 -0.000778669 0.0026698 -0.00177149 -0.000244639 -0.00506239 -0.00645607 0.000247341 -0.00130829
internal_weight=40022.2 22028.5 1972.51 1153.01 20056 787.036 13627.4 3041.55 10585.8 7235.63 3350.18 3014.98 2442.69 17993.7
internal_count=162219 89482 8100 4725 81382 3226 55243 12314 42929 29371 13558 12197 9886 72737
cat_boundaries=0 2 4 6 8 10 12
cat_threshold=622148441 76327 1516372258 37060 67125256 1050 621281408 16688 82009 76843 2910851292 1978
is_linear=0
shrinkage=0.05


Tree=114
num_leaves=15
num_cat=3
split_feature=3 40 25 40 34 34 40 5 33 27 33 34 34 27
split_gain=18.2172 19.6354 15.6232 23.0264 18.9297 29.8453 24.1456 23.5138 20.3549 44.2473 35.9672 29.8551 26.8093 60.5113
threshold=0.69456541538238536 0 -0.021530085243284699 1 0.60323816537857067 0.56372356414794933 2 -0.01994465850293636 0.031129541806876663 5.5000000000000009 0.021049814298748974 0.50087584555149089 0.25381019711494451 2.5000000000000004
decision_type=2 9 2 9 2 2 9 2 2 2 2 2 2 2
left_child=2 -2 3 -1 5 8 -6 -7 10 -10 -4 12 -12 -14
right_child=1 -3 4 -5 6 7 -8 -9 9 -11 11 -13 13 -15
leaf_value=-0.00299038763580824 0.0089135560901004076 -0.027373411442625985 -0.00023627998943570973 0.014531207207112155 0.008329464522729986 0.047482723197377869 -0.025221723255547182 0.0032305709636205066 0.0060228516777096584 -0.029874808843753917 0.0045600612965486613 -0.025413281407647523 -0.024941399903883454 0.030364962920906152
leaf_weight=322.58900839090347 49.46805664896965 104.44532285630703 37376.52514256537 426.60030381381512 75.326243370771408 53.695669174194336 145.05566358566284 63.591282680630684 165.91900981962681 169.40741337835789 553.67504474520683 53.155924782156944 54.50697635114193 314.49194870889187
leaf_count=1323 200 424 151311 1748 321 238 626 258 676 692 2286 215 221 1308
internal_value=-3.20547e-05 -0.0169274 3.53179e-05 0.00716327 -0.000102293 -1.82433e-05 -0.0145509 0.0246438 -9.63139e-05 -0.0122705 1.15839e-05 0.00946324 0.011604 0.0219577
internal_weight=39928.5 153.913 39774.5 749.189 39025.4 38805 220.382 117.287 38687.7 335.326 38352.4 975.83 922.674 368.999
internal_count=161847 624 161223 3071 158152 157205 947 496 156709 1368 155341 4030 3815 1529
cat_boundaries=0 2 4 6
cat_threshold=71307264 1026 2135906816 1123 184945634 16384
is_linear=0
shrinkage=0.05


Tree=115
num_leaves=15
num_cat=2
split_feature=18 33 40 33 34 40 34 34 34 33 33 27 33 34
split_gain=17.8912 27.8665 23.1643 15.5557 30.5775 20.6448 18.6691 28.3606 26.063 19.4053 18.5493 31.7171 36.8209 60.1911
threshold=0.087171539664268508 -0.046018458902835839 0 0.021049814298748974 0.35462349653244024 1 0.38200022280216223 0.42717051506042486 0.52650606632232677 0.03430359065532685 0.014066354837268593 6.5000000000000009 0.015035798773169519 0.14851592481136325
decision_type=2 2 9 2 2 9 2 2 2 2 2 2 2 2
left_child=3 -2 -3 10 5 -5 -6 -8 -9 -10 -1 -12 13 -13
right_child=1 2 -4 4 6 -7 7 8 9 -11 11 12 -14 -15
leaf_value=0.0004892448236917485 0.021283228812149221 0.0002224255799160201 -0.013161517135962126 0.019518275573293956 -0.03390153487303179 0.0041738459443998229 0.027662230616143181 -0.040468492128673178 -0.019683329144634505 0.018853401160470309 0.0023794302079637184 -0.0012579640590015626 -0.0040110242400582868 -0.041342274506949744
leaf_weight=34862.672667995095 86.72486537694931 587.27497509121895 715.35543230175972 350.89774344861507 52.875394999980927 605.94533178210258 55.171765580773354 50.481070995330811 56.327661693096161 64.885961413383484 1095.8467310070992 178.93002784252167 1020.2869405299425 192.87075661122799
leaf_count=141130 371 2401 2915 1454 214 2512 228 203 233 273 4439 730 4162 784
internal_value=0.000173295 -0.00539061 -0.00724488 0.000374429 0.00588044 0.0101248 -0.00854233 -0.00200673 -0.0120817 0.000835532 0.000191242 -0.00397518 -0.0089717 -0.0223375
internal_weight=39976.5 1389.36 1302.63 38587.2 1236.58 956.843 279.742 226.866 171.695 121.214 37350.6 2487.93 1392.09 371.801
internal_count=162049 5687 5316 156362 5117 3966 1151 937 709 506 151245 10115 5676 1514
cat_boundaries=0 2 4
cat_threshold=762806295 28933 1584021517 4867
is_linear=0
shrinkage=0.05


Tree=116
num_leaves=15
num_cat=4
split_feature=24 40 40 15 27 31 37 40 20 35 27 19 40 37
split_gain=16.5334 29.226 19.156 33.3717 21.0992 17.5101 16.1725 16.4967 16.0407 15.8131 21.26 15.9648 20.1714 16.5284
threshold=-37.382177352905266 0 1 0.018018612638115886 3.5000000000000004 0.36266924440860754 0.083525769412517561 2 0.058015324175357826 2.0937937498092656 5.5000000000000009 -0.0073654353618621817 3 -0.11696884781122206
decision_type=2 9 9 2 2 2 2 9 2 2 2 2 9 2
left_child=1 6 3 -2 -5 -3 -1 -8 -6 11 -11 12 -4 -13
right_child=2 5 9 4 8 -7 7 -9 -10 10 -12 13 -14 -15
leaf_value=0.0019249389298532514 0.023193565225181845 -0.011996215581709546 -0.0078399851937172738 -0.012205795818783144 0.013687049579058542 -0.0034025168540445815 0.0021501288446053777 -0.017634186254452424 -0.0032469779417772988 -0.0054798461862450264 0.021372774966670643 0.0061683335688969606 -0.00038643072790433674 0.00032806804848430418
leaf_weight=3089.1165906041861 243.9410106241703 887.92911292612553 1300.861213311553 188.74716594815254 340.91608163714409 1789.5697468817234 196.18373826146126 212.88552537560463 231.37259681522846 114.16949985921383 193.39973841607571 1263.6478274911642 2950.579617857933 26976.166852846742
leaf_count=12500 998 3576 5270 766 1396 7210 793 864 944 462 782 5200 11949 109359
internal_value=4.35625e-05 -0.0023341 0.000478371 0.0072267 0.00207854 -0.00624803 0.000680716 -0.0085964 0.00686325 0.000268091 0.0114609 0.000160319 -0.00269411 0.000590625
internal_weight=39979.5 6175.68 33803.8 1004.98 761.036 2677.5 3498.19 409.069 572.289 32798.8 307.569 32491.3 4251.44 28239.8
internal_count=162069 24943 137126 4104 3106 10786 14157 1657 2340 133022 1244 131778 17219 114559
cat_boundaries=0 2 4 6 8
cat_threshold=700391608 27144 276824064 16 3145744 520 539673121 98624
is_linear=0
shrinkage=0.05


Tree=117
num_leaves=15
num_cat=4
split_feature=19 6 40 40 29 8 40 26 40 2 13 20 23 39
split_gain=15.5487 21.5714 32.4178 21.0865 17.2652 15.8619 20.803 13.91 14.2391 15.6847 15.3358 13.5095 14.2504 36.0601
threshold=-0.0071433186531066886 -0.14626222103834149 0 1 0.57247900962829601 56.67097473144532 2 1.0000000180025095e-35 3 0.010936141014099123 0.038002111017704017 -2.2882670164108272 -0.32836429774761194 -0.10709542781114577
decision_type=2 2 9 9 2 2 9 2 9 2 2 2 10 2
left_child=3 2 -2 4 -1 7 -7 -5 9 10 -9 -3 13 -13
right_child=1 11 -4 5 -6 6 -8 8 -10 -11 -12 12 -14 -15
leaf_value=0.004387063547485923 -0.0023325747287684952 0.015749712715417464 0.016825854158854996 6.1471713058787521e-05 -0.0047925945292025506 0.0078956116948117449 -0.0075556706618119451 0.0037620018070005194 -0.013846053474831883 0.0096536093840278239 -0.015343805789482502 0.00058754150643373383 0.00036899861456747519 -0.01569793092969075
leaf_weight=1423.1410116106272 405.45198790729046 134.21403557062149 468.89023724198341 431.8544625043869 793.53879532217979 428.79926232993603 412.84062267839909 160.13305407762527 947.94817887246609 154.93081793189049 289.39053301513195 1087.8195153474808 32213.838887736201 488.81247466802597
leaf_count=5770 1673 543 1954 1753 3205 1736 1669 647 3836 627 1175 4406 130551 1978
internal_value=2.99717e-05 0.000406208 0.00813805 -0.00256329 0.00109033 -0.00541261 0.000314707 -0.00786631 -0.010068 -0.00378063 -0.00856026 0.000205617 0.000141408 -0.00449204
internal_weight=39841.6 34799 874.342 5042.58 2216.68 2825.9 841.64 1984.26 1552.4 604.454 449.524 33924.7 33790.5 1576.63
internal_count=161523 141105 3627 20418 8975 11443 3405 8038 6285 2449 1822 137478 136935 6384
cat_boundaries=0 2 4 6 8
cat_threshold=206580704 55074 800401614 33303 545568 22912 1073774641 74848
is_linear=0
shrinkage=0.05


Tree=118
num_leaves=15
num_cat=5
split_feature=34 40 34 34 27 27 40 15 40 40 22 26 4 40
split_gain=15.2518 35.7606 31.6448 43.5047 58.1403 46.6103 47.7407 34.032 51.4326 30.6799 27.5976 27.1758 25.9165 34.4158
threshold=0.099173918366432204 0 0.13090705871582034 0.12308578938245775 11.500000000000002 8.5000000000000018 1 0.022363567724823955 2 3 0.15795000642538073 1.0000000180025095e-35 0.11015200614929201 4
decision_type=2 9 2 2 2 2 9 2 9 9 10 2 2 9
left_child=1 -1 3 7 5 -5 -7 8 -2 -9 -3 -8 -10 -14
right_child=2 10 -4 4 -6 6 11 9 12 -11 -12 -13 13 -15
leaf_value=-0.0080452580138593056 0.0080004193168754477 -0.0238065421074794 -0.00064961675547955033 0.010265218878955699 0.037893117113443321 -0.024449168497593179 0.029782221184714294 -0.016488725162134916 -0.0057084608790446611 -0.00065631426307475379 0.0020109136180793854 -0.0021652748816221026 -0.0038347132757519408 0.0091588664996566753
leaf_weight=1872.0573921948671 2394.8997581601143 102.88022843003273 25294.933265149593 1832.1132511794567 150.93385930359364 204.1701819896698 80.259044989943504 474.41713637113571 1789.0273953080177 834.12346048653126 2545.8542509526014 300.00246733427048 1028.2449551522732 984.36173219978809
leaf_count=7565 9744 416 102587 7440 618 832 327 1921 7221 3380 10301 1217 4167 3989
internal_value=-5.54978e-05 -0.00278859 0.000294059 0.00266353 0.00827507 0.00634869 -0.00590355 0.000738926 0.00228759 -0.00657167 0.000959665 0.00474063 -0.00133328 0.00255128
internal_weight=39888.3 4520.79 35367.5 10072.6 2567.48 2416.54 584.432 7505.07 6196.53 1308.54 2648.73 380.262 3801.63 2012.61
internal_count=161725 18282 143443 40856 10434 9816 2376 30422 25121 5301 10717 1544 15377 8156
cat_boundaries=0 2 4 6 8 10
cat_threshold=3011803776 20841 3393470830 8292 1816238645 22580 1212590724 24578 2173698442 99906
is_linear=0
shrinkage=0.05


Tree=119
num_leaves=15
num_cat=4
split_feature=17 4 40 8 40 12 37 40 40 34 12 15 27 4
split_gain=16.206 27.257 28.024 14.6226 39.0696 19.9565 19.0132 39.5641 29.6235 24.8804 23.6837 39.554 29.1175 33.9004
threshold=0.010236606467515232 0.23022747039794925 0 77.333190917968764 1 0.27854634821414953 0.025905937887728218 2 3 0.20259586721658709 0.44158251583576208 0.042296187952160842 8.5000000000000018 0.66945433616638195
decision_type=2 2 9 2 9 2 2 9 9 2 2 2 2 2
left_child=1 2 -1 6 5 -5 7 -2 10 -9 11 12 13 -8
right_child=3 -3 -4 4 -6 -7 8 9 -10 -11 -12 -13 -14 -15
leaf_value=0.01752489321077667 -0.0033673387413148655 0.023330854584753813 -0.0081680572657672253 0.012240442664843535 -0.022258113572397334 -0.0113435532252588 0.006987134156723359 -0.00052645893956484037 -0.00090169065094804581 0.0046785214824037686 0.021248172877920531 -0.013374118896206348 -0.0004818117943536979 -0.0065348290435197067
leaf_weight=148.60911296308041 9888.8772855699062 191.92207652330399 287.22372479736805 222.15735167264938 251.8153151422739 143.3016424626112 4883.884154483676 7972.6588745117188 8757.4721428155899 3218.3409627974033 173.3317895680666 356.13538627326488 2929.1322243511677 507.77105724811554
leaf_count=602 40057 779 1166 895 1020 577 19808 32229 35503 13128 711 1452 11923 2061
internal_value=-4.71406e-05 0.00789091 0.000892972 -0.000175037 -0.00777883 0.00287347 -5.25974e-05 -0.00106565 0.0011599 0.000970512 0.00319721 0.0028277 0.00352936 0.00570787
internal_weight=39932.6 627.755 435.833 39304.9 617.274 365.459 38687.6 21079.9 17607.7 11191 8850.25 8676.92 8320.79 5391.66
internal_count=161911 2547 1768 159364 2492 1472 156872 85414 71458 45357 35955 35244 33792 21869
cat_boundaries=0 2 4 6 8
cat_threshold=806357256 32781 3574600560 22202 2640894228 119092 2657638676 129332
is_linear=0
shrinkage=0.05


Tree=120
num_leaves=15
num_cat=1
split_feature=23 36 32 33 33 41 27 33 17 37 25 16 25 37
split_gain=16.3191 23.0506 16.1657 20.0912 22.4648 16.6701 16.1442 18.6915 24.634 16.632 18.4405 16.082 15.8022 29.5376
threshold=0.022749998606741432 0.087008383125066771 0.14434523880481723 0.0099724978208541887 0.010445077903568746 0 6.5000000000000009 0.011641846038401129 0.022729959338903431 0.00071867051883600663 0.0022124168463051323 0.74078243970870983 0.0043084656354039916 0.14840021729469302
decision_type=10 2 2 2 2 1 2 2 2 2 2 2 2 2
left_child=12 2 -2 -4 -5 -6 7 -7 -9 -8 11 -11 -1 -14
right_child=1 -3 3 4 5 6 9 8 -10 10 -12 -13 13 -15
leaf_value=0.0001322320935561626 -0.0036535529106248195 -0.0069910869952845393 0.0014894637354415433 0.021120345514930233 -0.0071442803067003624 -0.0046561425699327376 0.010655381174147183 0.021786913877230724 0.0049261811645136024 0.011772515697043486 0.0057502391907993944 -0.015692534187745664 -0.0038509478650405361 0.0096560763842535157
leaf_weight=18440.32619689405 1192.3357250541449 758.20365571975708 11153.17526909709 231.38124738633633 245.79236747324467 162.40654970705509 351.17804634571075 447.99392111599445 424.15589055418968 61.298368960618973 327.64337375760078 283.41356588900089 5430.5845902264118 432.40047320723534
leaf_count=74743 4849 3067 45208 942 1003 659 1445 1822 1735 253 1338 1166 21977 1758
internal_value=0.000223941 0.00148366 0.001918 0.00240484 0.00641894 0.00489776 0.00635598 0.0107776 0.0136675 0.00191297 -0.00269085 -0.0106958 -0.000586611 -0.00284656
internal_weight=39942.3 15639 14880.8 13688.4 2535.26 2303.88 2058.09 1034.56 872.15 1023.53 672.355 344.712 24303.3 5862.99
internal_count=161965 63487 60420 55571 10363 9421 8418 4216 3557 4202 2757 1419 98478 23735
cat_boundaries=0 1
cat_threshold=128
is_linear=0
shrinkage=0.05


Tree=121
num_leaves=15
num_cat=3
split_feature=12 40 24 40 33 21 10 40 24 24 35 1 23 12
split_gain=17.4462 46.3801 19.3773 44.7386 25.3977 27.0609 24.3988 19.1752 33.4411 29.9672 28.0358 22.7499 19.9871 26.1689
threshold=0.051768478006124503 0 -37.052553176879876 1 -0.0044414068106561891 1.4122564792633059 -0.0023378639016300435 2 -30.394951820373532 -28.710628509521481 0.78934678435325634 0.091827869415283217 0.24671428650617602 0.18858531862497332
decision_type=2 9 2 9 2 2 2 9 2 2 2 2 8 2
left_child=1 -1 3 -2 -5 -6 -7 8 11 -10 -11 12 -4 -14
right_child=2 -3 7 4 5 6 -8 -9 9 10 -12 -13 13 -15
leaf_value=0.01163315698651101 -0.011622185668543211 -0.0028157185345321373 0.0037501922078035503 0.00396500346158797 -0.0014489437325608835 -0.024912533956470251 -0.0048005629449143251 -0.00070798782828987222 -0.018897786606726433 0.023105973962107215 -0.013415686443165393 -0.0085043881781760207 -0.012115734654130961 0.0083747444463660638
leaf_weight=1065.0174172967672 1134.2890879511833 1136.5059311389923 8948.2850790917873 1899.06157104671 4894.2262336760759 236.74258933961391 411.43909053504467 18508.297503262758 344.53247305750847 101.86730116605759 98.619591847062111 435.13796065747738 448.92344145476818 232.70006862282753
leaf_count=4324 4572 4600 36355 7683 19796 963 1660 75078 1402 415 404 1766 1817 948
internal_value=-9.88011e-05 0.00422234 -0.000351836 -0.0024401 -0.00101598 -0.00272745 -0.0122884 0.000263328 0.00195653 -0.0100474 0.00522732 0.00261364 0.00312069 -0.00510314
internal_weight=39895.6 2201.52 37694.1 8575.76 7441.47 5542.41 648.182 29118.4 10610.1 545.019 200.487 10065 9629.91 681.624
internal_count=161783 8924 152859 34674 30102 22419 2623 118185 43107 2221 819 40886 39120 2765
cat_boundaries=0 2 4 6
cat_threshold=1129494742 69210 1090783296 37959 4070936680 34516
is_linear=0
shrinkage=0.05


Tree=122
num_leaves=15
num_cat=0
split_feature=24 4 34 17 4 27 12 3 11 17 17 27 34 12
split_gain=18.5105 19.6155 22.6935 20.5936 19.328 23.6195 27.6886 20.0488 17.4132 16.3051 15.9868 15.9788 22.0199 19.8907
threshold=-37.555984497070305 0.23022747039794925 0.13933753967285159 0.013261424843221905 -0.060431480407714837 6.5000000000000009 0.059393163770437248 -0.0016822814941406248 0.40135785937309271 0.0095784375444054621 0.016423152759671215 8.5000000000000018 0.15114464610815051 0.098934166133403792
decision_type=2 2 2 2 2 2 2 2 2 2 2 2 2 2
left_child=1 3 8 4 -1 6 -6 -8 10 -2 -3 12 -4 -14
right_child=9 2 11 -5 5 -7 7 -9 -10 -11 -12 -13 13 -15
leaf_value=-0.027235220622751435 0.018694507237708904 0.021436387507588698 -0.029528482589084672 -0.0022928295418396956 0.019286551993158711 -0.015606567296018892 0.014585642601457564 -0.01591091123072462 0.001539178217874429 0.00042525595610826497 -0.0036204839887129313 0.0042510646925422836 0.017930379689844209 -0.012936240890026322
leaf_weight=151.43452455103397 117.57496017217636 248.56270883977413 123.61212661862373 2034.6516492068768 131.3441845625639 468.25912703573704 67.872542977333069 205.93708084523678 769.28236094117165 35100.954026043415 82.824670240283012 214.41085214912891 69.570222109556198 169.29958236217499
leaf_count=610 477 1011 497 8209 533 1891 275 832 3111 142412 336 871 280 685
internal_value=9.41003e-05 -0.00283847 0.00150161 -0.00521839 -0.0109824 -0.00801975 0.000819939 -0.00820742 0.00570628 0.000489034 0.0151983 -0.00649209 -0.0128317 -0.00374261
internal_weight=39955.6 4737.06 1677.56 3059.5 1024.85 873.413 405.154 273.81 1100.67 35218.5 331.387 576.893 362.482 238.87
internal_count=162030 19141 6791 12350 4141 3531 1640 1107 4458 142889 1347 2333 1462 965
is_linear=0
shrinkage=0.05


Tree=123
num_leaves=15
num_cat=0
split_feature=20 1 37 16 15 24 7 17 16 27 19 2 21 2
split_gain=18.011 14.656 26.4628 36.7576 36.7964 22.9038 18.8163 24.8097 22.6409 25.8561 20.3752 18.671 19.8379 26.4028
threshold=-2.2882670164108272 0.012505292892456056 -0.0376994851976633 1.3323814272880556 0.045503810048103339 -35.309797286987298 0.040307862684130676 0.01365817664191127 1.1627359986305239 3.5000000000000004 0.0064808726310729989 0.070599317550659194 1.2975335717201235 -0.07941794395446776
decision_type=2 2 2 2 2 2 2 2 2 2 2 2 2 2
left_child=-1 11 3 4 -3 6 7 -4 -8 -10 -9 12 13 -2
right_child=1 2 5 -5 -6 -7 8 10 9 -11 -12 -13 -14 -15
leaf_value=0.016974854090534855 0.0048974267092174468 -0.005176127677087884 0.0066640576261147921 -0.021295750441651065 0.027410243485121846 0.0023755841056659049 -0.0062562617469121232 -0.0035921114688008769 -0.015650402498690593 0.0088560459744029246 0.0046307340232921166 0.0041762228953516854 -0.0033770457719467318 -3.5598154212632397e-05
leaf_weight=153.42294590175152 3388.0386778861284 1520.5721725672483 1128.7051393687725 342.14201106131077 86.869893997907639 5043.1182814836502 3155.9494310617447 3217.9379510134459 130.02571764588356 527.03946755826473 978.0923133045435 3621.1926652044058 3128.6272093206644 13512.916297405958
leaf_count=622 13852 6134 4557 1410 353 20439 12740 12961 525 2126 3946 14738 12737 54805
internal_value=0.000149249 8.2107e-05 -0.00107965 -0.00653389 -0.00333245 -0.000327409 -0.00182022 9.95102e-05 -0.00449898 0.00391738 -0.00167095 0.000874726 0.000276699 0.000954158
internal_weight=39934.7 39781.2 16130.5 1949.58 1607.44 14180.9 9137.75 5324.74 3813.01 657.065 4196.03 23650.8 20029.6 16901
internal_count=161945 161323 65191 7897 6487 57294 36855 21464 15391 2651 16907 96132 81394 68657
is_linear=0
shrinkage=0.05


Tree=124
num_leaves=15
num_cat=4
split_feature=21 40 40 3 10 34 10 40 17 34 40 37 31 15
split_gain=16.3109 47.5137 25.7307 34.9451 23.606 22.395 24.751 31.4846 23.1023 21.7602 21.4815 19.4254 19.3891 19.0449
threshold=1.2501494884490969 0 1 0.58222544193267833 -0.017171927727758881 0.20259586721658709 -0.0080947759561240656 2 0.053913066163659103 0.19826731830835345 3 0.19399394094944003 0.74734041094779979 0.016769072972238067
decision_type=2 9 9 2 2 2 2 9 2 2 9 2 2 2
left_child=2 13 3 4 -1 6 7 -4 10 11 12 -8 -7 -2
right_child=1 -3 5 -5 -6 8 9 -9 -10 -11 -12 -13 -14 -15
leaf_value=0.021225248943089595 0.0061630180419061185 -0.0057348441847136396 -0.0054294343334913443 -0.026922296956755548 0.0020894356923372381 0.0065762699314141845 -0.0023389406911160497 0.012317684487895879 -0.012397996976274304 -0.019658069238514472 0.0010770252818913775 0.020342587499891859 0.026280668801501511 -0.00076051089038784532
leaf_weight=158.43440471589565 1501.1096888035536 4408.9944451153278 395.35096018016338 97.862439855933189 12363.959815233946 884.76196148991585 12663.449414342642 639.16908644139767 250.52590928971767 175.57914523780346 3289.1821628510952 90.110981419682503 142.09099972248077 2911.4090487509966
leaf_count=659 6081 17877 1613 399 50201 3603 51180 2605 1046 708 13383 369 579 11812
internal_value=-0.000176631 -0.00207406 0.000360788 0.00210077 0.00234032 -0.000824917 -0.0018195 0.00560343 0.00221208 -0.00241576 0.00307465 -0.00217038 0.00933142 0.0015944
internal_weight=39972 8821.51 31150.5 12620.3 12522.4 18530.2 13963.7 1034.52 4566.56 12929.1 4316.04 12753.6 1026.85 4412.52
internal_count=162115 35770 126345 51259 50860 75086 56475 4218 18611 52257 17565 51549 4182 17893
cat_boundaries=0 2 4 6 8
cat_threshold=3343986726 24175 950174717 74016 3226208258 37056 1074006016 137
is_linear=0
shrinkage=0.05


Tree=125
num_leaves=15
num_cat=5
split_feature=3 40 14 35 24 34 40 12 40 3 9 40 3 40
split_gain=17.8967 55.6544 29.4044 29.8559 36.99 23.4407 76.3292 35.3599 67.9486 36.102 28.0735 48.3766 29.4328 46.5495
threshold=-0.11891818046569823 0 0.013838659506291153 0.64063078165054332 -29.801891326904293 0.35462349653244024 1 0.22614578902721408 2 0.22711300849914554 0.031970338895916946 3 0.16854572296142581 4
decision_type=2 9 2 2 2 2 9 2 9 2 2 9 2 9
left_child=1 2 -1 -4 -5 7 -7 10 -9 -10 12 -12 -2 -14
right_child=5 -3 3 4 -6 6 -8 8 9 -11 11 -13 13 -15
leaf_value=-0.019082256200894033 -0.0012669429636578185 0.0074487817529562423 0.018802855848529577 -0.00078011329958536609 -0.027677407023295932 0.005968028713972286 -0.024733789724757347 -0.0072352187258954911 0.014738572457774522 0.0024736466678549019 0.0012795692041382371 -0.016457466342531986 0.0072491975492001426 -0.0023961243676490166
leaf_weight=233.33449156582355 23323.751175507903 2857.5107565224171 176.93351201713085 2570.7256893515587 129.56369230151176 411.29720668494701 377.84727551043034 880.57681380212307 1266.6337530761957 1142.6440777927637 783.23000456392765 742.08656631410122 2784.2717673778534 2253.0302476137877
leaf_count=942 94392 11669 724 10458 526 1684 1546 3576 5151 4632 3179 3003 11328 9145
internal_value=-9.19382e-05 0.0024319 -0.00219667 -0.000802458 -0.0021213 -0.000535842 -0.00902537 -0.000332426 0.00458328 0.00890407 -0.000874384 -0.00747122 -0.000518162 0.00294568
internal_weight=39933.4 5968.07 3110.56 2877.22 2700.29 33965.4 789.144 33176.2 3289.85 2409.28 29886.4 1525.32 28361.1 5037.3
internal_count=161955 24319 12650 11708 10984 137636 3230 134406 13359 9783 121047 6182 114865 20473
cat_boundaries=0 2 4 6 8 10
cat_threshold=1415184958 61360 400429730 101440 2183602211 79397 2629097572 9913 1823224676 91384
is_linear=0
shrinkage=0.05


Tree=126
num_leaves=15
num_cat=6
split_feature=14 40 10 40 40 5 32 40 3 40 35 4 3 40
split_gain=15.3733 49.1191 18.1201 41.6281 26.701 22.5121 19.6888 19.41 19.3873 36.7998 36.0411 27.8353 24.954 25.4529
threshold=0.010709641966968777 0 0.0043963247444480666 1 2 0.021308338269591335 0.48683299124240881 3 -0.11316382884979247 4 0.93625670671463024 -0.15245079994201657 0.15269494056701663 5
decision_type=2 9 2 9 9 2 2 9 2 9 2 2 2 9
left_child=1 -1 4 -4 6 7 -2 -5 9 10 11 -6 -10 -14
right_child=2 -3 3 5 8 -7 -8 -9 12 -11 -12 -13 13 -15
leaf_value=-0.0050424367609901363 -0.0060005993018780951 0.0085815360099512818 0.0059269184738696247 0.0090612376762774244 -0.039975329766977513 -0.0028882215816991349 -0.00091486797951535921 -0.0013148267764935314 -0.0017822823432022434 0.0071404707011840304 0.0034397601862858687 -0.0082882295283791645 0.0059633823765137539 -0.0013414935342005139
leaf_weight=1033.651570931077 3707.7333924919367 1788.7060585170984 3554.1251539587975 871.91564792394638 95.130689695477486 4210.6828749030828 3914.2370845675468 913.7609683573246 12032.165641054511 2192.5717989355326 484.57303939759731 239.40271562337875 2491.2064408510923 2268.777915135026
leaf_count=4177 15052 7268 14395 3541 387 17009 15903 3711 48724 8953 1966 974 10142 9219
internal_value=4.89136e-05 0.00360259 -0.00022265 0.0016523 -0.000875926 -0.000891717 -0.00338737 0.00380325 9.26825e-05 0.00378353 -0.00520846 -0.0177697 -0.000569849 0.00249251
internal_weight=39798.6 2822.36 36976.3 9550.48 27425.8 5996.36 7621.97 1785.68 19803.8 3011.68 819.106 334.533 16792.1 4759.98
internal_count=161421 11445 149976 38656 111320 24261 30955 7252 80365 12280 3327 1361 68085 19361
cat_boundaries=0 2 4 6 8 10 12
cat_threshold=1386766888 567 2506637320 6559 218251282 99612 168241296 83552 5767336 672 1888295744 17057
is_linear=0
shrinkage=0.05


Tree=127
num_leaves=15
num_cat=6
split_feature=1 40 40 4 40 39 31 40 7 14 30 40 16 40
split_gain=15.942 32.1323 25.4861 25.9286 29.4091 23.5366 21.4428 26.1762 19.1226 28.4854 19.0194 22.7475 18.9468 26.2261
threshold=0.015712857246398929 0 1 -0.0099730491638183576 2 -0.20659141242504117 0.36140660941600805 3 -0.13469959050416944 0.034977611154317863 0.2043135464191437 4 1.1659981012344363 5
decision_type=2 9 9 2 9 2 2 9 2 2 2 9 2 9
left_child=2 -2 12 4 -4 10 7 -7 -5 -10 -3 -12 -1 -14
right_child=1 5 3 8 -6 6 -8 -9 9 -11 11 -13 13 -15
leaf_value=-0.0022971105734059544 0.00092318106990383914 0.013820373401834667 0.0028950464748604119 0.022153128944366818 -0.0054661746055495591 -0.0072051117016862917 -0.0073374398798907899 0.0038982246841247183 0.0036671010339146947 -0.0080305894390021223 0.0065587031659352871 -0.0073154586936038449 0.011236224894512294 -0.0010584081716407613
leaf_weight=8127.3947538882494 7592.2268011718988 271.646723523736 2069.4901411831379 128.1166156232357 2109.3639710843563 942.87693302333355 3815.8452362269163 1176.2786048799753 10127.535099998116 543.74118682742119 545.35273720324039 610.06101541221142 652.1756107956171 1237.2367424964905
leaf_count=32940 30717 1101 8407 534 8580 3799 15386 4759 41223 2226 2210 2473 2651 5039
internal_value=-6.8133e-05 -0.0013593 0.000704277 0.00200903 -0.00133189 -0.00370907 -0.00509982 -0.00106053 0.00330414 0.00306711 0.00204317 -0.000769054 -0.00124702 0.00325492
internal_weight=39949.3 14954.3 24995.1 14978.2 4178.85 7362.06 5935 2119.16 10799.4 10671.3 1427.06 1155.41 10016.8 1889.41
internal_count=162045 60445 101600 60970 16987 29728 23944 8558 43983 43449 5784 4683 40630 7690
cat_boundaries=0 2 4 6 8 10 12
cat_threshold=928797098 21938 2803647362 20884 1208039500 36386 10592784 98309 136325141 65549 18350720 128
is_linear=0
shrinkage=0.05


Tree=128
num_leaves=15
num_cat=4
split_feature=17 40 23 40 27 40 4 16 27 2 40 3 27 4
split_gain=17.5301 43.204 25.1255 42.2001 24.0534 43.4596 42.1409 40.4257 36.0065 37.0751 36.5806 36.2662 30.5531 48.8254
threshold=0.029030802659690384 0 inf 1 10.500000000000002 2 0.38067793846130377 1.0469091534614565 2.5000000000000004 -0.13144040107727048 3 -0.065149784088134752 5.5000000000000009 -0.33201718330383295
decision_type=2 9 8 9 2 9 2 2 2 2 9 2 2 2
left_child=2 -2 -1 -4 6 -6 7 8 9 -3 -10 -11 13 -9
right_child=1 4 3 -5 5 -7 -8 12 10 11 -12 -13 -14 -15
leaf_value=0.00072749004834022247 0.0032898852137651872 0.014342016693451684 0.0077494136568790443 -0.013088002305144128 0.01479750783618854 -0.0073170523400169192 -0.012671138647015568 0.030232509976261618 0.0036013529949127524 -0.053326477460944689 -0.013155839944223806 -0.014968915454847069 -0.0029828767981818572 0.001830823742233884
leaf_weight=30536.754409521818 2538.5262239575386 50.759313076734543 338.59876689314842 787.76753133535385 403.98916879296303 459.84766325354576 1557.9395240992308 213.44991360604763 655.20240581035614 104.42979498207569 625.1653174161911 155.45620362460613 1003.0720134228468 496.13050812482834
leaf_count=123691 10355 207 1373 3186 1666 1895 6344 881 2667 425 2536 629 4087 2018
internal_value=-7.87999e-05 -0.00212893 0.00045637 -0.00686024 -0.00453098 0.00313121 -0.0059046 -0.0026978 -0.0084247 -0.0235633 -0.00467047 -0.0311166 0.00262848 0.0105331
internal_weight=39927.1 8263.97 31663.1 1126.37 5725.44 863.837 4861.6 3303.67 1591.01 310.645 1280.37 259.886 1712.65 709.58
internal_count=161960 33710 128250 4559 23355 3561 19794 13450 6464 1261 5203 1054 6986 2899
cat_boundaries=0 2 4 6 8
cat_threshold=1611934427 82437 29407270 416 258179332 2064 205639684 14410
is_linear=0
shrinkage=0.05


Tree=129
num_leaves=15
num_cat=1
split_feature=23 40 34 34 37 34 27 10 27 34 27 15 26 2
split_gain=15.4492 28.8405 18.9415 47.7924 69.5199 30.403 29.7052 50.0244 36.3362 100.69 93.3726 53.3531 44.7055 42.369
threshold=-0.15362142771482465 0 0.19011478871107104 0.19227895885705951 -0.0063143023289740077 0.18906684219837191 10.500000000000002 -0.00011823476597783154 4.5000000000000009 0.20259586721658709 3.5000000000000004 0.045503810048103339 1.0000000180025095e-35 -0.15084266662597653
decision_type=10 9 2 2 2 2 2 2 2 2 2 2 2 2
left_child=1 -1 5 4 -4 -2 8 -8 9 12 11 -11 -5 -13
right_child=2 -3 3 6 -6 -7 7 -9 -10 10 -12 13 -14 -15
leaf_value=0.0026261395368913395 -9.5600315285243909e-05 -0.0055480996941271862 0.042328846222319458 0.0094733830349216265 -0.0071977776651041166 -0.023031485329640087 0.019864243308869142 0.00090249232871064677 -0.002134062077145742 0.005646249140216969 0.026176291458371137 0.014565807458779764 -0.03224210919395485 -0.036697241719762512
leaf_weight=1686.384458437562 25487.341932073236 2950.8285387158394 169.43751311302185 84.297652572393417 116.92213690280914 140.31438106298447 565.38647001981735 894.25052179396152 4890.344455704093 2021.2624474614859 552.7858477383852 53.565506190061569 239.35427714884281 133.03739033639431
leaf_count=6834 103223 11943 688 340 473 566 2334 3666 19929 8216 2268 222 963 545
internal_value=0.000130706 -0.00258102 0.000486903 0.00236566 0.0223132 -0.00022584 0.00174816 0.00829343 0.000545074 0.0047912 0.00789471 0.00326646 -0.0213829 -0.0219597
internal_weight=39985.5 4637.21 35348.3 9720.64 286.36 25627.7 9434.28 1459.64 7974.65 3084.3 2760.65 2207.87 323.652 186.603
internal_count=162210 18777 143433 39644 1161 103789 38483 6000 32483 12554 11251 8983 1303 767
cat_boundaries=0 2
cat_threshold=4031029291 53902
is_linear=0
shrinkage=0.05


Tree=130
num_leaves=15
num_cat=5
split_feature=36 40 35 31 3 40 24 40 3 40 40 13 12 12
split_gain=15.4726 57.5223 23.4256 14.3518 18.8189 17.0578 13.5806 32.9566 27.3173 21.5189 21.4868 26.1929 21.4539 21.1079
threshold=0.099064994603395476 0 1.5437355041503908 0.77113094925880443 0.064181447029113783 1 -37.382177352905266 2 -0.15991449356079099 3 4 0.045767901465296752 0.049935959279537208 0.12702298909425738
decision_type=2 9 2 2 2 9 2 9 2 9 9 2 2 2
left_child=6 2 -2 4 -3 -6 7 12 -9 -10 11 -8 -1 -13
right_child=1 3 -4 -5 5 -7 10 8 9 -11 -12 13 -14 -15
leaf_value=0.014703545666255029 0.00098136861531055667 -0.0052538997558593944 0.024096949126205375 -0.0071850987309836955 -0.039351377099123196 -0.011969383330270904 0.0045401955496561361 0.011057077278341799 -0.0051295389877565644 -0.016665504772646951 -0.00017096030514333641 -0.016796063341670442 0.00010280743706345125 -0.00035902508820415298
leaf_weight=269.72326289117336 747.62025007605553 145.04290717840195 123.64181949198246 418.38000848889351 142.20351637899876 149.78371711075306 5643.4146625697613 208.77137811481953 2006.8849454373121 507.95966409146786 24900.160395264626 220.9151870906353 2997.7022987753153 1449.0176241546869
leaf_count=1095 3024 591 502 1694 575 605 22933 844 8110 2046 101014 899 12117 5946
internal_value=-8.67994e-05 -0.00470955 0.00433672 -0.0137911 -0.020263 -0.0274878 0.000122586 -0.00206218 -0.00610638 -0.00757655 0.00052932 0.00290903 0.00132619 -0.00258011
internal_weight=39931.2 1726.67 871.262 855.41 437.03 291.987 38204.5 5991.04 2723.62 2514.84 32213.5 7313.35 3267.43 1669.93
internal_count=161995 6991 3526 3465 1771 1180 155004 24212 11000 10156 130792 29778 13212 6845
cat_boundaries=0 2 4 6 8 10
cat_threshold=28578460 19720 104890656 114 725485624 93064 1350640132 4112 849379428 33360
is_linear=0
shrinkage=0.05


Tree=131
num_leaves=15
num_cat=0
split_feature=33 34 33 27 27 34 25 35 35 9 12 14 34 27
split_gain=18.3106 34.4718 18.9665 32.8121 45.3577 35.4431 15.3342 16.8185 27.012 20.683 19.4993 29.222 25.4056 71.4392
threshold=-0.046018458902835839 0.38200022280216223 -0.033655198290944092 3.5000000000000004 6.5000000000000009 0.45017996430397039 -0.021530085243284699 0.91808778047561657 0.93625670671463024 -0.019064825028181073 0.2335641831159592 0.024625296704471115 0.13090705871582034 8.5000000000000018
decision_type=2 2 2 2 2 2 2 2 2 2 2 2 2 2
left_child=1 -1 3 -2 -5 -6 -4 -8 9 -9 12 -12 -10 -14
right_child=2 -3 6 4 5 -7 7 8 10 -11 11 -13 13 -15
leaf_value=-0.0030589807495164847 0.014545151251828998 0.04402659550733895 0.0073964349918967586 -0.054296814304482223 0.0080344005416608955 -0.039668326316175499 0.00087974069775032145 0.010098136145433473 0.00080639822805427398 -0.013578125158326538 0.012542721144406964 0.00039788816506013499 -0.0061337123012289831 0.002801190025556398
leaf_weight=90.522426530718803 81.392730325460434 62.114587381482124 662.78015564382076 68.625392988324165 119.59528954327106 51.802676439285278 17885.862019851804 102.93031594157219 6875.8470517098904 667.82072176039219 607.37721945345402 2597.547579407692 6666.3509900122881 3361.3673620671034
leaf_count=372 336 274 2718 279 486 213 72547 420 27873 2707 2466 10617 26931 13653
internal_value=-0.00014767 0.0168591 -0.000215214 -0.0122183 -0.0214259 -0.00707048 -0.000115702 -0.000245205 -0.00120909 -0.0103651 -0.000855407 0.00271701 -0.00153364 -0.00313826
internal_weight=39901.9 152.637 39749.3 321.416 240.023 171.398 39427.9 38765.1 20879.2 770.751 20108.5 3204.92 16903.6 10027.7
internal_count=161892 646 161246 1314 978 699 159932 157214 84667 3127 81540 13083 68457 40584
is_linear=0
shrinkage=0.05


Tree=132
num_leaves=15
num_cat=1
split_feature=17 27 2 27 41 3 30 34 34 19 17 4 37 27
split_gain=14.724 20.0882 17.5734 29.5107 27.8848 25.8072 22.6913 22.2376 17.4646 23.0625 17.0473 20.579 18.2325 14.311
threshold=0.05183925852179528 11.500000000000002 -0.11391437053680419 10.500000000000002 0 -0.04408979415893554 0.25265957415103918 0.21271862089633944 0.27897053956985479 -0.0067144334316253653 0.017447833903133873 -0.25803828239440912 -0.16715159267187116 9.5000000000000018
decision_type=2 2 2 2 1 2 2 2 2 2 2 2 2 2
left_child=2 13 3 4 8 -6 -7 -5 10 -10 -1 -12 -13 -2
right_child=1 -3 -4 7 5 6 -8 -9 9 -11 11 12 -14 -15
leaf_value=0.019026824645105102 -0.0044625585830446691 0.019601712982963079 -0.00031661583284378842 0.0086318264111634648 0.0026390459833488759 0.026129564853030498 -0.0023828589622960457 0.036405465328003796 -0.015929140191250562 0.015719608930001901 0.007789010496841749 -0.030653355428444815 -0.0091898631015388931 -0.019014584679621388
leaf_weight=50.31566809117794 626.94570645689964 64.106322899460793 36183.615468457341 232.66833905875683 1069.0699750781059 248.7857188731432 94.729713812470436 103.02812919020653 76.139182448387146 194.91909152269363 133.14307814836502 121.62272755801678 499.8012588173151 229.4879097789526
leaf_count=205 2589 266 146604 967 4394 1019 388 431 310 798 539 492 2025 979
internal_value=-0.000167814 -0.00640079 -1.97932e-05 0.00377514 0.00187942 0.00646419 0.0183311 0.0175797 -0.00415862 0.006684 -0.00788631 -0.00980094 -0.0136097 -0.00845542
internal_weight=39928.4 920.54 39007.8 2824.22 2488.53 1412.59 343.515 335.696 1075.94 271.058 804.883 754.567 621.424 856.434
internal_count=162006 3834 158172 11568 10170 5801 1407 1398 4369 1108 3261 3056 2517 3568
cat_boundaries=0 1
cat_threshold=578
is_linear=0
shrinkage=0.05


Tree=133
num_leaves=15
num_cat=1
split_feature=1 27 16 4 27 27 38 38 8 37 31 7 41 10
split_gain=15.814 22.4707 19.6733 21.0327 37.8093 55.2419 78.7281 47.0649 33.2002 27.1031 27.9439 23.251 26.9913 25.239
threshold=-0.0099101066589355451 1.5000000000000002 1.3399777412414553 -0.30670571327209467 5.5000000000000009 2.5000000000000004 1.5000000000000002 1.5000000000000002 68.547164916992202 -0.10370803251862525 0.20991431921720508 0.10059585794806482 0 -0.0016216696240007875
decision_type=2 2 2 2 2 2 2 2 2 2 2 2 1 2
left_child=1 -1 3 4 5 7 -7 -2 -8 -6 -11 -5 -13 -14
right_child=2 -3 -4 11 9 6 8 -9 -10 10 -12 12 13 -15
leaf_value=-0.0049631761697121728 0.014494278763794017 0.002016824869812443 -0.0065974048830063914 -0.00021521055162070934 0.027602887516633604 -0.00055806225194417593 0.052726093003474077 -0.023075016067933503 0.013757443605677405 0.025778479862068427 -0.0074687443450520462 -0.0003025369659774674 0.0035699366401585951 -0.015554252093599258
leaf_weight=1258.7327197939157 176.96378245949745 13148.152449578047 1320.9257307201624 20311.372068747878 65.723386317491531 191.1597536355257 186.49533244967461 148.86553598940372 83.248459488153458 64.115371868014336 741.13211870193481 1147.7750274538994 215.84949870407581 815.75903125107288
leaf_count=5102 715 53602 5380 82164 271 771 775 609 341 261 2994 4645 877 3298
internal_value=8.13773e-05 0.00140512 -0.000667339 -0.000341457 0.00508484 0.0129948 0.0240423 -0.00274467 0.041187 -0.00208775 -0.00467262 -0.000742671 -0.00564446 -0.0114397
internal_weight=39876.3 14406.9 25469.4 24148.5 1657.7 786.733 460.904 325.829 269.744 870.971 805.247 22490.8 2179.38 1031.61
internal_count=161805 58704 103101 97721 6737 3211 1887 1324 1116 3526 3255 90984 8820 4175
cat_boundaries=0 1
cat_threshold=567
is_linear=0
shrinkage=0.05


Tree=134
num_leaves=15
num_cat=1
split_feature=1 12 33 16 21 24 41 22 25 37 13 32 36 21
split_gain=15.5993 26.2536 26.3535 22.0576 22.5632 24.1592 21.9594 21.7561 21.0972 19.588 22.1551 18.6878 18.493 18.4656
threshold=0.008193254470825197 0.097848251461982741 -0.00052860134746879328 0.54439434409141552 1.2975335717201235 -37.004371643066399 0 0.73444998264312755 -0.012505113147199152 -0.088439993560314165 0.041240934282541282 0.16302800178527835 -0.11335732787847518 0.89507070183753978
decision_type=2 2 2 2 2 2 1 10 2 2 2 2 2 2
left_child=1 2 -1 -3 6 8 9 -2 -6 -5 12 -12 -11 -4
right_child=7 3 13 4 5 -7 -8 -9 -10 10 11 -13 -14 -15
leaf_value=-0.0042192111835190121 -0.0016847242532831584 -0.015132305798820401 0.0039011028467859921 0.0082920774294796724 0.013563419534312213 0.0010361070798609424 0.0053656606897296349 0.0040653750872982931 -0.013445166599347075 0.022412299745138843 -0.018822924873748523 -0.0031557280195119949 0.0009517199171769846 -0.0027523899359103957
leaf_weight=4030.2266489118338 16063.947661370039 175.10561850667 2735.2104999870062 710.74000149965286 78.614816755056381 2080.632979080081 6409.0657876878977 1827.4395786672831 561.02034018933773 99.88812267780304 240.30285470187664 867.94996798038483 2375.751905888319 1678.2122304141521
leaf_count=16289 64947 712 11113 2916 321 8506 26167 7415 2277 409 981 3543 9641 6818
internal_value=4.38777e-07 0.000890782 -0.00129825 0.0022503 0.00248296 -0.00157973 0.00351619 -0.00109615 -0.0100384 0.000737755 -0.000766397 -0.00662663 0.00186306 0.00136972
internal_weight=39934.1 22042.7 8443.65 13599.1 13424 2720.27 10703.7 17891.4 639.635 4294.63 3583.89 1108.25 2475.64 4413.42
internal_count=162055 89693 34220 55473 54761 11104 43657 72362 2598 17490 14574 4524 10050 17931
cat_boundaries=0 1
cat_threshold=809
is_linear=0
shrinkage=0.05


Tree=135
num_leaves=15
num_cat=5
split_feature=19 40 0 6 40 39 4 30 40 35 16 40 16 40
split_gain=12.8723 15.8679 15.9393 13.5834 39.4493 18.9452 18.7735 16.969 16.8677 17.2504 24.8693 22.5906 19.5133 19.3822
threshold=-0.0022866427898406978 0 -0.0091507434844970686 0.17020259052515033 1 -0.12236731126904486 0.7439255714416505 0.59787234663963329 2 1.1172942519187929 1.3399777412414553 3 0.97534826397895824 4
decision_type=2 9 2 2 9 2 2 2 9 2 2 9 2 9
left_child=1 -1 -3 8 7 -6 -7 -5 -2 10 -10 -12 -11 -14
right_child=3 2 -4 4 5 6 -8 -9 9 12 11 -13 13 -15
leaf_value=0.00082124354934210743 0.0019794150926583996 -0.00023288159332524855 -0.0054891479155700709 0.026407072694899159 0.0025063695938985163 -0.021646027184189266 0.0048041392793669938 0.0010300396537549943 0.0012105586547445388 -0.0063211499548680751 0.0017945649611652893 -0.019826008394483216 0.0080055205189499736 -0.0027825086992456171
leaf_weight=4116.8507897257805 14134.893182083964 2535.2904309481382 3348.2202333956957 67.357963860034943 147.08350206911564 440.3193801343441 76.726348474621773 747.14149871468544 9675.1080061793327 2245.6511390805244 217.93558000028133 260.04262770712376 585.42576266825199 1343.2236571013927
leaf_count=16676 57484 10284 13546 275 602 1782 311 3028 39228 9095 890 1062 2384 5440
internal_value=-6.81238e-06 -0.00155963 -0.00322165 0.00051184 -0.00415205 -0.0130396 -0.017703 0.00324352 0.000754994 -0.000453962 0.000657935 -0.0104145 -0.00315824 0.000528768
internal_weight=39941.3 10000.4 5883.51 29940.9 1478.63 664.129 517.046 814.499 28462.3 14327.4 10153.1 477.978 4174.3 1928.65
internal_count=162087 40506 23830 121581 5998 2695 2093 3303 115583 58099 41180 1952 16919 7824
cat_boundaries=0 2 4 6 8 9
cat_threshold=2912695130 8206 1431345732 62627 178491829 84469 18637376 4104 1883242496
is_linear=0
shrinkage=0.05


Tree=136
num_leaves=15
num_cat=2
split_feature=33 26 33 26 7 28 40 24 21 20 17 40 4 10
split_gain=19.7811 30.3131 20.1126 30.287 28.6969 17.3961 43.773 31.0317 26.2529 22.2857 17.7949 40.6975 29.2671 23.7735
threshold=-0.046018458902835839 1.5000000000000002 -0.033655198290944092 1.5000000000000002 -0.003186562098562717 1.0000000180025095e-35 0 -37.052553176879876 1.0270515084266665 -2.2882670164108272 0.032605472952127464 1 0.1935992240905762 -0.0074297862593084565
decision_type=2 2 2 2 2 2 9 2 2 2 2 9 2 2
left_child=1 -1 3 -2 -5 9 8 -8 -7 -4 -11 -12 -13 -14
right_child=2 -3 5 4 -6 6 7 -9 -10 10 11 12 13 -15
leaf_value=0.036746880213743602 0.0061862557789553029 -0.0073115307230063563 0.019691236565450767 -0.037880846392295699 0.0028638926638365875 0.011693667086371137 -0.011942700755239217 0.0010813194772054664 0.0012405005609194058 -1.0616482192985334e-05 0.0018076339318051895 -0.0023776971154437151 -0.0021363587654221776 -0.017379275552943784
leaf_weight=84.735833540558815 128.18868346512318 66.322854101657867 132.61611160635948 129.02818690240383 62.47254841029644 1491.9266763776541 575.60782094299793 2149.1493852734566 1007.2782322913408 29327.81409534812 2130.5666113942862 1341.6709485948086 361.26577210426331 890.95467087626457
leaf_count=367 533 277 537 522 252 6164 2333 8859 4147 118617 8687 5467 1473 3608
internal_value=-9.95316e-06 0.0177564 -7.98572e-05 -0.0124732 -0.0248287 2.21221e-05 0.00270811 -0.00167887 0.00746371 -0.000388526 -0.000469753 -0.00331583 -0.00749954 -0.0130117
internal_weight=39879.6 151.059 39728.5 319.689 191.501 39408.9 5223.96 2724.76 2499.2 34184.9 34052.3 4724.46 2593.89 1252.22
internal_count=161843 644 161199 1307 774 159892 21503 11192 10311 138389 137852 19235 10548 5081
cat_boundaries=0 2 4
cat_threshold=1908947337 109976 1451813471 115269
is_linear=0
shrinkage=0.05


Tree=137
num_leaves=15
num_cat=0
split_feature=25 32 28 34 10 35 19 1 10 27 24 2 16 1
split_gain=18.6027 17.3569 17.4074 15.459 22.1533 13.4496 15.3169 14.5711 14.8986 17.543 12.88 24.9065 15.8899 12.7343
threshold=-0.0084477029740810377 0.85120761394500744 1.0000000180025095e-35 0.25616751611232763 0.0014313634019345047 0.91078943014144909 0.022642850875854496 -0.109804630279541 0.0048065849114209422 11.500000000000002 -35.935174942016594 0.053425073623657234 0.84552156925201427 -0.037591934204101556
decision_type=2 2 2 2 2 2 2 2 2 2 2 2 2 2
left_child=1 2 5 -4 -5 6 -1 -7 9 10 -9 12 13 -12
right_child=-2 -3 3 4 -6 7 -8 8 -10 -11 11 -13 -14 -15
leaf_value=0.008546938916209541 -0.00046523032218840385 -0.0027342616135992877 0.017485541166661612 -0.019905090983340611 0.022331393663802702 0.013880029308616634 -0.016754910353119958 0.00033331841267463717 0.0063772167702508056 0.014688057148826672 -0.041267006398957889 0.0057867753095580251 -0.0083356273368521677 -0.013047994418020074
leaf_weight=1162.9342351108789 34426.901278495789 1168.8807133883238 392.1923889964819 71.865818381309509 47.101324871182442 195.16757935285568 58.374472200870514 852.35252593457699 636.28040809929371 132.00588792562485 76.456137537956238 217.85004949569702 404.93127916753292 93.644546940922737
leaf_count=4730 139616 4762 1632 301 200 810 238 3454 2590 543 311 884 1646 379
internal_value=-3.32836e-05 0.0026626 0.00411836 0.0127453 -0.0029163 0.00295058 0.00727013 0.000916338 -0.000156422 -0.0025097 -0.00393292 -0.00849877 -0.0139227 -0.0265765
internal_weight=39936.9 5510.04 4341.16 511.16 118.967 3830 1221.31 2608.69 2413.52 1777.24 1645.23 792.882 575.032 170.101
internal_count=162096 22480 17718 2133 501 15585 4968 10617 9807 7217 6674 3220 2336 690
is_linear=0
shrinkage=0.05


end of trees

feature_importances:
symbol_cat=449
mkt_rv21=278
month=173
mkt_ret_1d=100
amihud=67
sector_ret_21=60
mom_12_1=48
macd_hist_norm=47
rel_sector_21=40
ret_5d=38
boll_bw=38
rv_63=37
parkinson_21=36
ret_63d=35
is_month_end=34
deliv_dev=31
rsi_14=30
c_vwap=29
c_sma10=28
dow=28
rv_ratio=23
overnight_gap=23
beta_252=23
drawdown_252=20
sector_cat=20
ret_21d=17
sma10_sma50=17
c_sma50=16
vol_trend=15
regime=15
boll_pctb=14
atr_norm=14
pct_deliv=13
cs_rank_ret1=13
rv_21=12
range_norm=11
cs_rank_ret21=11
cs_rank_rv21=10
macd_norm=9
cs_rank_volsurp=5
vol_surprise=4
ret_1d=1

parameters:
[boosting: gbdt]
[objective: binary]
[metric: binary_logloss]
[tree_learner: serial]
[device_type: cpu]
[data_sample_strategy: bagging]
[data: ]
[valid: ]
[num_iterations: 138]
[learning_rate: 0.05]
[num_leaves: 15]
[num_threads: 4]
[seed: 42]
[deterministic: 1]
[force_col_wise: 0]
[force_row_wise: 1]
[histogram_pool_size: -1]
[max_depth: -1]
[min_data_in_leaf: 200]
[min_sum_hessian_in_leaf: 0.001]
[bagging_fraction: 0.8]
[pos_bagging_fraction: 1]
[neg_bagging_fraction: 1]
[bagging_freq: 1]
[bagging_seed: 400]
[bagging_by_query: 0]
[feature_fraction: 0.7]
[feature_fraction_bynode: 1]
[feature_fraction_seed: 30056]
[extra_trees: 0]
[extra_seed: 12879]
[early_stopping_round: 0]
[early_stopping_min_delta: 0]
[first_metric_only: 0]
[max_delta_step: 0]
[lambda_l1: 0.1]
[lambda_l2: 5]
[linear_lambda: 0]
[min_gain_to_split: 0]
[drop_rate: 0.1]
[max_drop: 50]
[skip_drop: 0.5]
[xgboost_dart_mode: 0]
[uniform_drop: 0]
[drop_seed: 17869]
[top_rate: 0.2]
[other_rate: 0.1]
[min_data_per_group: 100]
[max_cat_threshold: 32]
[cat_l2: 10]
[cat_smooth: 20]
[max_cat_to_onehot: 4]
[top_k: 20]
[monotone_constraints: ]
[monotone_constraints_method: basic]
[monotone_penalty: 0]
[feature_contri: ]
[forcedsplits_filename: ]
[refit_decay_rate: 0.9]
[cegb_tradeoff: 1]
[cegb_penalty_split: 0]
[cegb_penalty_feature_lazy: ]
[cegb_penalty_feature_coupled: ]
[path_smooth: 0]
[interaction_constraints: ]
[verbosity: -1]
[saved_feature_importance_type: 0]
[use_quantized_grad: 0]
[num_grad_quant_bins: 4]
[quant_train_renew_leaf: 0]
[stochastic_rounding: 1]
[linear_tree: 0]
[max_bin: 255]
[max_bin_by_feature: ]
[min_data_in_bin: 3]
[bin_construct_sample_cnt: 200000]
[data_random_seed: 175]
[is_enable_sparse: 1]
[enable_bundle: 1]
[use_missing: 1]
[zero_as_missing: 0]
[feature_pre_filter: 1]
[pre_partition: 0]
[two_round: 0]
[header: 0]
[label_column: ]
[weight_column: ]
[group_column: ]
[ignore_column: ]
[categorical_feature: 40,41]
[forcedbins_filename: ]
[precise_float_parser: 0]
[parser_config_file: ]
[objective_seed: 16083]
[num_class: 1]
[is_unbalance: 0]
[scale_pos_weight: 1]
[sigmoid: 1]
[boost_from_average: 1]
[reg_sqrt: 0]
[alpha: 0.9]
[fair_c: 1]
[poisson_max_delta_step: 0.7]
[tweedie_variance_power: 1.5]
[lambdarank_truncation_level: 30]
[lambdarank_norm: 1]
[label_gain: ]
[lambdarank_position_bias_regularization: 0]
[eval_at: ]
[multi_error_top_k: 1]
[auc_mu_weights: ]
[num_machines: 1]
[local_listen_port: 12400]
[time_out: 120]
[machine_list_filename: ]
[machines: ]
[gpu_platform_id: -1]
[gpu_device_id: -1]
[gpu_use_dp: 0]
[num_gpu: 1]

end of parameters

pandas_categorical:[["ADANIPORTS", "ASIANPAINT", "AXISBANK", "BAJAJ-AUTO", "BAJAJFINSV", "BAJFINANCE", "BHARTIARTL", "BPCL", "BRITANNIA", "CIPLA", "COALINDIA", "DRREDDY", "EICHERMOT", "GAIL", "GRASIM", "HCLTECH", "HDFC", "HDFCBANK", "HEROMOTOCO", "HINDALCO", "HINDUNILVR", "ICICIBANK", "INDUSINDBK", "INFY", "IOC", "ITC", "JSWSTEEL", "KOTAKBANK", "LT", "MARUTI", "MM", "NESTLEIND", "NTPC", "ONGC", "POWERGRID", "RELIANCE", "SBIN", "SHREECEM", "SUNPHARMA", "TATAMOTORS", "TATASTEEL", "TCS", "TECHM", "TITAN", "ULTRACEMCO", "UPL", "VEDL", "WIPRO", "ZEEL"], ["AUTOMOBILE", "CEMENT & CEMENT PRODUCTS", "CONSTRUCTION", "CONSUMER GOODS", "ENERGY", "FERTILISERS & PESTICIDES", "FINANCIAL SERVICES", "IT", "MEDIA & ENTERTAINMENT", "METALS", "PHARMA", "SERVICES", "TELECOM"]]
