tree
version=v4
num_class=1
num_tree_per_iteration=1
label_index=0
max_feature_idx=41
objective=regression
feature_names=ret_1d ret_5d ret_21d ret_63d mom_12_1 c_sma10 c_sma50 sma10_sma50 rsi_14 macd_norm macd_hist_norm boll_pctb boll_bw atr_norm rv_21 rv_63 rv_ratio parkinson_21 range_norm overnight_gap vol_surprise vol_trend pct_deliv deliv_dev amihud c_vwap dow month is_month_end cs_rank_ret1 cs_rank_ret21 cs_rank_rv21 cs_rank_volsurp mkt_ret_1d mkt_rv21 beta_252 rel_sector_21 sector_ret_21 regime drawdown_252 symbol_cat sector_cat
feature_infos=[-0.33539342880249023:0.29050922393798828] [-0.55552577972412109:0.52155399322509766] [-1.0605630874633789:0.81127047538757324] [-1.4420571327209473:1.4301002025604248] [-2.0913701057434082:2.394237756729126] [-0.38960584998130798:0.41373667120933533] [-0.63538634777069092:0.96833759546279907] [-0.55037587881088257:0.62138658761978149] [7.1279511451721191:94.787033081054688] [-0.49298614263534546:0.13874010741710663] [-0.088423416018486023:0.08130134642124176] [-0.51351809501647949:1.5343765020370483] [0.011128954589366913:1.3387584686279297] [0.0074734454974532127:0.24071347713470459] [0.0029149728361517191:0.1116195023059845] [0.0046013034880161285:0.076512239873409271] [0.12147980183362961:1.718988299369812] [0.0038011299911886454:0.1103220209479332] [0:0.5297052264213562] [-0.3765568733215332:0.22702705860137939] [-7.1645965576171875:5.8895869255065918] [0.019823728129267693:11.299847602844238] [0.023600000888109207:1] [-0.66891425848007202:0.81771427392959595] [-39.564857482910156:-22.382728576660156] [-0.11652342975139618:0.13046194612979889] [0:6] [1:12] [0:1] [0.020408162847161293:1] [0.020408162847161293:1] [0.020408162847161293:1] [0.020408162847161293:1] [-0.10609429329633713:0.13886605203151703] [0.060614865273237228:0.73461169004440308] [0.060895074158906937:2.8448631763458252] [-0.51129192113876343:0.50864702463150024] [-0.88394927978515625:0.62341302633285522] [0:2] [-0.88927578926086426:0] -1:35:21:24:43:30:8:11:17:1:40:46:12:7:15:16:23:47:18:36:39:9:33:14:25:38:48:2:20:19:5:13:22:27:37:6:29:45:28:44:41:32:26:42:34:0:4:3:31 -1:6:4:3:0:7:9:10:1:8:12:5:2:11
tree_sizes=1553 1619 1646 1572 1622 1640 1629 1625 1626 1617 1584 1642 1585 1590 1628 1657 1604 1624 1574 1611 1648 1602 1617 1588 1604 1648 1621 1633 1628 1603 1582 1589 1586 1605 1638 1628 1641 1640 1631 1622 1612 1627 1650 1606 1585 1637 1610 1648 1617 1589 1608 1642 1610 1596 1560 1625 1626 1642 1613 1600 1597 1630 1615 1615 1657 1589 1656 1648 1616 1628 1626 1648 1646 1548 1581 1604 1636 1629 1600 1608 1621 1597 1652 1656 1641 1639 1635 1585 1628 1615 1610 1622 1630 1578 1613 1635 1578 1629 1624 1635 1608 1572 1626 1600 1605 1630 1607 1657 1643 1614 1562 1636 1577 1645 1595 1655 1635

Tree=0
num_leaves=15
num_cat=0
split_feature=28 34 17 6 27 33 33 27 34 37 27 37 34 5
split_gain=0.664922 1.10929 0.51638 0.457234 0.492965 0.499007 0.476758 0.425615 0.815088 0.334772 0.319586 0.495315 0.42612 0.39876
threshold=1.0000000180025095e-35 0.65775698423385631 0.020979814231395725 -0.16314317286014554 11.500000000000002 -0.046018458902835839 0.0068891991395503291 9.5000000000000018 0.23831325769424441 -0.24490206688642499 9.5000000000000018 -0.024529750458896157 0.33245882391929632 -0.035314103588461869
decision_type=2 2 2 2 2 2 2 2 2 2 2 2 2 2
left_child=1 3 -2 4 5 -1 -5 9 -9 -7 11 -4 -13 -12
right_child=2 -3 10 6 -6 7 -8 8 -10 -11 13 12 -14 -15
leaf_value=0.0061527141994285536 0.0036211828320298163 0.00098976191012680077 0.0033604810700699718 0.0034865456356504856 0.0064671555900923921 0.0054306309347145545 0.0036969725194178453 0.0050448237186066693 0.0013500667160867351 0.0038177946837052194 0.0061795348154431527 0.0040815885495113797 0.0057042532957996151 0.0043412451334948979
leaf_weight=238 11792 417 2438 99488 210 397 36879 226 414 1676 342 4645 442 2183
leaf_count=238 11792 417 2438 99488 210 397 36879 226 414 1676 342 4645 442 2183
internal_value=0.00358955 0.00354954 0.00384612 0.00355732 0.00415123 0.00398014 0.00354349 0.00378333 0.00266374 0.00413277 0.00410941 0.00394462 0.0042255 0.00459685
internal_weight=161787 139945 21842 139528 3161 2951 136367 2713 640 2073 10050 7525 5087 2525
internal_count=161787 139945 21842 139528 3161 2951 136367 2713 640 2073 10050 7525 5087 2525
is_linear=0
shrinkage=1


Tree=1
num_leaves=15
num_cat=3
split_feature=24 37 40 36 40 5 15 27 15 40 33 37 5 15
split_gain=0.603497 0.613911 0.408484 0.396507 0.316149 0.437256 0.309065 0.25268 0.269041 0.383089 0.232615 0.196884 0.194872 0.18881
threshold=-35.267482757568352 0.0087655913084745424 0 -0.014709734823554753 1 -0.1308324187994003 0.043302718549966819 2.5000000000000004 0.03104939125478268 2 0.0048580961301922807 0.15292844176292422 0.052310615777969367 0.042296187952160842
decision_type=2 2 9 2 9 2 2 2 2 9 2 2 2 2
left_child=3 4 6 13 -2 -6 10 8 -5 -10 -3 -8 -4 -1
right_child=1 2 12 7 5 -7 11 -9 9 -11 -12 -13 -14 -15
leaf_value=3.6160733601954485e-05 -0.00026878601879401124 0.00035238861008691824 0.00017952376825906361 -0.0003001994473849788 0.0022946187618698597 6.0629685657792721e-05 -0.00094599126359060342 -0.00010522684283610189 0 -0.0022746713216007983 0.00078072312669568876 0.00049321080881211624 -0.00029738009035865001 0.0008278578794246351
leaf_weight=38481 10471 7379 15349 10204 218 13006 596 56270 333 409 5664 384 2478 764
leaf_count=38481 10471 7379 15349 10204 218 13006 596 56270 333 409 5664 384 2478 764
internal_value=-4.64563e-06 0.000128917 0.000272305 -7.43805e-05 -6.3626e-05 9.86142e-05 0.000474161 -0.000148128 -0.000368063 -0.00128638 0.000539007 -0.000377342 0.000112824 5.18039e-05
internal_weight=162006 55545 31850 106461 23695 13224 14023 67216 10946 742 13043 980 17827 39245
internal_count=162006 55545 31850 106461 23695 13224 14023 67216 10946 742 13043 980 17827 39245
cat_boundaries=0 2 4 6
cat_threshold=2084065380 22818 2787690802 5412 612368448 115200
is_linear=0
shrinkage=0.05


Tree=2
num_leaves=15
num_cat=3
split_feature=34 10 24 28 34 33 40 36 5 27 17 40 14 40
split_gain=0.608746 1.00461 0.585832 0.593305 0.509053 0.411104 0.353932 0.351089 0.334526 0.284641 0.272316 0.42993 0.261587 0.209554
threshold=0.65775698423385631 0.0049822677392512569 -35.267482757568352 1.0000000180025095e-35 0.072230361402034773 -0.0017638846184127031 0 -0.014709734823554753 -0.10689254105091094 2.5000000000000004 0.025596368126571182 1 0.03706986457109452 2
decision_type=2 2 2 2 2 2 9 2 2 2 2 9 2 9
left_child=2 -2 7 4 -4 8 -7 12 -6 10 -9 -12 -1 -11
right_child=1 -3 3 -5 5 6 -8 9 -10 13 11 -13 -14 -15
leaf_value=2.8874280071755818e-05 0.0010217401588407489 -0.0034140992041280997 -0.0021724536671814329 0.00055504944327712806 0.0012154645501451251 0.00044545948330642992 7.7153032572170504e-05 -0.00025604956781244095 -0.0001397292463821016 2.1853291724425536e-05 -0.0020824056190067368 -0.00039029304023259655 0.00069358320181953548 -0.00017246303072474998
leaf_weight=37683 204 322 246 7359 462 9761 19787 9140 17455 24569 547 1219 1537 31739
leaf_count=37683 204 322 246 7359 462 9761 19787 9140 17455 24569 547 1219 1537 31739
internal_value=-7.10713e-07 -0.0016909 4.81525e-06 0.000137225 7.26226e-05 8.45912e-05 0.000199222 -6.36509e-05 -0.000104176 -0.000133038 -0.000366924 -0.000935592 5.51362e-05 -8.76201e-05
internal_weight=162030 526 161504 55070 47711 47465 29548 106434 17917 67214 10906 1766 39220 56308
internal_count=162030 526 161504 55070 47711 47465 29548 106434 17917 67214 10906 1766 39220 56308
cat_boundaries=0 2 4 6
cat_threshold=1545605228 18594 287875076 27 1887572477 11416
is_linear=0
shrinkage=0.05


Tree=3
num_leaves=15
num_cat=0
split_feature=27 4 27 37 15 34 33 33 34 33 34 27 27 11
split_gain=0.458164 0.677664 1.19442 0.586025 0.818615 0.474624 0.385655 0.385659 0.622854 0.564686 0.567915 0.39669 0.371029 0.408311
threshold=2.5000000000000004 -0.75763368606567372 5.5000000000000009 -0.17913261055946347 0.039823565632104881 0.32334120571613317 0.0069513744674623021 -0.046018458902835839 0.38200022280216223 -0.033655198290944092 0.40313921868801122 6.5000000000000009 11.500000000000002 0.63178691267967235
decision_type=2 2 2 2 2 2 2 2 2 2 2 2 2 2
left_child=3 2 5 -1 -5 -2 7 8 -3 10 11 -9 -4 -14
right_child=1 6 12 4 -6 -7 -8 9 -10 -11 -12 -13 13 -15
leaf_value=0.0018179275130892842 0.0016286473526075367 -0.00020442243548075506 -0.00056646276344782546 -0.00015885473490787817 -0.0015133464869274585 0.0044645706194677594 0.00015948775840805873 -0.0018949952793732355 0.0032790307308837984 -2.426754147301363e-05 -0.0031609288709382299 0.00037048716808516478 0.0028124201755379812 -0.00028737451034138977
leaf_weight=352 428 285 819 24570 1165 237 37252 308 224 95020 266 495 206 207
leaf_count=352 428 285 819 24570 1165 237 37252 308 224 95020 266 495 206 207
internal_value=-6.85755e-07 3.61651e-05 0.000973377 -0.000192606 -0.000220648 0.00267258 2.28092e-05 -2.98532e-05 0.00133583 -3.72086e-05 -0.00117738 -0.000498626 4.50541e-05 0.00126196
internal_weight=161834 135747 1897 26087 25735 665 133850 96598 509 96089 1069 803 1232 413
internal_count=161834 135747 1897 26087 25735 665 133850 96598 509 96089 1069 803 1232 413
is_linear=0
shrinkage=0.05


Tree=4
num_leaves=15
num_cat=1
split_feature=34 24 34 37 11 6 39 27 40 27 6 34 4 27
split_gain=0.470305 0.522523 0.525423 0.446752 0.443941 0.371317 0.369587 0.871089 0.316124 0.303711 0.358839 0.309489 0.277343 0.27207
threshold=0.60323816537857067 -35.267482757568352 0.072230361402034773 0.041712576523423202 0.23019628971815112 -0.16314317286014554 -0.50721952319145192 2.5000000000000004 0 10.500000000000002 -0.15398401021957395 0.56372356414794933 -0.33201718330383295 2.5000000000000004
decision_type=2 2 2 2 2 2 2 2 9 2 2 2 2 2
left_child=1 5 -3 9 -2 -1 7 -5 -8 11 -11 -4 -6 -7
right_child=4 2 3 6 12 13 8 -9 -10 10 -12 -13 -14 -15
leaf_value=0.00070201865317901435 0.00082249743429260464 -0.0020038798218032726 -6.3365972263886263e-05 -0.0015357961943820292 -0.0027554179588726315 -0.00025606519752371574 0.00044444771635824702 0.0021805441081974423 5.9701616880901399e-05 0.0024474744903855029 0.00030063227501729724 0.0013807133980721449 -0.00085762463731469014 -3.7465440512554658e-05
leaf_weight=1562 243 282 26918 200 313 17021 11757 672 9857 200 4300 371 536 87383
leaf_count=1562 243 282 26918 200 313 17021 11757 672 9857 200 4300 371 536 87383
internal_value=-3.97947e-06 3.04032e-06 0.000128785 0.000140142 -0.00103575 -6.16559e-05 0.000310693 0.00131857 0.000269504 1.9315e-05 0.000399768 -4.33009e-05 -0.00157517 -7.31622e-05
internal_weight=161615 160523 54557 54275 1092 105966 22486 872 21614 31789 4500 27289 849 104404
internal_count=161615 160523 54557 54275 1092 105966 22486 872 21614 31789 4500 27289 849 104404
cat_boundaries=0 2
cat_threshold=2133873012 55330
is_linear=0
shrinkage=0.05


Tree=5
num_leaves=15
num_cat=2
split_feature=28 34 24 36 34 10 40 6 34 22 40 27 15 4
split_gain=0.53584 0.874157 0.481915 0.417621 0.450185 0.399418 0.306539 0.312315 0.30037 0.354681 0.298438 0.279457 0.479805 0.399141
threshold=1.0000000180025095e-35 0.65775698423385631 -35.723581314086907 -0.067857619374990449 0.25616751611232763 0.011031376197934152 0 -0.20638559013605115 0.068532977253198638 0.43404999375343328 1 1.5000000000000002 0.047000981867313392 -0.61405807733535755
decision_type=2 2 2 2 2 2 9 2 2 10 9 2 2 2
left_child=1 3 -2 4 10 -3 -6 -8 9 -5 -1 12 -10 -13
right_child=2 5 -4 8 6 -7 7 -9 11 -11 -12 13 -14 -15
leaf_value=0.00037096643834414822 2.8282643798713682e-05 -0.00072762670161610006 0.00050447957576069482 -0.0028831586094513516 0.00024190281650438722 -0.0038128086033989241 0.0028539338288886482 0.0009187874355841458 -0.00025047135635685407 -2.090620475420779e-05 -0.00012250004002074374 0.00064579381721537737 -0.0026512163340555676 -4.3689866021394077e-05
leaf_weight=5126 12427 220 9308 200 1665 210 247 1402 10372 237 7553 2134 208 110540
leaf_count=5126 12427 220 9308 200 1665 210 247 1402 10372 237 7553 2134 208 110540
internal_value=1.52259e-06 -3.42808e-05 0.000232513 -2.72743e-05 0.00021305 -0.00227234 0.000731643 0.00121209 -5.83956e-05 -0.00135997 7.68731e-05 -5.36853e-05 -0.000299372 -3.05589e-05
internal_weight=161849 140114 21735 139684 15993 430 3314 1649 123691 437 12679 123254 10580 112674
internal_count=161849 140114 21735 139684 15993 430 3314 1649 123691 437 12679 123254 10580 112674
cat_boundaries=0 2 4
cat_threshold=205282098 34186 2284818716 21064
is_linear=0
shrinkage=0.05


Tree=6
num_leaves=15
num_cat=2
split_feature=37 24 33 34 33 26 34 40 2 40 17 34 38 34
split_gain=0.435732 0.557292 0.493521 0.803369 0.57351 0.469074 0.520326 0.379024 0.326074 0.395545 0.299294 0.246985 0.263734 0.23386
threshold=0.0079451636411249655 -35.330465316772454 -0.046018458902835839 0.38200022280216223 -0.033655198290944092 1.5000000000000002 0.38200022280216223 0 -0.15084266662597653 1 0.05183925852179528 0.084187332540750517 1.0000000180025095e-35 0.31123723089694982
decision_type=2 2 2 2 2 2 2 9 2 9 2 2 2 2
left_child=2 13 3 -1 5 -4 -7 -3 9 -6 11 12 -10 -2
right_child=1 7 4 -5 8 6 -8 -9 10 -11 -12 -13 -14 -15
leaf_value=-0.00035645665498214502 -3.0513362603447038e-05 0.0004525889041855613 0.00010331794686451522 0.0033335381647487798 0.00073068037672346193 -0.0010015608637820139 -0.0039599830072922669 0.00010456078374571996 -0.00042474966884041083 -5.3332073863987447e-05 -0.0010014868738565913 -8.4864881730298088e-05 -0.0021855309025117071 0.0006303827109997895
leaf_weight=313 57625 12926 393 269 2582 433 231 19972 2155 4202 943 58309 234 1365
leaf_count=313 57625 12926 393 269 2582 433 231 19972 2155 4202 943 58309 234 1365
internal_value=5.15273e-06 7.67953e-05 -8.87329e-05 0.00135441 -0.00010099 -0.00125435 -0.00206015 0.000241674 -8.30096e-05 0.000245644 -0.000119278 -0.000105408 -0.000603509 -1.50837e-05
internal_weight=161952 91888 70064 582 69482 1057 664 32898 68425 6784 61641 60698 2389 58990
internal_count=161952 91888 70064 582 69482 1057 664 32898 68425 6784 61641 60698 2389 58990
cat_boundaries=0 2 4
cat_threshold=1546145892 53282 2209845903 75841
is_linear=0
shrinkage=0.05


Tree=7
num_leaves=15
num_cat=3
split_feature=28 34 24 36 34 27 40 27 8 27 39 40 7 40
split_gain=0.487008 0.845357 0.474569 0.394458 0.419972 0.343126 0.279519 0.264293 0.518123 0.333398 1.11674 0.310756 0.278424 0.251968
threshold=1.0000000180025095e-35 0.65775698423385631 -35.723581314086907 0.0099116903729736822 0.24923912435770038 11.500000000000002 0 2.5000000000000004 41.721910476684577 5.5000000000000009 -0.35179308056831354 1 0.066874828189611449 2
decision_type=2 2 2 2 2 2 9 2 2 2 2 9 2 9
left_child=1 3 -2 4 6 7 -1 8 -6 10 -9 -10 -12 -11
right_child=2 -3 -4 -5 5 -7 -8 9 11 13 12 -13 -14 -15
leaf_value=9.3846952015403762e-05 1.9958008634051232e-05 -0.0022490248385486715 0.00049230129914844538 -0.00013657257666812401 0.00081017865105234045 0.0016890730428979093 -9.8041947065171775e-05 0.0022681283543812742 0.00024006814399269143 -0.00010976322012803456 -0.00010354400498186291 -0.0015980864740078626 0.0013044357625198169 0.00047872028593938542
leaf_weight=36401 12510 424 9275 51064 616 430 39610 896 334 3881 1761 699 432 3387
leaf_count=36401 12510 424 9275 51064 616 430 39610 896 334 3881 1761 699 432 3387
internal_value=1.44593e-06 -3.27604e-05 0.000221355 -2.59085e-05 3.79298e-05 0.000307238 -6.08269e-06 0.000256648 -0.000328978 0.000350486 0.000785638 -0.00101373 0.000173876 0.00016444
internal_weight=161720 139935 21785 139511 88447 12436 76011 12006 1649 10357 3089 1033 2193 7268
internal_count=161720 139935 21785 139511 88447 12436 76011 12006 1649 10357 3089 1033 2193 7268
cat_boundaries=0 2 4 6
cat_threshold=2331234678 4716 1108623937 4137 280775473 79759
is_linear=0
shrinkage=0.05


Tree=8
num_leaves=15
num_cat=2
split_feature=28 24 5 40 17 33 9 24 39 27 16 9 40 33
split_gain=0.428859 0.444451 0.324983 0.342569 0.327456 0.379211 0.369435 0.321229 0.278425 0.239997 0.235163 0.309892 0.228929 0.213358
threshold=1.0000000180025095e-35 -35.723581314086907 -0.074717152863740907 0 0.05183925852179528 0.0068891991395503291 0.024822394363582138 -34.184495925903313 -0.50721952319145192 1.5000000000000002 1.2289282083511355 -0.054993314668536179 1 -0.015306412242352961
decision_type=2 2 2 9 2 2 2 2 2 2 2 2 9 2
left_child=2 -2 3 -1 5 9 10 -7 -5 13 11 -6 -12 -4
right_child=1 -3 4 8 6 7 -8 -9 -10 -11 12 -13 -14 -15
leaf_value=0.0012965215206260554 8.879518875392689e-06 0.0004659517345095743 -0.0010610870964154659 -0.00072248384848270088 0.0012176305252477083 2.3434212824413037e-05 0.00037112882160747495 0.00038179765710846586 0.00046086804023533386 -6.2027679117021347e-05 -0.00045922584477735306 -0.000924995696335776 -0.0019723780978492919 -0.00025204273263812211
leaf_weight=868 12438 9317 916 667 234 28268 711 8038 1890 88879 440 563 696 7555
leaf_count=868 12438 9317 916 667 234 28268 711 8038 1890 88879 440 563 696 7555
internal_value=-1.5223e-06 0.000204921 -3.37073e-05 0.000446841 -4.58353e-05 -3.48839e-05 -0.000596438 0.000102954 0.000148848 -8.63435e-05 -0.00095495 -0.000286015 -0.00141657 -0.000340692
internal_weight=161480 21755 139725 3425 136300 133656 2644 36306 2557 97350 1933 797 1136 8471
internal_count=161480 21755 139725 3425 136300 133656 2644 36306 2557 97350 1933 797 1136 8471
cat_boundaries=0 2 4
cat_threshold=689381909 2593 84054720 119297
is_linear=0
shrinkage=0.05


Tree=9
num_leaves=15
num_cat=0
split_feature=33 34 6 34 34 26 24 25 25 34 22 34 10 36
split_gain=0.387937 0.449833 0.415265 0.280709 0.278749 0.476063 0.293652 0.253466 0.239102 0.238601 0.391391 0.224513 0.32974 0.209207
threshold=0.0099724978208541887 0.65775698423385631 -0.23299209773540494 0.32334120571613317 0.42717051506042486 1.0000000180025095e-35 -35.223697662353509 -0.021530085243284699 0.014222143683582546 0.089139107614755644 0.086050000041723265 0.52650606632232677 -0.006202434189617633 -2.1105684311351066e-08
decision_type=2 2 2 2 2 2 2 2 2 2 10 2 2 2
left_child=1 2 3 -1 6 -6 -2 -4 9 10 -9 -7 -13 -11
right_child=4 -3 7 -5 5 11 -8 8 -10 13 -12 12 -14 -15
leaf_value=-7.1823403040723754e-05 7.0537110844540217e-05 -0.0020302338725777845 0.00044307490467403762 0.00181249521339444 -0.0020961015668705262 -0.0008783233687437806 0.00040548651062586758 -0.0021141156927436014 -0.00045413731158477157 4.8677032382395134e-05 -0.00021792557746680912 0.0019702401181777166 -0.00019119486674511185 -8.5740901152315803e-05
leaf_weight=314 16403 277 2677 505 347 472 10935 276 3520 59823 9580 252 550 56042
leaf_count=314 16403 277 2677 505 347 472 10935 276 3520 59823 9580 252 550 56042
internal_value=9.70007e-07 -3.51057e-05 -3.08282e-05 0.00108794 0.000166822 -0.000468358 0.000204747 -3.78528e-05 -4.78699e-05 -3.64376e-05 -0.000272577 -1.46378e-05 0.000489763 -1.62965e-05
internal_weight=161973 133014 132737 819 28959 1621 27338 131918 129241 125721 9856 1274 802 115865
internal_count=161973 133014 132737 819 28959 1621 27338 131918 129241 125721 9856 1274 802 115865
is_linear=0
shrinkage=0.05


Tree=10
num_leaves=15
num_cat=0
split_feature=37 24 28 33 33 5 36 39 27 27 27 27 17 39
split_gain=0.417753 0.509375 0.401509 0.33481 0.559947 0.348724 0.271776 0.254953 0.243512 0.224327 0.322684 0.220793 0.271062 0.270091
threshold=0.0079451636411249655 -35.351617813110344 1.0000000180025095e-35 -0.046018458902835839 -0.033655198290944092 -0.10689254105091094 -0.070676747709512697 -0.50721952319145192 3.5000000000000004 6.5000000000000009 8.5000000000000018 1.5000000000000002 0.037497406825423248 -0.52753317356109608
decision_type=2 2 2 2 2 2 2 2 2 2 2 2 2 2
left_child=3 -2 11 5 8 -1 -6 -4 -5 -10 -11 12 -3 -13
right_child=1 2 7 4 6 -7 -8 -9 9 10 -12 13 -14 -15
leaf_value=0.0024204945802553577 -1.9393624759205194e-05 -8.2982845339901593e-05 0.0023948857643137185 0.00011045265329605672 0.00022234142427187895 -9.7889880728677214e-06 -0.00011771332845686338 0.00057818531267376822 -0.0029232338637003238 0.0003479515827840511 -0.0020386461723664513 0.0012115697572526146 -0.0016052164868414214 0.0001724333697841704
leaf_weight=264 58784 2086 200 250 6481 318 61642 4351 244 230 346 638 337 25750
leaf_count=264 58784 2086 200 250 6481 318 61642 4351 244 230 346 638 337 25750
internal_value=-7.60701e-07 6.90926e-05 0.000225135 -9.30801e-05 -0.000103227 0.00109532 -8.52743e-05 0.000661661 -0.00123583 -0.00165052 -0.00108227 0.000155905 -0.00029963 0.000197971
internal_weight=161921 92146 33362 69775 69193 582 68123 4551 1070 820 576 28811 2423 26388
internal_count=161921 92146 33362 69775 69193 582 68123 4551 1070 820 576 28811 2423 26388
is_linear=0
shrinkage=0.05


Tree=11
num_leaves=15
num_cat=5
split_feature=29 33 16 33 18 10 33 10 40 40 40 40 40 4
split_gain=0.296031 0.238324 0.29835 0.234651 0.210822 0.170063 0.217368 0.187356 0.162091 0.157913 0.15523 0.136381 0.125309 0.114665
threshold=0.72944819927215587 -0.046018458902835839 1.2249448299407961 0.0051512659993022689 0.094573926180601134 -0.010254796128720043 -0.033655198290944092 -0.0274849459528923 0 1 2 3 4 -0.61405807733535755
decision_type=2 2 2 2 2 2 2 2 9 9 9 9 9 2
left_child=1 2 -1 5 10 6 -3 -8 -5 -7 -2 -6 -9 -12
right_child=4 3 -4 8 11 9 7 12 -10 -11 13 -13 -14 -15
leaf_value=1.9726438261131925e-05 2.1948425135832471e-06 -0.00093245533628267575 0.002587298128846581 0.00024360767533842861 1.8502618515244537e-06 4.838350720146899e-05 0.0017197240371774074 -1.1531772903894842e-06 3.9560077795102019e-05 -0.00010376263419079355 0.00079105218527966844 -0.00095633428824979088 0.00047981310782869264 -0.00019841252170395282
leaf_weight=260 21972 366 201 17702 536 29049 224 2534 21789 41165 290 1168 2856 21922
leaf_count=260 21972 366 201 17702 536 29049 224 2534 21789 41165 290 1168 2856 21922
internal_value=-5.53427e-06 3.69134e-05 0.00116569 3.23219e-05 -0.000113074 -1.8888e-05 0.000236839 0.000314722 0.000131243 -4.07543e-05 -9.18548e-05 -0.000658469 0.000253865 -0.000185011
internal_weight=162034 116146 461 115685 45888 76194 5980 5614 39491 70214 44184 1704 5390 22212
internal_count=162034 116146 461 115685 45888 76194 5980 5614 39491 70214 44184 1704 5390 22212
cat_boundaries=0 2 4 6 8 10
cat_threshold=1816383671 26848 180588926 10944 2103497018 20392 136327185 20898 3477624888 51072
is_linear=0
shrinkage=0.05


Tree=12
num_leaves=15
num_cat=0
split_feature=28 34 34 34 27 5 4 27 37 10 34 37 39 13
split_gain=0.395727 0.592888 0.380289 0.328788 0.416101 0.777896 0.480834 0.745904 0.403583 0.317557 0.298471 0.927709 0.682158 0.440579
threshold=1.0000000180025095e-35 0.65775698423385631 0.42717051506042486 0.25381019711494451 2.5000000000000004 0.019028142094612125 -0.6791957914829253 5.5000000000000009 -0.14113204181194303 0.011031376197934152 0.27110801637172705 0.03830006159842015 -0.37697423994541163 0.042913347482681281
decision_type=2 2 2 2 2 2 2 2 2 2 2 2 2 2
left_child=1 3 10 -1 5 8 7 -6 -5 -3 13 -12 -13 -2
right_child=2 9 -4 4 6 -7 -8 -9 -10 -11 11 12 -14 -15
leaf_value=-5.3850602104644932e-05 0.00012274487908471248 -0.00045392851454447184 0.0014287946583859078 0.001832967421901571 0.0025965327006882729 -0.0017677447493193183 0.00018537543327963818 0.00012383768720066631 -0.00018214191063230215 -0.0032004015145188584 -0.0014331677772453191 0.0030568791364155496 -0.00017411654052943494 0.00080267938771310028
leaf_weight=120479 16664 213 608 289 540 751 15154 704 1587 217 1018 239 485 2782
leaf_count=120479 16664 213 608 289 540 751 15154 704 1587 217 1018 239 485 2782
internal_value=1.73943e-06 -2.90988e-05 0.000199917 -2.33147e-05 0.00016976 -0.000413181 0.00026355 0.00120729 0.000129677 -0.00187229 0.000164089 -0.000461116 0.000899261 0.000220457
internal_weight=161730 139934 21796 139504 19025 2627 16398 1244 1876 430 21188 1742 724 19446
internal_count=161730 139934 21796 139504 19025 2627 16398 1244 1876 430 21188 1742 724 19446
is_linear=0
shrinkage=0.05


Tree=13
num_leaves=15
num_cat=0
split_feature=28 34 34 5 10 34 27 15 34 27 33 34 34 33
split_gain=0.357837 0.515167 0.489568 0.550997 0.460005 0.380652 0.272054 0.432062 0.402384 0.39596 0.690396 0.588658 0.669654 0.449449
threshold=1.0000000180025095e-35 0.60323816537857067 0.56372356414794933 -0.02951371110975742 0.011031376197934152 0.42717051506042486 2.5000000000000004 0.040561569854617126 0.25381019711494451 5.5000000000000009 0.031129541806876663 0.32334120571613317 0.3271040171384812 0.021652414463460449
decision_type=2 2 2 2 2 2 2 2 2 2 2 2 2 2
left_child=1 2 6 -4 -3 -2 7 -1 -8 11 13 -10 -13 -11
right_child=5 4 3 -5 -6 -7 8 -9 9 10 -12 12 -14 -15
leaf_value=-0.00014301910887023421 0.00015174723726377038 -0.00045603580992479632 0.003206584175622482 3.7794187789454869e-05 -0.002886595850583748 0.0013945470617303122 -3.3861839968113395e-05 -0.0012675301116529265 0.00015693352097477563 7.0847820456773763e-05 -0.0015958167667270839 0.0037004163989127732 0.00093090093018248022 0.0012319785913887055
leaf_weight=21102 21169 653 244 313 278 631 100700 887 2659 9739 578 252 1579 908
leaf_count=21102 21169 653 244 313 278 631 100700 887 2659 9739 578 252 1579 908
internal_value=-1.08157e-07 -2.9504e-05 -2.15919e-05 0.00145099 -0.00119869 0.000188261 -2.76066e-05 -0.000188885 2.82035e-06 0.00023813 7.87869e-05 0.000634844 0.00132383 0.000170873
internal_weight=161692 139892 138961 557 931 21800 138404 21989 116415 15715 11225 4490 1831 10647
internal_count=161692 139892 138961 557 931 21800 138404 21989 116415 15715 11225 4490 1831 10647
is_linear=0
shrinkage=0.05


Tree=14
num_leaves=15
num_cat=1
split_feature=36 37 39 24 28 33 1 41 7 3 34 34 33 34
split_gain=0.350646 0.277553 0.257001 0.2418 0.273977 0.215949 0.209749 0.190966 0.203094 0.193706 0.18385 0.181033 0.177017 0.1703
threshold=-0.018331202678382393 0.13996398448944095 -0.50721952319145192 -34.914043426513665 1.0000000180025095e-35 -0.046018458902835839 0.015712857246398929 0 0.11834422498941423 -0.25332105159759516 0.077128387987613692 0.42717051506042486 -0.033655198290944092 0.60323816537857067
decision_type=2 2 2 2 2 2 2 1 2 2 2 2 2 2
left_child=1 5 -3 6 10 -1 7 8 9 -2 -5 -8 -7 -12
right_child=3 2 -4 4 -6 12 11 -9 -10 -11 13 -13 -14 -15
leaf_value=0.0015821452826832562 0.00088702937651953691 0.0021836319402951036 0.00041056143421211021 -0.0014200273654425607 0.00045607539824136806 -0.00087317032495533948 -0.00018312988395615532 -0.00013490231471813217 0.00069502136308640348 9.4681003927487489e-06 3.8569413223598612e-05 -0.001214993136973786 7.4261730755777286e-05 -0.0010089612924735398
leaf_weight=231 644 214 3590 218 3964 492 31334 21682 1235 20730 24612 428 52161 389
leaf_count=231 644 214 3590 218 3964 492 31334 21682 1235 20730 24612 428 52161 389
internal_value=1.63421e-06 0.000101909 0.000514356 -5.23362e-05 6.99065e-05 7.21012e-05 -9.93103e-05 -2.88547e-05 7.26587e-05 3.63442e-05 8.93064e-06 -0.000197381 6.52317e-05 2.18721e-05
internal_weight=161924 56688 3804 105236 29183 52884 76053 44291 22609 21374 25219 31762 52653 25001
internal_count=161924 56688 3804 105236 29183 52884 76053 44291 22609 21374 25219 31762 52653 25001
cat_boundaries=0 1
cat_threshold=6373
is_linear=0
shrinkage=0.05


Tree=15
num_leaves=15
num_cat=5
split_feature=37 24 6 40 39 39 19 1 37 40 33 40 40 40
split_gain=0.317082 0.404086 0.253644 0.315204 0.309858 0.341892 0.215945 0.214815 0.296261 0.225845 0.21081 0.209353 0.205535 0.184678
threshold=0.0079451636411249655 -33.524732589721673 -0.16314317286014554 0 -0.50721952319145192 -0.75941741466522206 -0.016022056341171261 0.011714220046997072 0.13996398448944095 1 -0.0021640521008521314 2 3 4
decision_type=2 2 2 9 2 2 2 2 2 9 2 9 9 9
left_child=2 7 3 4 5 -1 -4 8 11 -9 -3 -2 -8 -12
right_child=1 10 6 -5 -6 -7 12 9 -10 -11 13 -13 -14 -15
leaf_value=0.00099271490673676858 0.00019193945508788111 1.5107898534066294e-05 -0.00049073940119512445 0.00084851279449032655 0.00047494537096365568 -0.0012118018323711253 8.9604677523455784e-06 7.1441220822145829e-05 0.00067030841605250733 -0.00017008959913259651 0.00019662645655648504 -4.8084906699128398e-05 -0.00017186558675120757 0.00063394591163802659
leaf_weight=220 17255 4376 3416 1592 1171 781 31035 16918 2144 22524 4565 19110 31721 5305
leaf_count=220 17255 4376 3416 1592 1171 781 31035 16918 2144 22524 4565 19110 31721 5305
internal_value=-4.98869e-07 6.03681e-05 -8.08102e-05 0.000317851 -7.34246e-05 -0.000719797 -0.000103585 1.55437e-05 9.95914e-05 -6.63912e-05 0.000305195 6.57182e-05 -8.23936e-05 0.00043323
internal_weight=162133 92197 69936 3764 2172 1001 66172 77951 38509 39442 14246 36365 62756 9870
internal_count=162133 92197 69936 3764 2172 1001 66172 77951 38509 39442 14246 36365 62756 9870
cat_boundaries=0 2 4 6 8 10
cat_threshold=208165152 22506 4112007602 22872 1256444797 39456 1750546667 77384 1078977298 10304
is_linear=0
shrinkage=0.05


Tree=16
num_leaves=15
num_cat=1
split_feature=37 5 34 39 17 34 4 27 27 39 5 40 9 34
split_gain=0.321386 0.305152 0.557792 0.370348 0.339284 0.277855 0.694822 0.523429 0.863084 0.596444 0.34181 0.25942 0.256638 0.264389
threshold=0.0087655913084745424 -0.086514886468648897 0.50087584555149089 -0.50721952319145192 0.05183925852179528 0.32003900408744818 -0.027372121810913082 1.5000000000000002 5.5000000000000009 -0.30311451852321619 0.063017394393682494 0 -0.054993314668536179 0.60323816537857067
decision_type=2 2 2 2 2 2 2 2 2 2 2 9 2 2
left_child=1 2 3 -1 -3 11 7 -7 9 -9 -10 -2 13 -6
right_child=5 4 -4 -5 12 6 -8 8 10 -11 -12 -13 -14 -15
leaf_value=-0.00097962931705767231 0.00018936417239950466 -7.8091003456340718e-05 0.0023662903627495765 0.00056807731998555569 0.00049122428401272877 -0.0011339444564744262 -0.00054987063478645814 0.0032170407921409462 0.0006449545055452941 0.00097705225645534563 -0.0014767534260649701 -5.5101125195438724e-06 -0.0012313499799998875 -0.0012807218502633839
leaf_weight=517 23136 66161 332 1475 615 262 1098 603 779 610 245 64932 1136 313
leaf_count=517 23136 66161 332 1475 615 262 1098 603 779 610 245 64932 1136 313
internal_value=1.5554e-06 -7.86323e-05 0.000483825 0.000162438 -9.7899e-05 6.33265e-05 0.000493902 0.000954689 0.00120353 0.00210332 0.000127751 4.56565e-05 -0.0007287 -0.000104727
internal_weight=162214 70549 2324 1992 68225 91665 3597 2499 2237 1213 1024 88068 2064 928
internal_count=162214 70549 2324 1992 68225 91665 3597 2499 2237 1213 1024 88068 2064 928
cat_boundaries=0 2
cat_threshold=201347380 18720
is_linear=0
shrinkage=0.05


Tree=17
num_leaves=15
num_cat=5
split_feature=37 24 40 5 40 39 17 7 39 40 40 37 15 40
split_gain=0.295668 0.348811 0.332118 0.31615 0.320193 0.352729 0.306828 0.279734 0.280237 0.263319 0.257391 0.250754 0.249856 0.169994
threshold=0.0079451636411249655 -35.351617813110344 0 -0.086514886468648897 1 -0.5490489900112151 0.056588165462017066 -0.13469959050416944 -0.64392912387847889 2 3 -0.24490206688642499 0.047000981867313392 4
decision_type=2 2 9 2 9 2 2 2 2 9 9 2 2 9
left_child=3 -2 12 4 5 -1 7 8 -5 -9 -8 -6 -3 -10
right_child=1 2 -4 6 11 -7 10 9 13 -11 -12 -13 -14 -15
leaf_value=-0.0016945314083607361 -1.0008863991668924e-05 0.00046264228171204137 7.8136579421327946e-05 0.0021017377130772706 0.0022294553569745406 0.00041330746075918489 -0.001534020215700782 -0.00023754024294735858 0.001238120793445717 -2.316750739038683e-05 -0.00018217933759500377 0.00061073690157622206 -0.00064812088052555988 5.1453338034873588e-05
leaf_weight=276 58798 10906 22006 232 315 666 654 21738 359 42156 790 1039 523 1640
leaf_count=276 58798 10906 22006 232 315 666 654 21738 359 42156 790 1039 523 1640
internal_value=4.43655e-06 6.32362e-05 0.000192175 -7.31158e-05 0.000502912 -0.000202543 -9.2799e-05 -7.69376e-05 0.000472417 -9.62333e-05 -0.000812915 0.00099053 0.000410755 0.000276054
internal_weight=162098 92233 33435 69865 2296 942 67569 66125 2231 63894 1444 1354 11429 1999
internal_count=162098 92233 33435 69865 2296 942 67569 66125 2231 63894 1444 1354 11429 1999
cat_boundaries=0 2 4 6 8 10
cat_threshold=1545605228 54050 348674080 6024 338182660 119091 1212248100 5283 2129924 111616
is_linear=0
shrinkage=0.05


Tree=18
num_leaves=15
num_cat=0
split_feature=28 34 34 34 37 39 17 6 27 34 27 38 37 39
split_gain=0.28772 0.421244 0.274401 0.311363 0.654184 0.596022 0.471422 0.273554 0.367129 0.435825 0.433434 0.890426 0.402257 0.392273
threshold=1.0000000180025095e-35 0.65775698423385631 0.42717051506042486 0.27110801637172705 0.03830006159842015 -0.37697423994541163 0.027790836989879612 -0.16314317286014554 11.500000000000002 0.56372356414794933 8.5000000000000018 1.5000000000000002 -0.24490206688642499 -0.52753317356109608
decision_type=2 2 2 2 2 2 2 2 2 2 2 2 2 2
left_child=1 7 3 6 -5 -6 -2 8 9 10 12 -12 -1 -13
right_child=2 -3 -4 4 5 -7 -8 -9 -10 -11 11 13 -14 -15
leaf_value=0.0019283067361896182 8.9762354823238078e-05 -0.0016022678141084793 0.0012023365934407668 -0.0012800734252369137 0.0029009479243076574 -0.00028680113807792908 0.00076433692740278392 -3.0703478218019086e-05 0.0023785252335759822 0.0019803364155744963 0.0011514096746657466 -0.0036209768131550166 0.00010795742775490154 -0.00071928426978232099
leaf_weight=380 16405 417 622 1052 208 461 3077 136775 222 332 312 248 1470 231
leaf_count=380 16405 417 622 1052 208 461 3077 136775 222 332 312 248 1470 231
internal_value=1.45521e-06 -2.47714e-05 0.000170351 0.000139565 -0.000503352 0.000711057 0.00019673 -1.99789e-05 0.000436898 0.000286483 6.83197e-05 -0.000905605 0.000488752 -0.00225384
internal_weight=162212 140387 21825 21203 1721 669 19482 139970 3195 2973 2641 791 1850 479
internal_count=162212 140387 21825 21203 1721 669 19482 139970 3195 2973 2641 791 1850 479
is_linear=0
shrinkage=0.05


Tree=19
num_leaves=15
num_cat=0
split_feature=36 3 4 29 5 18 3 7 22 13 9 10 4 3
split_gain=0.287884 0.251187 0.201022 0.193324 0.194062 0.158972 0.147199 0.136676 0.133755 0.132981 0.123602 0.122787 0.161278 0.11127
threshold=-0.014709734823554753 0.1423451900482178 -0.61405807733535755 0.79478609561920177 -0.094768717885017381 0.094573926180601134 0.16854572296142581 0.10642441734671594 0.64625000953674328 0.084157437086105361 0.046773573383688934 -0.0010631975019350646 -0.30670571327209467 -0.41522240638732905
decision_type=2 2 2 2 2 2 2 2 10 2 2 2 2 2
left_child=1 7 -3 4 -2 -5 9 8 -1 10 -6 -8 -13 -11
right_child=3 2 -4 5 6 -7 11 -9 -10 13 -12 12 -14 -15
leaf_value=-1.7870437586169807e-05 0.00087324325448124998 0.0018285168213612035 0.00027516898412301074 -0.00014159221207958185 -5.4315748592426543e-05 -0.00072978779132478041 0.00027574970583816091 0.0010656417107145408 0.00016564795039098325 0.00010911643833633907 0.00099057245617791847 0.00075659958369971806 -4.1486882026882523e-05 -0.0013182479168605665
leaf_weight=35609 611 209 10541 24134 56771 1207 6735 318 13743 203 279 668 10624 373
leaf_count=35609 611 209 10541 24134 56771 1207 6735 318 13743 203 279 668 10624 373
internal_value=1.06473e-06 8.75189e-05 0.00030667 -5.02983e-05 -1.04684e-05 -0.000169944 -1.77289e-05 3.99616e-05 3.3144e-05 -5.67943e-05 -4.90318e-05 0.000106853 5.59684e-06 -0.000809985
internal_weight=162025 60420 10750 101605 76264 25341 75653 49670 49352 57626 57050 18027 11292 576
internal_count=162025 60420 10750 101605 76264 25341 75653 49670 49352 57626 57050 18027 11292 576
is_linear=0
shrinkage=0.05


Tree=20
num_leaves=15
num_cat=4
split_feature=36 28 24 34 11 40 40 40 2 40 39 34 34 36
split_gain=0.311536 0.2108 0.279183 0.262002 0.332566 0.310506 0.20767 0.202941 0.159205 0.158683 0.158295 0.154008 0.150414 0.137088
threshold=-0.061609465628862374 1.0000000180025095e-35 -35.602142333984368 0.42717051506042486 0.10912194848060609 0 1 2 -0.35713887214660639 3 -0.35725964605808253 0.096043199300766005 0.068532977253198638 0.013473510742187502
decision_type=2 2 2 2 2 9 9 9 2 9 2 2 2 2
left_child=7 3 11 6 -5 10 -2 8 -1 -4 -6 -3 -8 -14
right_child=1 2 9 4 5 -7 12 -9 -10 -11 -12 -13 13 -15
leaf_value=0.0016830024686951721 6.5159482942413874e-05 -0.00051257747096973647 8.0131058522238429e-05 0.00099783478739599776 -0.002171981879034497 -0.00022974217571158993 -0.0012221941499689769 3.3791388801817316e-05 0.0003104069258337205 0.00055705368488752057 -0.00088672852317400676 4.452355940632454e-05 -2.5195486963827567e-05 -0.00015723815459925086
leaf_weight=213 34725 1410 2926 320 380 1585 283 11569 10036 4464 733 10007 50984 32104
leaf_count=213 34725 1410 2926 320 380 1585 283 11569 10036 4464 733 10007 50984 32104
internal_value=2.29126e-06 -2.50813e-05 0.000130565 -4.92963e-05 -0.000509067 -0.00069116 -3.74832e-05 0.000178029 0.000339896 0.00036994 -0.0013259 -2.4035e-05 -8.02946e-05 -7.62814e-05
internal_weight=161739 139921 18807 121114 3018 2698 118096 21818 10249 7390 1113 11417 83371 83088
internal_count=161739 139921 18807 121114 3018 2698 118096 21818 10249 7390 1113 11417 83371 83088
cat_boundaries=0 2 4 6 8
cat_threshold=1013129284 122929 943853686 2096 3434057884 21068 2251703046 45124
is_linear=0
shrinkage=0.05


Tree=21
num_leaves=15
num_cat=0
split_feature=27 37 15 4 3 8 29 5 6 39 24 13 39 15
split_gain=0.28402 0.464987 0.7128 0.437325 0.277187 0.281276 0.212878 0.20587 0.149983 0.148373 0.147839 0.193584 0.185698 0.149542
threshold=2.5000000000000004 -0.16715159267187116 0.039823565632104881 -1.2295790910720823 0.16605174541473391 70.923793792724624 0.79478609561920177 0.042314903810620315 -0.091088458895683275 -0.1128864176571369 -34.721424102783196 0.03558581322431565 -0.28848457336425776 0.02734895329922438
decision_type=2 2 2 2 2 2 2 2 2 2 2 2 2 2
left_child=1 -1 8 -2 6 9 -5 -4 -3 -6 11 -10 -13 -14
right_child=3 2 7 4 5 -7 -8 -9 10 -11 -12 12 13 -15
leaf_value=0.0014511564768776961 0.0015900292191985289 0.00034678396000675885 -0.0010402876426828149 1.9973287706685495e-05 0.00048576420547219863 -0.00014875171475224418 -0.00015495452453983424 -0.002720299701191056 -0.00014270830534544502 0.00017143214534899955 7.1452189020599133e-05 0.0001765895182238821 -0.00048481804796297249 -0.0012706286011627931
leaf_weight=438 441 1567 884 84130 4723 5979 21911 238 13875 18865 5365 687 2004 895
leaf_count=438 441 1567 884 84130 4723 5979 21911 238 13875 18865 5365 687 2004 895
internal_value=-2.13071e-06 -0.000153721 -0.000181746 2.67549e-05 2.15758e-05 0.000156955 -1.61301e-05 -0.00141158 -0.000124695 0.000234672 -0.00015735 -0.000227938 -0.000555657 -0.000730911
internal_weight=162002 25953 25515 136049 135608 29567 106041 1122 24393 23588 22826 17461 3586 2899
internal_count=162002 25953 25515 136049 135608 29567 106041 1122 24393 23588 22826 17461 3586 2899
is_linear=0
shrinkage=0.05


Tree=22
num_leaves=15
num_cat=1
split_feature=1 12 24 33 33 33 26 25 1 16 41 22 24 33
split_gain=0.246381 0.255053 0.228855 0.226231 0.173312 0.320137 0.396578 0.173944 0.17214 0.161566 0.142471 0.13683 0.131885 0.128877
threshold=0.026704549789428714 0.17638637870550158 -32.430538177490227 0.0022112962324172263 -0.046018458902835839 -0.033655198290944092 1.5000000000000002 -0.021530085243284699 0.11071741580963136 1.2332678437232973 0 0.29995000362396246 -34.888593673706048 -0.012947476934641598
decision_type=2 2 2 2 2 2 2 2 2 2 1 8 2 2
left_child=1 3 8 -1 9 6 -6 -7 -2 -3 -10 -4 -5 -9
right_child=2 4 11 12 5 7 -8 13 10 -11 -12 -13 -14 -15
leaf_value=-6.4537399026106111e-05 -0.00010792795171393124 0.00016720703682366085 -0.00086155260393500847 4.1204331463075791e-05 0.00057427907659740444 0.00077264912872964775 -0.0017909184140531579 -0.00014041404413666234 -4.2080824647361143e-05 0.0021640075163798789 -0.0007757981330344184 0.00029124506327075824 0.00025790337365773293 0.000210085356048105
leaf_weight=54014 37432 207 266 28522 285 1237 445 3004 1073 207 1819 4585 9346 19702
leaf_count=54014 37432 207 266 28522 285 1237 445 3004 1073 207 1819 4585 9346 19702
internal_value=1.4012e-06 3.9735e-05 -9.77371e-05 1.09749e-06 0.000181019 0.000163624 -0.000863092 0.00019531 -0.000136852 0.00119145 -0.000508663 0.000226181 9.48457e-05 0.000163473
internal_weight=162144 116969 45175 91882 25087 24673 730 23943 40324 414 2892 4851 37868 22706
internal_count=162144 116969 45175 91882 25087 24673 730 23943 40324 414 2892 4851 37868 22706
cat_boundaries=0 1
cat_threshold=530
is_linear=0
shrinkage=0.05


Tree=23
num_leaves=15
num_cat=0
split_feature=28 34 12 34 24 27 4 4 27 34 7 27 27 5
split_gain=0.254699 0.432628 0.313359 0.228984 0.322827 0.208179 0.350479 0.300731 0.360475 0.500014 0.256279 0.240236 0.208047 0.19771
threshold=1.0000000180025095e-35 0.65775698423385631 0.29432259500026708 0.068532977253198638 -36.279766082763665 1.5000000000000002 -0.75763368606567372 -0.61405807733535755 5.5000000000000009 0.32003900408744818 0.10849886387586595 2.5000000000000004 9.5000000000000018 0.017233020626008514
decision_type=2 2 2 2 2 2 2 2 2 2 2 2 2 2
left_child=1 3 -2 4 -1 6 -5 8 9 11 -8 -7 -10 -9
right_child=2 -3 -4 5 -6 7 10 13 12 -11 -12 -13 -14 -15
leaf_value=0.00013875979366469542 0.00010860186118649991 -0.001632932501593666 0.00087709161403874713 -0.0018341288494287255 -0.0024670558974238862 -0.0006524609601073582 -0.00010471789726276289 3.3282879359694969e-05 -0.00078329532077523172 0.0026596070145176363 -0.0010296291938479037 0.0010846806969612526 0.0004523756448034445 -0.00010252802856110344
leaf_weight=239 20409 412 1417 322 224 300 10494 86164 540 377 804 558 903 38878
leaf_count=239 20409 412 1417 322 224 300 10494 86164 540 377 804 558 903 38878
internal_value=1.78271e-08 -2.4685e-05 0.000158913 -1.98515e-05 -0.00112414 -1.61061e-05 -0.000218681 2.2929e-06 0.000526092 0.00115133 -0.000171406 0.000471234 -7.69259e-06 -8.90581e-06
internal_weight=162041 140215 21826 139803 463 139340 11620 127720 2678 1235 11298 858 1443 125042
internal_count=162041 140215 21826 139803 463 139340 11620 127720 2678 1235 11298 858 1443 125042
is_linear=0
shrinkage=0.05


Tree=24
num_leaves=15
num_cat=1
split_feature=27 37 15 4 27 34 27 40 34 34 33 33 34 34
split_gain=0.256376 0.365591 0.459526 0.359802 0.968855 0.386026 0.502497 0.333939 0.308105 0.293884 0.229824 0.340913 0.290646 0.435435
threshold=2.5000000000000004 -0.17913261055946347 0.040561569854617126 -0.6791957914829253 5.5000000000000009 0.60323816537857067 9.5000000000000018 0 0.32334120571613317 0.10561449080705644 0.021049814298748974 0.031129541806876663 0.54255059361457836 0.35462349653244024
decision_type=2 2 2 2 2 2 2 9 2 2 2 2 2 2
left_child=1 -1 9 4 8 6 -6 -4 -2 -3 -5 -12 13 -13
right_child=3 2 7 10 5 -7 -8 -9 -10 -11 11 12 -14 -15
leaf_value=0.0014609938991289322 0.0012445249710482424 -0.00054220125407980653 -0.0028502805197901764 5.4799203794923804e-06 -0.0010628818958167377 -0.0021225008614702058 0.00095352298733927137 -0.00067344092504303434 0.0032841342021233035 -4.9856534176455753e-05 0.00066126559682427258 7.9850254281349154e-05 0.0010207830264808886 -0.0020552960216382562
leaf_weight=345 525 3541 224 129012 485 201 828 822 303 21115 3079 636 312 373
leaf_count=345 525 3541 224 129012 485 201 828 822 303 21115 3079 636 312 373
internal_value=8.8013e-07 -0.000142759 -0.000164761 2.84811e-05 0.000642245 -0.00010781 0.000203697 -0.00118924 0.00201214 -0.000120864 1.76455e-05 0.000372807 -0.000295724 -0.000710767
internal_weight=161801 26047 25702 135754 2342 1514 1313 1046 828 24656 133412 4400 1321 1009
internal_count=161801 26047 25702 135754 2342 1514 1313 1046 828 24656 133412 4400 1321 1009
cat_boundaries=0 2
cat_threshold=207618048 256
is_linear=0
shrinkage=0.05


Tree=25
num_leaves=15
num_cat=6
split_feature=36 37 24 40 40 1 40 12 40 34 3 39 40 40
split_gain=0.286961 0.249777 0.265294 0.222861 0.213989 0.175896 0.191821 0.188539 0.30085 0.186667 0.175581 0.182978 0.252635 0.176734
threshold=-0.084347128868103013 0.0072853753808885821 -33.724298477172844 0 1 0.024739980697631839 2 0.18029420077800754 3 0.32003900408744818 -0.22621178627014157 -0.42657867074012751 4 5
decision_type=2 2 2 9 9 2 9 2 9 2 2 2 9 9
left_child=3 4 5 -1 -2 7 -7 -3 -9 -10 13 12 -12 -6
right_child=1 2 -4 -5 10 6 -8 8 9 -11 11 -13 -14 -15
leaf_value=0.00048602104511565259 -0.00024268039244342715 1.2521995996166096e-05 0.00023995716211872335 5.1311499346480618e-05 5.5785849830806821e-06 5.4391743200355785e-05 -0.00021458637102057142 -0.00016356322157659378 0.00042728159328677339 0.0016123819139413952 -0.001483102562021877 -4.7684594846242887e-05 2.1781422122002057e-05 0.000794371699989668
leaf_weight=5018 17834 37373 13314 7216 1737 11281 15964 2422 4520 359 518 42808 580 1207
leaf_count=5018 17834 37373 13314 7216 1737 11281 15964 2422 4520 359 518 42808 580 1207
internal_value=-2.16866e-06 -2.12033e-05 3.49765e-05 0.000230589 -9.53046e-05 -2.91511e-06 -0.0001031 5.80765e-05 0.000290412 0.000516011 -3.90176e-05 -6.41993e-05 -0.000700393 0.00033418
internal_weight=162151 149917 85233 12234 64684 71919 27245 44674 7301 4879 46850 43906 1098 2944
internal_count=162151 149917 85233 12234 64684 71919 27245 44674 7301 4879 46850 43906 1098 2944
cat_boundaries=0 2 4 6 8 10 12
cat_threshold=1236247052 17248 69779716 20785 3037217202 51606 119276163 70755 2017464320 74752 281020579 102080
is_linear=0
shrinkage=0.05


Tree=26
num_leaves=15
num_cat=3
split_feature=27 4 10 4 27 1 33 40 1 24 15 40 25 41
split_gain=0.246412 0.360995 0.306538 0.291354 0.265182 0.247223 0.229251 0.186778 0.176379 0.197369 0.165503 0.313776 0.162259 0.161336
threshold=2.5000000000000004 -0.75763368606567372 0.0076122411992400893 -0.98476481437683094 5.5000000000000009 -0.13044321537017819 0.0069513744674623021 0 0.091827869415283217 -34.940214157104485 0.029462984763085846 1 -0.010449036024510859 2
decision_type=2 2 2 2 2 2 2 9 2 2 2 9 2 1
left_child=1 2 13 4 -2 -3 12 10 9 -8 -7 -12 -5 -1
right_child=3 5 -4 6 -6 7 8 -9 -10 -11 11 -13 -14 -15
leaf_value=0.00044563413543516578 0.0020586803764430952 0.0013796840191495987 -0.0028937675088678456 0.00015853164845766086 0.00027293312726762444 -0.00019806610078059442 7.1808310564109207e-05 6.4329364374984804e-06 -0.00028627147120798761 0.00032542807982609994 -0.0015172791262746481 -3.8980575400951335e-05 -4.3373373398802715e-05 -0.0013182332431876734
leaf_weight=215 322 270 200 11241 598 10801 23841 12859 2422 11360 698 750 86023 286
leaf_count=215 322 270 200 11241 598 10801 23841 12859 2422 11360 698 750 86023 286
internal_value=-3.82274e-07 -0.000141168 -0.0012571 2.66202e-05 0.0009111 -0.000109905 2.0517e-05 -0.000126394 0.000125334 0.000153833 -0.000265977 -0.000768507 -1.99804e-05 -0.000571724
internal_weight=161886 26079 701 135807 920 25378 134887 25108 37623 35201 12249 1448 97264 501
internal_count=161886 26079 701 135807 920 25378 134887 25108 37623 35201 12249 1448 97264 501
cat_boundaries=0 2 4 5
cat_threshold=3380357696 109851 157294592 11265 387
is_linear=0
shrinkage=0.05


Tree=27
num_leaves=15
num_cat=6
split_feature=36 37 40 40 40 30 34 24 40 40 40 6 6 3
split_gain=0.257212 0.257909 0.223125 0.217761 0.213392 0.195374 0.167614 0.163064 0.138405 0.130145 0.126237 0.19887 0.16049 0.126114
threshold=-0.067857619374990449 0.0079451636411249655 0 1 2 0.83503401279449474 0.32003900408744818 -35.704065322875969 3 4 5 0.054854415357112891 0.14467744529247287 0.32800340652465826
decision_type=2 2 9 9 9 2 2 2 9 9 9 2 2 2
left_child=2 3 6 -2 7 -6 -1 -3 -8 -7 11 -9 -12 -5
right_child=1 4 -4 13 5 9 8 10 -10 -11 12 -13 -14 -15
leaf_value=0.00028472006990683854 -0.00020610355983226541 1.5524577407681885e-05 1.1134167150019139e-05 -2.7806261929363833e-05 3.187917118054663e-05 -0.00045353569496192088 0.00022804661866031957 -0.00010673337170939537 0.0015381589320260125 -9.5386113589058106e-05 0.00029348236900508459 0.001048865546290634 -0.00010037250430822416 0.00083942538507849435
leaf_weight=7911 26755 13630 9832 35400 38165 3488 371 545 507 9477 11166 1116 3341 419
leaf_count=7911 26755 13630 9832 35400 38165 3488 371 545 507 9477 11166 1116 3341 419
internal_value=6.94239e-07 -2.19632e-05 0.00017553 -9.82112e-05 3.69328e-05 -2.49743e-05 0.000358336 0.000143273 0.00101466 -0.000192686 0.000250709 0.000663529 0.000202289 -1.74015e-05
internal_weight=162123 143502 18621 62574 80928 51130 8789 29798 878 12965 16168 1661 14507 35819
internal_count=162123 143502 18621 62574 80928 51130 8789 29798 878 12965 16168 1661 14507 35819
cat_boundaries=0 2 4 6 8 10 12
cat_threshold=3417276564 21100 86561668 53671 742412598 22578 184811524 72 35981313 65601 603979776 16386
is_linear=0
shrinkage=0.05


Tree=28
num_leaves=15
num_cat=5
split_feature=36 34 23 27 39 4 3 40 34 40 40 40 40 7
split_gain=0.278422 0.172173 0.189506 0.172076 0.293504 0.149847 0.229467 0.279824 0.256741 0.172859 0.148613 0.146313 0.145856 0.137247
threshold=-9.0027842958306779e-08 0.089139107614755644 0.24671428650617602 2.5000000000000004 -0.57315960526466359 -0.56313467025756825 -0.12794995307922361 0 0.32334120571613317 1 2 3 4 0.0092566325329244154
decision_type=2 2 8 2 2 2 2 9 2 9 9 9 9 2
left_child=1 2 12 4 -2 6 7 -3 -8 -7 13 -6 -1 -5
right_child=3 5 -4 10 11 9 8 -9 -10 -11 -12 -13 -14 -15
leaf_value=-0.000586684395501818 -0.0018043294153387 -0.0005866992393440179 -0.0016925306341966284 -0.00010194534969262773 7.055999973535039e-06 0.00017599026472178597 0.00061561937628573508 0.0008352897773357444 0.0026987818896861832 1.721119033782038e-05 -0.00010980524727577639 -0.00033541267015270714 1.5105912156468307e-05 0.00010684151148075638
leaf_weight=1356 285 692 202 11641 5311 27081 556 661 204 46907 31588 7461 3740 24195
leaf_count=1356 285 692 202 11641 5311 27081 556 661 204 46907 31588 7461 3740 24195
internal_value=2.91825e-06 6.81479e-05 -0.000207048 -6.29934e-05 -0.000229155 8.73845e-05 0.000502487 0.000106671 0.0011953 7.5429e-05 -3.07266e-05 -0.000192922 -0.000145584 3.88639e-05
internal_weight=161880 81399 5298 80481 13057 76101 2113 1353 760 73988 67424 12772 5096 35836
internal_count=161880 81399 5298 80481 13057 76101 2113 1353 760 73988 67424 12772 5096 35836
cat_boundaries=0 2 4 6 8 10
cat_threshold=134791200 17794 2315489526 4706 2092970347 93368 610701373 40612 1073744512 117224
is_linear=0
shrinkage=0.05


Tree=29
num_leaves=15
num_cat=2
split_feature=34 34 1 11 27 34 11 40 34 40 33 26 34 34
split_gain=0.24532 0.374447 0.336433 0.320927 0.208122 0.418937 0.622395 0.548333 0.36518 0.331105 0.279944 0.815717 0.515828 0.483084
threshold=0.60323816537857067 0.56372356414794933 -0.052268981933593743 0.25179156661033636 2.5000000000000004 0.24484682828187945 0.31077291071414953 0 0.23343458026647571 1 -0.027420893311500546 1.5000000000000002 0.33245882391929632 0.24326300621032718
decision_type=2 2 2 2 2 2 2 9 2 9 2 2 2 2
left_child=1 4 -3 -2 5 8 9 -8 -1 -7 11 12 -6 -13
right_child=3 2 -4 -5 10 6 7 -9 -10 -11 -12 13 -14 -15
leaf_value=-9.3053596114225817e-05 0.00064873616547665974 0.0028922924731726272 0.00032967762861272005 -0.0012669735198302385 -0.00027813625070040722 -0.00064174824417774794 -0.00037177266650683944 -0.0020906526119773838 0.00107394640765538 0.0010345280686457751 3.3667988814352774e-05 -5.8480230915103515e-05 0.0019125566332851244 -0.0021405703466052615
leaf_weight=21983 293 203 351 798 862 550 960 934 686 599 131757 435 383 797
leaf_count=21983 293 203 351 798 862 550 960 934 686 599 131757 435 383 797
internal_value=-1.78429e-06 3.27542e-06 0.0012951 -0.000747314 -1.20812e-06 -0.000131542 -0.000682052 -0.00123829 -5.72888e-05 0.0002319 2.37235e-05 -0.000502232 0.000396742 -0.00141267
internal_weight=161591 160500 554 1091 159946 25712 3043 1894 22669 1149 134234 2477 1245 1232
internal_count=161591 160500 554 1091 159946 25712 3043 1894 22669 1149 134234 2477 1245 1232
cat_boundaries=0 2 4
cat_threshold=1670661057 4838 406489444 11536
is_linear=0
shrinkage=0.05


Tree=30
num_leaves=15
num_cat=0
split_feature=33 34 34 26 5 37 5 34 25 34 27 37 39 27
split_gain=0.239522 0.207717 0.382513 0.305934 0.271538 0.219558 0.197258 0.227758 0.208562 0.180741 0.185748 0.17429 0.169197 0.753257
threshold=0.0099724978208541887 0.42717051506042486 0.52650606632232677 1.5000000000000002 0.0092749269679188746 0.10878366231918336 -0.1308324187994003 0.38200022280216223 0.017152569256722931 0.60323816537857067 1.5000000000000002 -0.12215417250990866 -0.52753317356109608 2.5000000000000004
decision_type=2 2 2 2 2 2 2 2 2 2 2 2 2 2
left_child=6 12 3 -3 -4 -6 7 -1 9 10 11 -8 13 -2
right_child=1 2 4 -5 5 -7 8 -9 -10 -11 -12 -13 -14 -15
leaf_value=3.4219557338575309e-06 -0.001501171676651887 -0.0030069142171691749 0.0010247863155150503 -0.00054287212184888614 -0.0012327014346045382 0.00074007422345474154 0.001025093419149444 0.0020787629660342739 -0.00052874314292225425 -0.00091681501218398686 -8.8809443675292394e-06 -0.00025331702223674898 0.00013182346547238784 0.001624493347546576
leaf_weight=310 256 205 466 338 411 206 267 232 2138 569 118642 10930 26327 725
leaf_count=310 256 205 466 338 411 206 267 232 2138 569 118642 10930 26327 725
internal_value=-7.0166e-06 0.000123315 -0.000424053 -0.0015012 0.000115833 -0.000565351 -3.53925e-05 0.000911782 -3.93376e-05 -3.12557e-05 -2.73012e-05 -0.000221942 0.000156162 0.000800278
internal_weight=162022 28934 1626 543 1083 617 133088 542 132546 130408 129839 11197 27308 981
internal_count=162022 28934 1626 543 1083 617 133088 542 132546 130408 129839 11197 27308 981
is_linear=0
shrinkage=0.05


Tree=31
num_leaves=15
num_cat=0
split_feature=28 34 34 5 34 10 34 37 3 34 22 34 7 34
split_gain=0.233784 0.341687 0.374865 0.379627 0.28265 0.273681 0.244208 0.426705 0.340835 0.328302 0.220089 0.285993 0.217095 0.270939
threshold=1.0000000180025095e-35 0.60323816537857067 0.56372356414794933 -0.037003371864557259 0.52650606632232677 0.011031376197934152 0.42717051506042486 -0.10370803251862525 -0.0632498264312744 0.25381019711494451 0.6066499948501588 0.50087584555149089 0.13550679385662082 0.20105746388435367
decision_type=2 2 2 2 2 2 2 2 2 2 8 2 2 2
left_child=1 2 6 -4 -2 -3 9 8 10 12 11 -8 -1 -14
right_child=4 5 3 -5 -6 -7 7 -9 -10 -11 -12 -13 13 -15
leaf_value=-3.2698408593080903e-05 0.00011906483245179901 -0.00040647821627263987 0.0028362316532466181 0.00015964312031714324 0.0013103474076185911 -0.0022651458399421324 -0.0025973714386722741 5.2527752622986428e-06 -0.002877434985360269 0.00019765886330996423 0.00031709708772506242 -2.0722760202749291e-05 -0.00018212344193320156 -0.0011159798061664687
leaf_weight=115796 21303 679 224 326 506 282 239 1522 258 15562 284 200 3742 983
leaf_count=115796 21303 679 224 326 506 282 239 1522 258 15562 284 200 3742 983
internal_value=-4.99556e-06 -2.87323e-05 -2.21885e-05 0.00127448 0.000147228 -0.000965971 -2.74164e-05 -0.000516392 -0.00132671 -1.83672e-05 -0.000750502 -0.00144821 -4.63096e-05 -0.000378436
internal_weight=161906 140097 139136 550 21809 961 138586 2503 981 136083 723 439 120521 4725
internal_count=161906 140097 139136 550 21809 961 138586 2503 981 136083 723 439 120521 4725
is_linear=0
shrinkage=0.05


Tree=32
num_leaves=15
num_cat=0
split_feature=36 33 17 7 34 13 34 22 28 17 27 13 14 34
split_gain=0.232937 0.18842 0.153566 0.157568 0.143862 0.236758 0.139615 0.322549 0.127744 0.164386 0.157075 0.180181 0.127369 0.120958
threshold=0.017177359201014045 0.0099724978208541887 0.053913066163659103 0.16487523913383487 0.60323816537857067 0.11117490008473398 0.089139107614755644 0.11834999918937684 1.0000000180025095e-35 0.059795955196022994 9.5000000000000018 0.040357369929552085 0.050387393683195121 0.56372356414794933
decision_type=2 2 2 2 2 2 2 10 2 2 2 2 2 2
left_child=1 4 12 13 5 6 7 -1 9 -3 -10 -12 -2 -4
right_child=2 8 3 -5 -6 -7 -8 -9 10 -11 11 -13 -14 -15
leaf_value=-0.0021420598302970078 -8.3355625441918109e-05 0.00015144517045012106 -0.0016337596738771798 0.00016398324949965247 -0.00094569924589227522 0.0015793023997594368 2.7903400891789729e-05 -0.00014468457166441734 0.00023871918557213034 -0.00092859706350879954 0.00046411853010745345 0.0019559422809468422 0.00067071364172726603 -0.0003625328470162791
leaf_weight=204 50300 16331 422 383 387 236 82945 6710 1964 354 541 335 560 361
leaf_count=204 50300 16331 422 383 387 236 82945 6710 1964 354 541 335 560 361
internal_value=-8.429e-07 4.03533e-05 -8.80423e-05 -0.00065472 9.89355e-06 1.4106e-05 9.852e-06 -0.000205846 0.000181214 0.000127959 0.000491553 0.00104816 -7.48894e-05 -0.00106003
internal_weight=162033 110007 52026 1166 90482 90095 89859 6914 19525 16685 2840 876 50860 783
internal_count=162033 110007 52026 1166 90482 90095 89859 6914 19525 16685 2840 876 50860 783
is_linear=0
shrinkage=0.05


Tree=33
num_leaves=15
num_cat=1
split_feature=34 22 28 34 34 4 13 13 1 34 10 34 3 40
split_gain=0.192642 0.291725 0.248217 0.246945 0.32602 0.496341 0.354898 0.30619 0.248305 0.242161 0.234467 0.182376 0.239773 0.305423
threshold=0.089139107614755644 0.086050000041723265 1.0000000180025095e-35 0.40313921868801122 0.27110801637172705 -0.61405807733535755 0.065863776952028288 0.042660214006900794 0.014087915420532228 0.65775698423385631 0.011031376197934152 0.25381019711494451 0.15481764078140262 0
decision_type=2 10 2 2 2 2 2 2 2 2 2 2 2 9
left_child=1 -1 9 4 7 -6 -7 -4 -5 11 -11 -2 -13 -14
right_child=2 -3 3 8 5 6 -8 -9 -10 10 -12 12 13 -15
leaf_value=-0.0017356521808056604 -2.7285094151951312e-05 -0.00015653575401932963 0.00011793227808419743 0.00184042735144619 0.0017070628211305024 -0.00053790977750009788 -0.0027873073858811922 0.0006867470504467809 1.8900556862712743e-05 0 -0.002358905959280217 3.8502218381610679e-05 -3.189407614281064e-05 0.00078555387760367509
leaf_weight=297 111246 10255 15250 434 208 1188 204 2805 336 207 210 14444 1929 2762
leaf_count=297 111246 10255 15250 434 208 1188 204 2805 336 207 210 14444 1929 2762
internal_value=4.20434e-06 -0.000202257 1.865e-05 0.000180741 0.000145887 -0.000536243 -0.000879938 0.000206745 0.00105728 -6.62934e-06 -0.00120247 -2.72034e-06 0.000139801 0.000450273
internal_weight=161775 10552 151223 20425 19655 1600 1392 18055 770 130798 417 130381 19135 4691
internal_count=161775 10552 151223 20425 19655 1600 1392 18055 770 130798 417 130381 19135 4691
cat_boundaries=0 2
cat_threshold=62075283 67679
is_linear=0
shrinkage=0.05


Tree=34
num_leaves=15
num_cat=3
split_feature=27 37 15 37 3 40 39 40 3 40 13 13 27 15
split_gain=0.168144 0.323424 0.350886 0.284036 0.200637 0.237192 0.18578 0.194502 0.280904 0.248155 0.224157 0.169658 0.308554 0.191302
threshold=2.5000000000000004 -0.21487142145633695 0.043302718549966819 -0.083383407443761812 0.16150331497192386 0 -0.75941741466522206 1 -0.26345944404602045 2 0.065863776952028288 0.074391629546880736 7.5000000000000009 0.038336204364895828
decision_type=2 2 2 2 2 9 2 9 2 9 2 2 2 2
left_child=1 -1 -3 -4 6 -6 -2 11 9 -9 -10 13 -13 -8
right_child=4 2 3 -5 5 -7 7 8 10 -11 -12 12 -14 -15
leaf_value=0.0018577488697724557 0.0010366219410837705 -0.00010074186007768083 0.00046708870417347587 -0.0016673428036879561 0.0003075118569312535 2.2175310769674561e-05 -0.00014561693037126299 8.1298029731648194e-05 1.3815338184645261e-05 0.00096818294380166903 -0.00054070211363030666 0.00017469877687410258 -0.0018022774403219117 0.00068177368118934592
leaf_weight=200 415 24869 200 627 11867 18948 21793 1809 76391 1416 1862 366 411 715
leaf_count=200 415 24869 200 627 11867 18948 21793 1809 76391 1416 1862 366 411 715
internal_value=-2.0494e-06 -0.000118838 -0.000134775 -0.00114544 2.01564e-05 0.000132361 -1.26744e-05 -1.6928e-05 1.94459e-05 0.000476395 5.23215e-07 -0.000144344 -0.000869481 -0.000118966
internal_weight=161889 25896 25696 827 135993 30815 105178 104763 81478 3225 78253 23285 777 22508
internal_count=161889 25896 25696 827 135993 30815 105178 104763 81478 3225 78253 23285 777 22508
cat_boundaries=0 2 4 6
cat_threshold=1959289448 50432 1141424128 54656 274729379 68200
is_linear=0
shrinkage=0.05


Tree=35
num_leaves=15
num_cat=5
split_feature=1 37 37 24 40 40 37 27 40 5 27 40 17 40
split_gain=0.215239 0.264846 0.22582 0.230547 0.213995 0.201058 0.173758 0.180337 0.161816 0.181609 0.152269 0.14292 0.130017 0.127285
threshold=0.0085630416870117205 0.13996398448944095 -0.0376994851976633 -32.89448165893554 0 1 -0.24490206688642499 7.5000000000000009 2 0.095759913325309767 11.500000000000002 3 0.035038415342569358 4
decision_type=2 2 2 2 9 9 2 2 9 2 2 9 2 9
left_child=1 4 11 8 6 -3 7 -1 -4 -10 -6 -2 -12 -5
right_child=2 5 3 13 10 -7 -8 -9 9 -11 12 -13 -14 -15
leaf_value=0.0018753010239312756 -7.782868172920976e-05 0.0010444181974777612 1.7984828193296751e-05 0.00071665442437214187 -6.9052753286570127e-05 0.00016660189972450518 0.00010381034923773598 2.0873031581654916e-05 -0.00013157735001703949 -0.00095060293740496273 0.00019345363165411281 -0.00048086034963476 0.0014899754074274491 0.00014041616760128924
leaf_weight=279 4073 1125 28136 1130 40533 1601 42764 254 26714 692 3412 4900 202 6298
leaf_count=279 4073 1125 28136 1130 40533 1601 42764 254 26714 692 3412 4900 202 6298
internal_value=-5.27575e-08 5.1377e-05 -6.4581e-05 -3.10421e-05 3.61702e-05 0.000536384 0.000115161 0.00100928 -6.61043e-05 -0.000152554 -4.12075e-05 -0.000299242 0.000269261 0.000230326
internal_weight=162113 90170 71943 62970 87444 2726 43297 533 55542 27406 44147 8973 3614 7428
internal_count=162113 90170 71943 62970 87444 2726 43297 533 55542 27406 44147 8973 3614 7428
cat_boundaries=0 2 4 6 8 10
cat_threshold=1223143551 76360 1424525888 17169 4279255474 52184 2194557515 48064 1092878533 17538
is_linear=0
shrinkage=0.05


Tree=36
num_leaves=15
num_cat=3
split_feature=36 34 23 40 40 40 37 28 34 17 34 34 39 36
split_gain=0.200907 0.171803 0.310823 0.161443 0.155942 0.147289 0.144937 0.133863 0.138052 0.127652 0.115514 0.113005 0.116047 0.110841
threshold=0.020362470299005512 0.089139107614755644 0.30044287443161016 0 1 2 -0.24490206688642499 1.0000000180025095e-35 0.42717051506042486 0.05183925852179528 0.60323816537857067 0.26499013602733618 -0.33148910105228419 0.092524256557226195
decision_type=2 2 8 9 9 9 2 2 2 2 2 2 2 2
left_child=1 2 5 6 9 -1 -3 10 11 -2 -5 -9 -13 -6
right_child=4 3 -4 7 13 -7 -8 8 -10 -11 -12 12 -14 -15
leaf_value=9.7643742103107603e-05 1.2665820799169519e-05 0.0012215328371412643 -0.0020667470987582757 -3.1340218572870857e-05 -0.00014384069887072809 -0.00034943152747804072 0.00010992913649103657 0.00021750618627256846 0.001449570223891708 -0.00064674944287426792 -0.0010033747762201247 0.0005214132760222789 -0.00083888592195372792 -0.00049175729094403807
leaf_weight=3443 26113 291 211 48213 19397 3907 49396 6601 207 750 303 215 519 2612
leaf_count=3443 26113 291 211 48213 19397 3907 49396 6601 207 750 303 215 519 2612
internal_value=-1.9927e-06 3.45248e-05 -0.000195511 5.10286e-05 -8.67528e-05 -0.000139744 0.000116639 -7.06066e-06 0.000188723 -5.67341e-06 -3.76167e-05 0.000151496 -0.000432835 -0.000185376
internal_weight=162178 113306 7561 105745 48872 7350 49687 56058 7542 26863 48516 7335 734 22009
internal_count=162178 113306 7561 105745 48872 7350 49687 56058 7542 26863 48516 7335 734 22009
cat_boundaries=0 2 4 6
cat_threshold=3393427510 55918 1636080060 19896 2398810426 34321
is_linear=0
shrinkage=0.05


Tree=37
num_leaves=15
num_cat=4
split_feature=25 18 33 33 27 40 40 13 40 40 27 15 34 34
split_gain=0.17987 0.238139 0.252471 0.214067 0.228091 0.202524 0.201007 0.154572 0.145938 0.12381 0.114883 0.359169 0.288588 0.255394
threshold=-0.021530085243284699 0.081407863646745696 -0.046018458902835839 0.0068891991395503291 10.500000000000002 0 1 0.068711638450622572 2 3 2.5000000000000004 0.045503810048103339 0.24923912435770038 0.15547178685665133
decision_type=2 2 2 2 2 9 9 2 9 9 2 2 2 2
left_child=5 3 -3 9 10 7 -4 -1 -6 -2 11 -5 13 -12
right_child=1 2 6 4 8 -7 -8 -9 -10 -11 12 -13 -14 -15
leaf_value=0.00044789130932571523 2.3435541433327136e-05 0.0012598452923108191 -0.00070544160164614806 -7.7346817834103649e-05 0.00062541929556296548 1.265413338934245e-05 -7.966686754930329e-05 0.0015776565328997098 0.00016637343817228615 -8.2166591487966867e-05 0.00012691455205795433 -0.0022038397394103459 0.00037686733945239991 -0.0002271017640159019
leaf_weight=954 53328 232 2677 5789 2964 1786 2514 457 4305 57735 14507 201 6690 7845
leaf_count=954 53328 232 2677 5789 2964 1786 2514 457 4305 57735 14507 201 6690 7845
internal_value=9.63859e-07 -6.48686e-06 -0.000331972 5.00024e-06 0.000100739 0.000372016 -0.000405221 0.000815852 0.000355631 -3.14222e-05 4.76646e-05 -0.000151316 8.8896e-05 2.41692e-06
internal_weight=161984 158787 5423 153364 42301 3197 5191 1411 7269 111063 35032 5990 29042 22352
internal_count=161984 158787 5423 153364 42301 3197 5191 1411 7269 111063 35032 5990 29042 22352
cat_boundaries=0 2 4 6 8
cat_threshold=1085530695 116872 1781066592 102057 1296867493 49570 987992442 35432
is_linear=0
shrinkage=0.05


Tree=38
num_leaves=15
num_cat=4
split_feature=36 37 40 40 40 11 13 40 7 13 12 36 34 24
split_gain=0.181446 0.160988 0.200808 0.160008 0.158191 0.134475 0.114685 0.125231 0.11594 0.128634 0.109435 0.107892 0.111637 0.105065
threshold=8.9359602384320182e-08 0.14840021729469302 0 1 2 0.72285339236259472 0.065863776952028288 3 0.020433060824871067 0.076983563601970686 0.22614578902721408 0.099064994603395476 0.35462349653244024 -35.704065322875969
decision_type=2 2 9 9 9 2 2 9 2 2 2 2 2 2
left_child=1 4 10 6 -1 -4 13 -8 -9 -10 -3 -5 -13 -2
right_child=3 2 5 11 -6 -7 7 8 9 -11 -12 12 -14 -15
leaf_value=0.00011923759190890988 -3.6230977502648063e-05 0.00040750308074617898 0.00055650646870534907 -0.00010097724832857438 -2.1988617285720627e-05 -0.00018273466735563412 0.0007420037649182136 -0.00090581831453081108 -0.00052769828841819032 0.00083668655272796334 0.0011796101868171913 -0.00030850333429418924 -0.0013141177934750485 0.00014168074455715197
leaf_weight=33532 18059 1171 909 37698 48376 1867 212 869 496 258 793 2131 319 15297
leaf_count=33532 18059 1171 909 37698 48376 1867 212 869 496 258 793 2131 319 15297
internal_value=2.88405e-06 5.22559e-05 0.000335536 -5.38323e-05 3.5782e-05 5.78888e-05 2.38864e-05 -0.000360097 -0.000510387 -5.18159e-05 0.00072034 -0.00012205 -0.000443885 4.52181e-05
internal_weight=161987 86648 4740 75339 81908 2776 35191 1835 1623 754 1964 40148 2450 33356
internal_count=161987 86648 4740 75339 81908 2776 35191 1835 1623 754 1964 40148 2450 33356
cat_boundaries=0 2 4 6 8
cat_threshold=1440749712 34239 1749293373 117944 2325983350 70240 1073741824 1168
is_linear=0
shrinkage=0.05


Tree=39
num_leaves=15
num_cat=2
split_feature=1 37 34 4 40 33 40 8 34 30 24 15 37 33
split_gain=0.182085 0.22774 0.302871 0.451054 0.209141 0.188524 0.187184 0.170938 0.173713 0.145498 0.138962 0.12502 0.110135 0.179394
threshold=0.030960321426391605 0.083525769412517561 0.32003900408744818 -0.30670571327209467 0 -0.0050022758077830068 1 35.677028656005866 0.45017996430397039 0.77664399147033703 -30.023153305053707 0.030193642713129524 -0.16715159267187116 -0.017450836487114426
decision_type=2 2 2 2 9 2 9 2 2 2 2 2 2 2
left_child=1 6 -3 5 -2 -4 7 8 10 -6 -1 -5 13 -9
right_child=4 2 3 11 9 -7 -8 12 -10 -11 -12 -13 -14 -15
leaf_value=0.0003275037067568549 2.2802371676995435e-05 0.00015048919870617338 0.00079116657412752985 0.00068320878166005952 -0.00010273543523012189 0.0027572092065467619 -6.1009012369870568e-05 -0.0017856645443381268 0.0015056603548744486 -0.00038406231532241337 -0.00083350781773171767 -0.0008910598401188467 5.0781397529391343e-05 -5.1954428052620365e-05
leaf_weight=4937 19938 14571 212 261 12611 334 53001 209 297 7296 265 234 46734 515
leaf_count=4937 19938 14571 212 261 12611 334 53001 209 297 7296 265 234 46734 515
internal_value=1.24866e-06 3.16819e-05 0.000209943 0.00103265 -9.14724e-05 0.00201702 5.36088e-06 7.18778e-05 0.00033579 -0.000206061 0.000266656 -5.24595e-05 4.11757e-05 -0.000568105
internal_weight=161415 121570 15612 1041 39845 546 105958 52957 5499 19907 5202 495 47458 724
internal_count=161415 121570 15612 1041 39845 546 105958 52957 5499 19907 5202 495 47458 724
cat_boundaries=0 2 4
cat_threshold=4009776050 22968 687321199 76360
is_linear=0
shrinkage=0.05


Tree=40
num_leaves=15
num_cat=2
split_feature=5 33 27 27 27 25 24 33 40 5 17 40 16 27
split_gain=0.1953 0.198725 0.263243 0.269209 0.180556 0.179508 0.181879 0.268476 0.216693 0.176034 0.159879 0.148155 0.144436 0.136524
threshold=-0.1308324187994003 -0.033655198290944092 4.5000000000000009 5.5000000000000009 8.5000000000000018 0.014222143683582546 -35.267482757568352 -0.00098927016369998433 0 0.0016671899938955905 0.037097878754138953 1 1.0420292615890505 1.5000000000000002
decision_type=2 2 2 2 2 2 2 2 9 2 2 9 2 2
left_child=4 2 12 -4 -1 6 9 11 -9 13 -5 -8 -2 -3
right_child=1 5 3 10 -6 -7 7 8 -10 -11 -12 -13 -14 -15
leaf_value=0.0016561644805656484 -0.00031190628643814103 -0.00022741705498893059 -0.0024450931178857114 4.8472261109632301e-05 0 -0.00025553351340979358 -0.00018367346096411671 0.00041869633413370988 0.00010506160852969082 -9.4004307091940923e-05 -0.0012237752212296089 8.7524090744197554e-05 0.0013631346161062769 6.3460057455199471e-05
leaf_weight=335 293 4418 237 502 318 6694 10684 7193 23803 52066 467 9476 218 45299
leaf_count=335 293 4418 237 502 318 6694 10684 7193 23803 52066 467 9476 218 45299
internal_value=-4.43024e-06 -7.96645e-06 -0.000542235 -0.000945301 0.000855155 -2.17178e-06 8.89293e-06 8.58249e-05 0.00017823 -2.97262e-05 -0.000562676 -5.60095e-05 0.000399285 3.7491e-05
internal_weight=162003 161350 1717 1206 653 159633 152939 51156 30996 101783 969 20160 511 49717
internal_count=162003 161350 1717 1206 653 159633 152939 51156 30996 101783 969 20160 511 49717
cat_boundaries=0 2 4
cat_threshold=1546657888 18562 3792423093 112032
is_linear=0
shrinkage=0.05


Tree=41
num_leaves=15
num_cat=4
split_feature=1 37 39 40 40 40 19 34 40 34 2 34 27 30
split_gain=0.172398 0.188966 0.352888 0.202781 0.184682 0.176681 0.164793 0.171883 0.242284 0.156134 0.14241 0.154503 0.152927 0.13986
threshold=0.091827869415283217 0.083525769412517561 -0.50721952319145192 0 1 2 -0.0041286945343017569 0.24923912435770038 3 0.35462349653244024 -0.25719285011291498 0.29877212643623358 2.5000000000000004 0.77207791805267345
decision_type=2 2 2 9 9 9 2 2 9 2 2 2 2 2
left_child=1 6 3 -3 -2 13 -1 -8 10 -6 -9 12 -12 -4
right_child=4 2 5 -5 9 -7 7 8 -10 -11 11 -13 -14 -15
leaf_value=-0.000129820803340764 9.9347016537343268e-05 0.00026234424476679127 9.5799481726762141e-05 0.0019939450096737705 -0.00032841268029231742 0.00020848035842198064 -1.1612417708828223e-05 0.0014185370461535273 -2.9126751631507473e-05 -0.0012006820499633362 -0.00065079733820011575 8.3059166265203976e-05 0.00071955662315140482 -0.0002893266794731898
leaf_weight=25692 2279 335 5590 378 3413 14938 92408 335 6169 609 213 2693 2627 4056
leaf_count=25692 2279 335 5590 378 3413 14938 92408 335 6169 609 213 2693 2627 4056
internal_value=-2.46574e-06 7.90035e-06 0.00013295 0.00122624 -0.000258774 0.000100795 -1.63734e-05 1.14901e-05 0.000189194 -0.000461911 0.000418731 0.000356824 0.000614059 -6.56203e-05
internal_weight=161735 155434 25297 713 6301 24584 130137 104445 12037 4022 5868 5533 2840 9646
internal_count=161735 155434 25297 713 6301 24584 130137 104445 12037 4022 5868 5533 2840 9646
cat_boundaries=0 2 4 6 8
cat_threshold=143147040 82976 85487744 21796 2201166027 111690 1667702922 6523
is_linear=0
shrinkage=0.05


Tree=42
num_leaves=15
num_cat=4
split_feature=36 40 24 34 38 28 40 40 40 1 33 27 34 7
split_gain=0.162933 0.224121 0.143463 0.257914 0.269705 0.225311 0.158495 0.150481 0.149235 0.136576 0.124317 0.11577 0.153642 0.118952
threshold=-0.084347128868103013 0 -36.620954513549798 0.072230361402034773 1.0000000180025095e-35 1.0000000180025095e-35 1 2 3 0.085538148880004897 -0.0088627152144908888 11.500000000000002 0.23343458026647571 -0.19374544173479077
decision_type=2 9 2 2 2 2 9 9 9 2 2 2 2 2
left_child=1 -1 6 4 -4 8 -2 -7 9 10 -5 13 -13 -10
right_child=2 -3 3 5 -6 7 -8 -9 11 -11 -12 12 -14 -15
leaf_value=-0.00010650214110131241 -2.7337817557171108e-06 0.00033836318111103762 0.00017756716200764642 -9.8175383970717161e-05 -0.0021434367155297456 0.00040689294475237047 -0.00017556490418027732 6.1523513629966413e-05 -0.0011192437865257955 -0.00027209961624895615 0.00014403825812893541 8.9884266044268181e-05 0.0011268314951556023 -7.9865794066842765e-05
leaf_weight=4419 30515 7779 219 6474 274 6013 23540 6731 273 2655 28569 3519 395 40678
leaf_count=4419 30515 7779 219 6474 274 6013 23540 6731 273 2655 28569 3519 395 40678
internal_value=1.28759e-06 0.000177003 -1.29875e-05 2.37209e-05 -0.00111093 2.97007e-05 -7.81334e-05 0.000225334 -4.47622e-07 7.28101e-05 9.91403e-05 -6.21178e-05 0.000197113 -8.70527e-05
internal_weight=162053 12198 149855 95800 493 95307 54055 12744 82563 37698 35043 44865 3914 40951
internal_count=162053 12198 149855 95800 493 95307 54055 12744 82563 37698 35043 44865 3914 40951
cat_boundaries=0 2 4 6 8
cat_threshold=5261616 35986 1054597171 36376 2034872545 84890 1589975166 2802
is_linear=0
shrinkage=0.05


Tree=43
num_leaves=15
num_cat=2
split_feature=28 34 40 34 1 12 34 40 10 34 3 7 33 10
split_gain=0.16759 0.275942 0.315895 0.257861 0.341204 0.23602 0.211524 0.3784 0.341641 0.279346 0.302833 0.20184 0.219165 0.195424
threshold=1.0000000180025095e-35 0.60323816537857067 0 0.56372356414794933 -0.046547293663024895 0.29432259500026708 0.42717051506042486 1 0.0023623079760000114 0.3695881068706513 -0.27601265907287592 -0.014221872668713329 0.010085834655910732 0.011031376197934152
decision_type=2 2 9 2 2 2 2 9 2 2 2 2 2 2
left_child=1 3 -3 6 -5 -2 9 8 -8 -1 -11 12 -9 -4
right_child=5 2 13 4 -6 -7 7 11 -10 10 -12 -13 -14 -15
leaf_value=-1.5869324703333218e-05 8.7882036283525646e-05 0.0003650709523185008 -0.00086633516804599333 0.0026655678541877797 8.4514517930386199e-05 0.00076386818686053758 -0.0020587064338010545 0.0001549353318708969 -0.00023815749828986194 0.001701071130325091 0.00017813121105023983 0.00084779144472529779 -0.0014600423967576312 -0.0027882337746383667
leaf_weight=134344 20393 330 394 203 345 1377 547 619 499 478 1039 513 309 210
leaf_count=134344 20393 330 394 203 345 1377 547 619 499 478 1039 513 309 210
internal_value=1.97776e-06 -1.80832e-05 -0.000872405 -1.22712e-05 0.00106513 0.000131035 -1.66133e-05 -0.000473136 -0.00118891 -8.20251e-06 0.0006653 5.31472e-05 -0.000382394 -0.00153496
internal_weight=161600 139830 934 138896 548 21770 138348 2487 1046 135861 1517 1441 928 604
internal_count=161600 139830 934 138896 548 21770 138348 2487 1046 135861 1517 1441 928 604
cat_boundaries=0 2 4
cat_threshold=51125218 2112 1747526084 73887
is_linear=0
shrinkage=0.05


Tree=44
num_leaves=15
num_cat=0
split_feature=28 17 34 34 5 35 34 38 27 34 11 27 34 27
split_gain=0.162097 0.227028 0.189676 0.272301 0.314858 0.24187 0.21883 0.413079 0.598158 0.898678 0.420314 0.285888 0.234066 0.229123
threshold=1.0000000180025095e-35 0.020979814231395725 0.60323816537857067 0.56372356414794933 -0.030148983001708981 1.0010136961936953 0.42717051506042486 1.5000000000000002 9.5000000000000018 0.45017996430397039 0.13677745312452319 4.5000000000000009 0.25381019711494451 2.5000000000000004
decision_type=2 2 2 2 2 2 2 2 2 2 2 2 2 2
left_child=2 -2 3 6 -5 -4 12 -8 9 -9 -11 -12 -1 -14
right_child=1 -3 5 4 -6 -7 7 8 -10 10 11 -13 13 -15
leaf_value=-3.4182012166653345e-05 -2.0905046035272637e-05 0.00030280756598909277 8.7951560308597288e-05 0.002480784999492747 5.309845484846917e-05 -0.0015003884924679699 0.001369789869671475 -0.0034155378278100685 -0.0023726853704181682 0.0022093204089822715 -0.0017275878465844421 0.00012446022813637777 -0.00032037028697361669 0.00024624942707567732
leaf_weight=120493 11792 9970 459 230 320 483 262 200 430 201 249 1138 2043 13553
leaf_count=120493 11792 9970 459 230 320 483 262 200 430 201 249 1138 2043 13553
internal_value=2.37404e-07 0.000127206 -1.94585e-05 -1.46207e-05 0.00109053 -0.000724794 -1.90825e-05 -0.000484104 -0.000707932 -0.000299283 9.95422e-05 -0.000209446 -1.0554e-05 0.000171626
internal_weight=161823 21762 140061 139119 550 942 138569 2480 2218 1788 1588 1387 136089 15596
internal_count=161823 21762 140061 139119 550 942 138569 2480 2218 1788 1588 1387 136089 15596
is_linear=0
shrinkage=0.05


Tree=45
num_leaves=15
num_cat=2
split_feature=33 27 1 23 37 40 33 26 34 27 38 2 40 27
split_gain=0.158802 0.248458 0.186191 0.165391 0.168375 0.14096 0.125802 0.527842 0.315883 0.30707 0.165848 0.154681 0.283333 0.14099
threshold=0.0068891991395503291 10.500000000000002 -0.18128967285156247 0.020804759114980701 -0.030049481429159638 0 -0.027420893311500546 1.5000000000000002 0.33245882391929632 7.5000000000000009 1.5000000000000002 -0.15670442581176755 1 1.5000000000000002
decision_type=2 2 2 8 2 9 2 2 2 2 2 2 9 2
left_child=2 3 -1 4 -2 -3 7 8 9 -4 -9 12 -8 -13
right_child=1 5 6 -5 -6 -7 11 10 -10 -11 -12 13 -14 -15
leaf_value=0.00093229208298034735 -0.00032738397214050914 0.00059379804952442187 -0.0011590208817461728 0.00014074405176265571 1.1471267376016326e-05 0.00015650553833842495 -0.00023112359739199106 -0.00020268662986441636 0.0012602402291761149 0.00066737955940192014 -0.0013157296884691663 -0.00021584777698786586 0.00065028362995135029 -1.7752252821948495e-05
leaf_weight=496 4823 3194 453 17344 15125 4499 1524 498 562 455 1107 9873 2216 100166
leaf_count=496 4823 3194 453 17344 15125 4499 1524 498 562 455 1107 9873 2216 100166
internal_value=1.38053e-06 8.12777e-05 -2.92068e-05 2.77427e-05 -7.02676e-05 0.000339954 -3.33705e-05 -0.000348806 0.000332691 -0.00023969 -0.000975182 -2.47866e-05 0.000291077 -3.55804e-05
internal_weight=162335 44985 117350 37292 19948 7693 116854 3075 1470 908 1605 113779 3740 110039
internal_count=162335 44985 117350 37292 19948 7693 116854 3075 1470 908 1605 113779 3740 110039
cat_boundaries=0 2 4
cat_threshold=231514276 62336 1280329968 53297
is_linear=0
shrinkage=0.05


Tree=46
num_leaves=15
num_cat=1
split_feature=1 3 40 34 34 37 4 34 37 34 39 16 35 33
split_gain=0.159573 0.213602 0.215223 0.213068 0.192316 0.325423 0.249722 0.22532 0.424799 0.187736 0.514526 0.278393 0.207719 0.195918
threshold=0.012505292892456056 0.16150331497192386 0 0.60323816537857067 0.50087584555149089 -0.24490206688642499 -0.33201718330383295 0.42717051506042486 -0.16715159267187116 0.32003900408744818 -0.27265362441539759 0.97306224703788768 0.59693795442581188 -0.027420893311500546
decision_type=2 2 9 2 2 2 2 2 2 2 2 2 2 2
left_child=1 4 -3 -2 7 -6 -7 9 -9 13 11 -11 -12 -1
right_child=3 2 -4 -5 5 6 -8 8 -10 10 12 -13 -14 -15
leaf_value=-0.00061734867951493877 -4.6514125529427072e-05 2.1075234400525652e-05 0.00038968791814462787 -0.0012208052449362895 0.0017131872293601382 -0.0013131982673292458 0.00048416197367713196 -0.002001032928749836 0.00047633538110908075 0.0003598345312215971 0.00073975042354130582 0.0016601225675500727 -0.00082781489947623488 7.0088500888759601e-06
leaf_weight=1273 64926 7591 8352 384 436 237 946 381 306 908 277 773 817 74206
leaf_count=1273 64926 7591 8352 384 436 237 946 381 306 908 277 773 817 74206
internal_value=6.72996e-06 4.76036e-05 0.000214812 -5.3588e-05 1.44394e-05 0.000553054 0.000115862 3.29534e-06 -0.000894882 1.13011e-05 0.000414838 0.000963882 -0.000424799 -3.49528e-06
internal_weight=161813 96503 15943 65310 80560 1619 1183 78941 687 78254 2775 1681 1094 75479
internal_count=161813 96503 15943 65310 80560 1619 1183 78941 687 78254 2775 1681 1094 75479
cat_boundaries=0 2
cat_threshold=2939953563 10539
is_linear=0
shrinkage=0.05


Tree=47
num_leaves=15
num_cat=6
split_feature=36 40 3 40 6 40 27 40 40 15 15 40 11 36
split_gain=0.19257 0.193861 0.193665 0.179163 0.196626 0.172599 0.148953 0.166146 0.132059 0.115767 0.114071 0.149626 0.119308 0.106909
threshold=0.038124701008200652 0 0.1423451900482178 1 0.13037122040987018 2 4.5000000000000009 3 4 0.044422499835491187 0.038336204364895828 5 0.1518528610467911 0.099064994603395476
decision_type=2 9 2 9 2 9 2 9 9 2 2 9 2 2
left_child=2 9 5 -4 6 -1 8 -8 -5 -2 -7 -12 -13 -3
right_child=1 13 3 4 -6 10 7 -9 -10 -11 11 12 -14 -15
leaf_value=6.5938608981491921e-05 4.0888053385079064e-05 -0.00017441185717579293 0.00032447888205285069 -0.00057064434529912071 -0.00030018877368952304 -7.981150415215504e-05 0.00046428903091779144 6.8388728270713669e-05 4.5206379128781579e-05 -0.00058640723049674034 0.00085015349774903966 0.0010831552418398757 -0.00021889339513326449 -0.00052436338779206866
leaf_weight=46079 15831 13689 9162 1158 3224 52780 4412 6729 3328 766 755 202 1162 2621
leaf_count=46079 15831 13689 9162 1158 3224 52780 4412 6729 3328 766 755 202 1162 2621
internal_value=-6.37856e-07 -0.000108623 2.68746e-05 0.000143187 5.45463e-05 -5.34836e-06 0.000128159 0.000226236 -0.000114282 1.14606e-05 -6.52742e-05 0.000293495 -1.9025e-05 -0.000230957
internal_weight=161898 32907 128991 28013 18851 100978 15627 11141 4486 16597 54899 2119 1364 16310
internal_count=161898 32907 128991 28013 18851 100978 15627 11141 4486 16597 54899 2119 1364 16310
cat_boundaries=0 2 4 6 8 10 12
cat_threshold=1640255912 19864 1879332936 16802 2389938206 43628 145301636 98836 25731200 33281 1082130561 20864
is_linear=0
shrinkage=0.05


Tree=48
num_leaves=15
num_cat=0
split_feature=25 18 33 33 24 27 23 12 38 27 27 4 27 39
split_gain=0.166371 0.15164 0.230286 0.156371 0.21856 0.130732 0.124835 0.116984 0.101611 0.19466 0.281959 0.262171 0.281071 0.271128
threshold=-0.018972474150359627 0.081407863646745696 -0.046018458902835839 0.0068891991395503291 -35.560981750488274 10.500000000000002 -0.027035721577703949 0.23877136409282687 1.0000000180025095e-35 9.5000000000000018 4.5000000000000009 0.7439255714416505 5.5000000000000009 -0.39913479983806605
decision_type=2 2 2 2 2 2 10 2 2 2 2 2 2 2
left_child=6 3 -3 8 -5 -6 -1 -8 -2 10 -10 13 -13 -12
right_child=1 2 -4 4 5 -7 7 -9 9 -11 11 12 -14 -15
leaf_value=4.5014593929858033e-05 1.4812047225725692e-05 0.0013265840704123075 -0.00034499460249397333 -2.0286630900246581e-05 0.00014512887472132281 0.00048675592944668543 0.00027498650910733139 0.0010426805816003601 1.1953653295351092e-06 7.9558361200295923e-05 -0.00081391487742701614 -0.0021726210331902852 -0.00041305174517372936 -0.0001658950697515459
leaf_weight=2354 56205 209 4979 23489 15263 3454 1312 824 19051 13904 1775 357 642 18026
leaf_count=2354 56205 209 4979 23489 15263 3454 1312 824 19051 13904 1775 357 642 18026
internal_value=-1.18473e-06 -9.78321e-06 -0.000275479 -6.82864e-07 8.10903e-05 0.000208552 0.000298716 0.000575217 -3.21176e-05 -8.1276e-05 -0.000137519 -0.00026478 -0.00105452 -0.000224428
internal_weight=161844 157354 5188 152166 42206 18717 4490 2136 109960 53755 39851 20800 999 19801
internal_count=161844 157354 5188 152166 42206 18717 4490 2136 109960 53755 39851 20800 999 19801
is_linear=0
shrinkage=0.05


Tree=49
num_leaves=15
num_cat=2
split_feature=34 22 28 12 34 4 34 34 34 37 40 40 9 27
split_gain=0.132883 0.235327 0.166344 0.197739 0.17431 0.267992 0.248345 0.163317 0.229929 0.258169 0.211558 0.153957 0.138194 0.224021
threshold=0.089139107614755644 0.086050000041723265 1.0000000180025095e-35 0.29432259500026708 0.27110801637172705 0.43397021293640142 0.3271040171384812 0.60323816537857067 0.56372356414794933 -0.12779150158166883 0 1 -0.017676231451332566 5.5000000000000009
decision_type=2 10 2 2 2 2 2 2 2 2 9 9 2 2
left_child=1 -1 7 4 5 -4 -6 8 -2 -10 -9 -7 13 -5
right_child=2 -3 3 12 6 11 -8 10 9 -11 -12 -13 -14 -15
leaf_value=-0.0015639035129558524 -4.5139760824516674e-06 -0.000127039301621169 5.9605507632590466e-05 -0.00087124066849201339 -0.00090112462383178148 0 0.00035880411971247198 0.00033292738340340056 0.0018444154822664597 -0.00032568666972184547 -0.0012177230368105617 0.0007813277547846321 0.0011733004525639422 0.0010532429819039336
leaf_weight=289 129657 10288 14201 278 958 878 648 334 346 217 593 2296 766 318
leaf_count=289 129657 10288 14201 278 958 878 648 334 346 217 593 2296 766 318
internal_value=3.76782e-06 -0.000167492 1.57633e-05 0.000148784 0.000106615 0.000152916 -0.00039012 -4.83704e-06 -7.83549e-08 0.00100367 -0.00066436 0.00056808 0.000730249 0.000147481
internal_weight=162067 10577 151490 20343 18981 17375 1606 131147 130220 563 927 3174 1362 596
internal_count=162067 10577 151490 20343 18981 17375 1606 131147 130220 563 927 3174 1362 596
cat_boundaries=0 2 4
cat_threshold=50600930 34880 81952968 34392
is_linear=0
shrinkage=0.05


Tree=50
num_leaves=15
num_cat=3
split_feature=37 3 40 17 40 39 1 10 27 37 27 27 24 40
split_gain=0.140106 0.172676 0.336376 0.236105 0.361465 0.314338 0.189075 0.187025 0.18252 0.168356 0.167536 0.208481 0.167004 0.170673
threshold=0.0079451636411249655 -0.20483279228210446 0 0.038457946851849563 1 -0.39131057262420649 -0.0535670518875122 -0.017171927727758881 5.5000000000000009 -0.24490206688642499 4.5000000000000009 11.500000000000002 -32.139169692993157 2
decision_type=2 2 9 2 9 2 2 2 2 2 2 2 2 9
left_child=1 2 10 -3 7 -6 -7 -5 -8 -4 -1 -12 -2 -14
right_child=12 3 9 4 5 6 8 -9 -10 -11 11 -13 13 -15
leaf_value=0.00035688120966377639 1.4148772270899694e-05 -6.065127763851347e-05 0.0016376439030003976 0.00093177887687262905 -0.002217877068780709 0.00012512709944976691 -0.0016034259598438586 -0.00022205629453566831 -0.00033727945614061308 0.00042032763203877512 -0.00041830645296817183 0.00083776782811578005 0.00054920926882086709 7.4074390714126183e-05
leaf_weight=1380 83764 57020 313 430 378 560 587 1818 578 3116 3228 361 3013 5144
leaf_count=1380 83764 57020 313 430 378 560 587 1818 578 3116 3228 361 3013 5144
internal_value=-5.26436e-06 -5.87125e-05 0.000153651 -8.78639e-05 -0.00044286 -0.000911054 -0.000621483 0 -0.000983643 0.000533569 -0.000108644 -0.000289583 3.52499e-05 0.000251183
internal_weight=161690 69769 8398 61371 4351 2103 1725 2248 1165 3429 4969 3589 91921 8157
internal_count=161690 69769 8398 61371 4351 2103 1725 2248 1165 3429 4969 3589 91921 8157
cat_boundaries=0 2 4 6
cat_threshold=341362738 120248 127799474 118728 1231290500 19490
is_linear=0
shrinkage=0.05


Tree=51
num_leaves=15
num_cat=3
split_feature=36 40 33 34 40 34 7 25 40 25 34 22 34 34
split_gain=0.139914 0.285079 0.176889 0.230359 0.220797 0.142893 0.123257 0.121063 0.154193 0.111825 0.109971 0.197449 0.14984 0.236094
threshold=0.092524256557226195 0 0.021049814298748974 0.35462349653244024 1 0.3271040171384812 0.030596370808780197 -0.021530085243284699 2 0.014222143683582546 0.089139107614755644 1.0000000180025095e-35 0.13090705871582034 0.12204833328723909
decision_type=2 9 2 2 9 2 2 2 9 2 2 10 2 2
left_child=2 6 7 5 -5 -4 -2 8 -1 10 11 -9 13 -12
right_child=1 -3 3 4 -6 -7 -8 9 -10 -11 12 -13 -14 -15
leaf_value=-0.00017829252269627584 -0.00044367523345613776 -0.00047403329878214541 0.00040501144424927131 0.00047671525302280432 -0.00078965393169544136 0.001638192118217429 0.00025872826485602091 -0.0015137777992924972 0.00059973256894449586 -0.00023788930010489596 2.5852680949316037e-05 -0.00011816880233484704 -2.2972773496197976e-05 0.00029346024914812579
leaf_weight=962 776 4388 3769 576 806 250 3059 256 1806 4944 34889 9884 84946 10808
leaf_count=962 776 4388 3769 576 806 250 3059 256 1806 4944 34889 9884 84946 10808
internal_value=1.41508e-06 -0.000199433 1.21855e-05 0.000293134 -0.000260683 0.000484904 0.000114606 1.9237e-06 0.000329218 -4.26984e-06 3.90702e-06 -0.000154625 1.62554e-05 8.92803e-05
internal_weight=162119 8223 153896 5401 1382 4019 3835 148495 2768 145727 140783 10140 130643 45697
internal_count=162119 8223 153896 5401 1382 4019 3835 148495 2768 145727 140783 10140 130643 45697
cat_boundaries=0 2 4 6
cat_threshold=1104441348 19720 56365730 94305 1935675696 9315
is_linear=0
shrinkage=0.05


Tree=52
num_leaves=15
num_cat=4
split_feature=36 35 3 39 34 40 3 24 40 3 40 15 36 40
split_gain=0.153886 0.201725 0.148908 0.168346 0.332145 0.166274 0.220245 0.157984 0.156887 0.19416 0.146287 0.140236 0.115606 0.106103
threshold=0.020362470299005512 2.278751134872437 0.1423451900482178 -0.25769478082656855 0.32334120571613317 0 0.52678561210632335 -36.151964187622063 1 -0.47468113899230951 2 0.045503810048103339 0.12377088516950609 3
decision_type=2 2 2 2 2 9 2 2 9 2 9 2 2 9
left_child=1 2 8 4 13 7 -7 -5 9 -1 12 -11 -2 -4
right_child=10 -3 3 5 -6 6 -8 -9 -10 11 -12 -13 -14 -15
leaf_value=0.0012834650310065837 -0.00016840501227216489 0.0011910951023239779 -0.00049531230051345985 2.3633535862864182e-05 0.0020879143985998174 0 -0.0014287290234243312 0.00040269776130987613 -6.0698162851135491e-05 7.4176845278833015e-05 -1.3689021125576314e-05 -0.00075201530725039101 -0.00083746124969778497 0.00058399653466662189
leaf_weight=324 16563 367 323 4896 316 10370 272 6351 52230 36649 31636 515 672 675
leaf_count=324 16563 367 323 4896 316 10370 272 6351 52230 36649 31636 515 672 675
internal_value=-3.57312e-06 2.8386e-05 2.45103e-05 0.000137407 0.000686704 0.000104055 -3.72716e-05 0.000238002 -4.63744e-06 7.33299e-05 -7.77553e-05 6.24937e-05 -0.000194904 0.000229852
internal_weight=162159 113288 112921 23203 1314 21889 10642 11247 89718 37488 48871 37164 17235 998
internal_count=162159 113288 112921 23203 1314 21889 10642 11247 89718 37488 48871 37164 17235 998
cat_boundaries=0 2 4 6 8
cat_threshold=1879923432 18422 2322837654 4716 2318133248 36965 11534480 19584
is_linear=0
shrinkage=0.05


Tree=53
num_leaves=15
num_cat=0
split_feature=29 3 39 34 27 15 33 34 19 35 33 8 14 24
split_gain=0.15042 0.122671 0.158513 0.192209 0.133428 0.133002 0.126346 0.356851 0.114806 0.108845 0.108219 0.10562 0.105569 0.0955209
threshold=0.79478609561920177 0.16854572296142581 -0.099266078323125825 0.21416641771793368 5.5000000000000009 0.037017676979303367 -0.046018458902835839 0.38200022280216223 -0.022639662027359005 1.1215825676918032 -0.031418574973940842 45.526802062988288 0.026518466882407669 -34.779954910278313
decision_type=2 2 2 2 2 2 2 2 2 2 2 2 2 2
left_child=1 6 3 4 -3 11 7 -1 10 -5 -8 -6 13 -4
right_child=-2 2 12 9 5 -7 8 -9 -10 -11 -12 -13 -14 -15
leaf_value=-0.00039654908360551899 -8.7594558126424622e-05 -0.00034488207703371445 5.0403215000317251e-05 0.00035236072716657134 0.0014659525856613536 -0.00080187758450724002 -0.0012706507748031768 0.0023880288971278524 9.3276809748920226e-06 0.0010045708545181123 -0.0002120962519169079 0.00032689753298778974 -0.00015818789474690001 0.00034421531096730202
leaf_weight=254 35576 1115 11432 1353 239 216 267 200 97933 1282 2438 1418 4298 3670
leaf_count=254 35576 1115 11432 1353 239 216 267 200 97933 1282 2438 1418 4298 3670
internal_value=3.16302e-06 2.88071e-05 0.000127918 0.000361722 8.49932e-05 0.000343798 4.21977e-06 0.000831895 3.95122e-07 0.000672874 -0.000320579 0.000498115 5.98181e-05 0.000122225
internal_weight=161691 126115 25023 5623 2988 1873 101092 454 100638 2635 2705 1657 19400 15102
internal_count=161691 126115 25023 5623 2988 1873 101092 454 100638 2635 2705 1657 19400 15102
is_linear=0
shrinkage=0.05


Tree=54
num_leaves=15
num_cat=0
split_feature=24 28 34 27 34 34 1 26 37 14 34 4 27 34
split_gain=0.144949 0.211774 0.222052 0.17144 0.21327 0.345219 0.213256 0.196158 0.19105 0.182567 0.170779 0.229626 0.164511 0.232841
threshold=-37.052553176879876 1.0000000180025095e-35 0.068532977253198638 5.5000000000000009 0.31123723089694982 0.27110801637172705 -0.025533676147460934 1.5000000000000002 0.16838692128658297 0.026158648543059829 0.25616751611232763 0.11905002593994142 3.5000000000000004 0.20259586721658709
decision_type=2 2 2 2 2 2 2 2 2 2 2 2 2 2
left_child=-1 2 -2 8 5 9 -6 -7 10 -5 12 -12 -3 -14
right_child=1 3 -4 4 6 7 -8 -9 -10 -11 11 -13 13 -15
leaf_value=-8.3591806674012208e-05 -0.001261801380283112 0.00027881805037920305 6.8681140408460144e-06 0.00024842996093863735 0.0023747254979647435 -0.00185268080425717 0.00041880913258608037 -2.292626446106503e-05 0.0011782029347818799 0.0008800984544034135 7.5178890244642697e-05 -0.001489703777791569 -0.0005018914077271323 0.00073830851650988696
leaf_weight=37514 341 3275 107191 7237 243 276 342 318 325 1368 473 448 1968 461
leaf_count=37514 341 3275 107191 7237 243 276 342 318 325 1368 473 448 1968 461
internal_value=2.50564e-06 2.85397e-05 2.74e-06 0.000193978 0.000328813 0.00026885 0.00125298 -0.000889831 3.3429e-06 0.000349884 -5.43827e-05 -0.000684558 4.70035e-05 -0.000263426
internal_weight=161780 124266 107532 16734 9784 9199 585 594 6950 8605 6625 921 5704 2429
internal_count=161780 124266 107532 16734 9784 9199 585 594 6950 8605 6625 921 5704 2429
is_linear=0
shrinkage=0.05


Tree=55
num_leaves=15
num_cat=4
split_feature=1 10 40 40 3 40 40 24 14 27 7 3 30 17
split_gain=0.140611 0.172846 0.184405 0.16282 0.152866 0.161998 0.160288 0.137597 0.14415 0.13512 0.111842 0.11097 0.107702 0.103516
threshold=0.028773069381713871 0.0085813445039093512 0 1 0.16150331497192386 2 3 -32.620214462280266 0.019633164629340175 1.5000000000000002 0.072654057294130339 0.52678561210632335 0.96396684646606456 0.018960641697049144
decision_type=2 2 9 9 2 9 9 2 2 2 2 2 2 2
left_child=1 4 -3 -2 5 -1 13 8 -5 10 -8 -11 -10 -6
right_child=3 2 -4 7 6 -7 9 -9 12 11 -12 -13 -14 -15
leaf_value=5.1771192663639026e-05 2.6416709925298285e-05 -2.4835841919234672e-05 0.00063049279028288825 -7.0174403340457505e-05 1.6643720850574642e-05 -7.9147053059051815e-05 0 0.00030463426113159299 -0.00027919202215332452 9.6307979669221951e-05 -0.0010632265223486203 -0.00086200140188403543 -0.00083684107922484755 0.00040933512506112859
leaf_weight=47465 19292 1935 2367 10719 2336 46994 481 1420 10067 10805 498 305 957 6214
leaf_count=47465 19292 1935 2367 10719 2336 46994 481 1420 10067 10805 498 305 957 6214
internal_value=-2.49845e-06 2.52593e-05 0.000336291 -8.06755e-05 1.35764e-05 -1.33122e-05 0.000136854 -0.000170011 -0.00020138 1.90507e-05 -0.000541951 6.9174e-05 -0.000328413 0.000302349
internal_weight=161855 119400 4302 42455 115098 94459 20639 23163 21743 12089 979 11110 11024 8550
internal_count=161855 119400 4302 42455 115098 94459 20639 23163 21743 12089 979 11110 11024 8550
cat_boundaries=0 2 4 6 8
cat_threshold=1938400178 13026 3070775730 22960 2327034043 10826 1883343461 49840
is_linear=0
shrinkage=0.05


Tree=56
num_leaves=15
num_cat=5
split_feature=1 40 3 40 3 27 16 40 3 13 40 27 40 5
split_gain=0.152183 0.182448 0.174131 0.379456 0.155034 0.154174 0.137792 0.136111 0.134681 0.18204 0.278526 0.171863 0.2398 0.184212
threshold=0.082876205444335951 0 -0.20483279228210446 1 -0.59511899948120106 4.5000000000000009 0.75783428549766552 2 0.13454556465148929 0.057876326143741615 3 1.5000000000000002 4 -0.0035688055213540788
decision_type=2 9 2 9 2 2 2 9 2 2 9 2 9 2
left_child=2 -2 3 5 -5 6 -1 -6 9 -4 -11 12 -10 -13
right_child=1 -3 8 4 7 -7 -8 -9 11 10 -12 13 -14 -15
leaf_value=-0.00069587484094621942 3.7768921160751059e-05 -0.00042909034379046552 -1.9685119310054555e-05 0.0017913536167294764 0.0015574609534259234 -0.00033493317362257594 0.00066099047687478757 0.000359580410900684 0.00032536087258144955 -0.00086514529407651975 -2.2788433734371952e-05 0.00028173497860199296 -0.00055909379986216552 3.4507544855975157e-05
leaf_weight=233 3951 4395 99246 210 239 3101 836 5589 1134 1623 2493 10636 2276 26022
leaf_count=233 3951 4395 99246 210 239 3101 836 5589 1134 1623 2493 10636 2276 26022
internal_value=-1.58674e-07 -0.000208059 1.11088e-05 0.000210594 0.000463543 -0.000155323 0.000358729 0.000414141 -3.06065e-06 -3.32604e-05 -0.000358957 7.47143e-05 -0.000264142 0.000106403
internal_weight=161984 8346 153638 10208 6038 4170 1069 5828 143430 103362 4116 40068 3410 36658
internal_count=161984 8346 153638 10208 6038 4170 1069 5828 143430 103362 4116 40068 3410 36658
cat_boundaries=0 2 4 6 8 10
cat_threshold=624443412 64822 336070946 22496 196608 5 945973316 25861 1478901846 25728
is_linear=0
shrinkage=0.05


Tree=57
num_leaves=15
num_cat=3
split_feature=25 40 33 24 40 34 27 34 33 34 5 40 39 33
split_gain=0.133612 0.182777 0.121976 0.20306 0.136635 0.135593 0.281779 0.192149 0.181301 0.119683 0.110257 0.254666 0.124946 0.12045
threshold=0.014827124774456026 0 0.0068891991395503291 -34.888593673706048 1 0.15946560353040698 2.5000000000000004 0.17560444772243503 0.010211982764303686 0.1826252415776253 -0.079772412776947008 2 -0.50721952319145192 -0.033655198290944092
decision_type=2 9 2 2 9 2 2 2 2 2 2 9 2 2
left_child=2 -2 10 5 -5 -4 8 -8 -7 -10 11 -1 -13 -12
right_child=1 -3 3 4 -6 6 7 -9 9 -11 13 12 -14 -15
leaf_value=0.00099492187888261616 8.2098030676461221e-05 -0.00046057265614465935 9.972970906790573e-05 0.00054325903006913201 0.00015617566705964313 -0.0014959104016074036 -0.00066088218458865361 5.1904143248847405e-05 0.00056809802490436715 -0.00064039682579117708 -0.00052084120286712335 -0.00075994443951741739 0.00020904583067776284 -1.9862551077824352e-05
leaf_weight=866 2708 3574 15997 2948 10380 522 1052 8917 257 893 1209 454 1196 110647
leaf_count=866 2708 3574 15997 2948 10380 522 1052 8917 257 893 1209 454 1196 110647
internal_value=-5.68257e-07 -0.000226569 8.54623e-06 8.25939e-05 0.000242865 5.09466e-06 -0.00012451 -2.31064e-05 -0.000724257 -0.000364705 -1.7935e-05 0.000308915 -5.5706e-05 -2.53451e-05
internal_weight=161620 6282 155338 40966 13328 27638 11641 9969 1672 1150 114372 2516 1650 111856
internal_count=161620 6282 155338 40966 13328 27638 11641 9969 1672 1150 114372 2516 1650 111856
cat_boundaries=0 2 4 6
cat_threshold=486559820 21949 1281359940 18818 152511061 43578
is_linear=0
shrinkage=0.05


Tree=58
num_leaves=15
num_cat=1
split_feature=1 37 4 34 34 19 34 27 37 41 27 27 34 22
split_gain=0.153889 0.131344 0.248079 0.168354 0.156697 0.13192 0.171945 0.194709 0.39132 0.218599 0.165692 0.241982 0.401571 0.324591
threshold=0.091827869415283217 0.13996398448944095 -0.6791957914829253 0.17401912063360217 0.13585934042930606 -0.0041286945343017569 0.24923912435770038 2.5000000000000004 -0.12779150158166883 0 11.500000000000002 9.5000000000000018 0.27110801637172705 0.87174999713897716
decision_type=2 2 2 2 2 2 2 2 2 1 2 2 2 8
left_child=1 5 -3 4 -4 -1 -7 8 -8 -10 11 -9 -13 -14
right_child=-2 2 3 -5 -6 6 7 10 9 -11 -12 12 13 -15
leaf_value=-9.7330527526152906e-05 -0.00024398080847512157 0.0012102392819046527 2.9388360553245372e-05 -0.00013998466130714813 0.00067213735921886619 4.0980730767001128e-07 0.0012584128709399161 0.0003352763585119781 -0.00016237099393357686 -0.0013646787997301031 0.0011955695292540491 0.00068550473961153681 -0.0011862908434359708 0.00089527620261420696
leaf_weight=28673 6230 572 1911 3150 1912 105906 348 9281 1172 560 460 689 1030 222
leaf_count=28673 6230 572 1911 3150 1912 105906 348 9281 1172 560 460 689 1030 222
internal_value=-3.72204e-07 9.33908e-06 0.000212775 0.000129427 0.000352611 -9.81312e-07 2.20657e-05 0.000188296 -0.000255734 -0.000565587 0.000267859 0.000228871 -0.000276898 -0.000811124
internal_weight=162116 155886 7545 6973 3823 148341 119668 13762 2080 1732 11682 11222 1941 1252
internal_count=162116 155886 7545 6973 3823 148341 119668 13762 2080 1732 11682 11222 1941 1252
cat_boundaries=0 1
cat_threshold=1179
is_linear=0
shrinkage=0.05


Tree=59
num_leaves=15
num_cat=4
split_feature=1 17 40 34 11 40 34 10 24 40 7 6 40 27
split_gain=0.11858 0.194483 0.18374 0.18343 0.31865 0.262577 0.229378 0.311724 0.162799 0.152277 0.14336 0.141195 0.2094 0.13226
threshold=0.0085630416870117205 0.053913066163659103 0 0.50087584555149089 0.10912194848060609 1 0.42717051506042486 -0.003472950309514999 -32.89448165893554 2 -0.1439690291881561 0.23398325592279437 3 9.5000000000000018
decision_type=2 2 9 2 2 9 2 2 2 9 2 2 9 2
left_child=3 8 -3 6 -5 -6 9 -8 11 -1 -11 -2 -13 -7
right_child=1 2 -4 4 5 13 7 -9 -10 10 -12 12 -14 -15
leaf_value=-6.882490603205574e-05 -5.3610073881171299e-05 0.00018888405024804848 -0.0010524440249210034 0.0021092846472172823 0.00092549514283636462 2.5438011680975678e-05 -0.001551511754523708 0.00074979114131372123 0.00017344502749524609 0.00076102799761679435 6.7494159780741644e-05 7.2219491064816563e-06 -0.0011524059043707452 -0.001398600985623238
leaf_weight=25614 60847 435 891 270 714 526 493 202 8020 751 61156 824 716 227
leaf_count=25614 60847 435 891 270 714 526 493 202 8020 751 61156 824 716 227
internal_value=-1.79039e-06 -4.97679e-05 -0.000648773 3.64143e-05 0.000544645 0.000247091 2.63201e-05 -0.000874923 -3.83704e-05 3.35836e-05 7.60367e-05 -6.56916e-05 -0.00053809 -0.000398396
internal_weight=161686 71733 1326 89953 1737 1467 88216 695 70407 87521 61907 62387 1540 753
internal_count=161686 71733 1326 89953 1737 1467 88216 695 70407 87521 61907 62387 1540 753
cat_boundaries=0 2 4 6 8
cat_threshold=136380800 94240 60791522 49795 2266513792 20865 1409302532 59784
is_linear=0
shrinkage=0.05


Tree=60
num_leaves=15
num_cat=3
split_feature=37 5 34 34 40 41 33 16 3 37 34 39 34 40
split_gain=0.140272 0.137846 0.290347 0.321971 0.283128 0.238418 0.151588 0.193272 0.152211 0.15772 0.155985 0.214652 0.169448 0.162082
threshold=0.0079451636411249655 -0.027013229206204411 0.50087584555149089 0.42717051506042486 0 1 -0.027420893311500546 1.147289574146271 0.1087934970855713 -0.065712809562683092 0.31431211531162268 -0.25769478082656855 0.13335238397121432 2
decision_type=2 2 2 2 9 1 2 2 2 2 2 2 2 9
left_child=1 2 3 6 -4 -5 7 -1 10 -10 12 -12 -8 -14
right_child=-2 -3 4 5 -6 -7 8 -9 9 -11 11 -13 13 -15
leaf_value=-0.00091574286718250179 4.1829434819457067e-05 -9.5544591977086117e-05 -0.0003400068373153817 -9.5676895399110315e-06 0.0014716266052641239 -0.0022780032320977154 0.00026792244450351215 0.0003283614879430642 0.0012491066476105299 0.0002297734568916431 0.0011918362451094214 -0.00066705657135830753 -0.00035553895586229667 5.6989373099912035e-05
leaf_weight=847 91897 50609 309 226 661 247 4062 482 521 1439 596 202 4088 5631
leaf_count=847 91897 50609 309 226 661 247 4062 482 521 1439 596 202 4088 5631
internal_value=1.19385e-06 -5.21418e-05 6.13417e-05 1.63643e-05 0.000902213 -0.0012639 5.0879e-05 -0.000461245 9.24602e-05 0.000505762 3.63987e-05 0.000713839 -2.71099e-06 -0.000116414
internal_weight=161817 69920 19311 18341 970 473 17868 1329 16539 1960 14579 798 13781 9719
internal_count=161817 69920 19311 18341 970 473 17868 1329 16539 1960 14579 798 13781 9719
cat_boundaries=0 2 3 5
cat_threshold=1212180484 9264 1224 1959284790 38192
is_linear=0
shrinkage=0.05


Tree=61
num_leaves=15
num_cat=4
split_feature=24 28 34 34 34 10 39 37 4 40 40 40 40 36
split_gain=0.112099 0.17238 0.21014 0.178554 0.17246 0.388136 0.278096 0.182624 0.175587 0.14206 0.12146 0.120979 0.119079 0.184554
threshold=-36.848669052124016 1.0000000180025095e-35 0.068532977253198638 0.52650606632232677 0.27110801637172705 0.00023256164422491568 -0.37030580639839167 -0.018356548622250553 0.43397021293640142 0 1 2 3 0.11704917624592782
decision_type=2 2 2 2 2 2 2 2 2 9 9 9 9 2
left_child=11 2 -2 4 8 7 -7 -6 9 -3 -10 -1 -4 -14
right_child=1 3 12 -5 5 6 -8 -9 10 -11 -12 -13 13 -15
leaf_value=-1.0499264538542534e-07 -0.0013061483303131146 0.00036161177496788556 0.00012390535531731 0.0011434381544056756 -0.0018752907773865271 0.0016653458469511003 -0.00024194740651753226 -0.00025439581375052354 0.0011667744165996627 -1.8040051860779099e-05 0.00037173167952165225 -0.00016476838511235653 -6.4344977302789093e-06 -0.00046171300929169137
leaf_weight=28179 301 3786 17645 464 413 277 580 314 636 6944 2169 18519 79525 2286
leaf_count=28179 301 3786 17645 464 413 277 580 314 636 6944 2169 18519 79525 2286
internal_value=-1.73384e-07 2.62576e-05 2.04454e-06 0.00018089 0.000150651 -0.000341054 0.000374812 -0.00118856 0.000208669 0.000115878 0.000561008 -6.55585e-05 6.11947e-06 -1.92423e-05
internal_weight=162038 115340 99757 15583 15119 1584 857 727 13535 10730 2805 46698 99456 81811
internal_count=162038 115340 99757 15583 15119 1584 857 727 13535 10730 2805 46698 99456 81811
cat_boundaries=0 2 4 6 8
cat_threshold=1633720548 100632 1393041920 10370 714817846 114456 304087124 18640
is_linear=0
shrinkage=0.05


Tree=62
num_leaves=15
num_cat=4
split_feature=1 37 40 34 40 37 1 37 40 39 40 1 4 24
split_gain=0.130378 0.148448 0.170066 0.166204 0.1569 0.186149 0.167648 0.14609 0.153087 0.140886 0.136753 0.154907 0.116704 0.102897
threshold=0.012505292892456056 0.13996398448944095 0 0.32003900408744818 1 -0.24490206688642499 -0.097433090209960924 -0.0376994851976633 2 -0.60446429252624501 3 0.07603096961975099 -0.41607999801635737 -32.430538177490227
decision_type=2 2 9 2 9 2 2 2 9 2 9 2 2 2
left_child=1 4 -3 -4 -1 6 -6 9 -9 -2 -11 -12 -5 -10
right_child=7 2 3 12 5 -7 -8 8 13 10 11 -13 -14 -15
leaf_value=-8.387451295725434e-05 0.00067194673443850663 -0.00067824655515874251 0.00033620435654439313 0.0021988874261611138 0.0016149726213518256 5.3035500759374447e-05 4.5573644362319577e-05 4.8462293364810463e-05 -0.00013207942204348112 -9.0506012382586917e-05 -0.00038129966555415452 -0.0012771577334538414 0.00050375543392684871 0.00042420751661238027
leaf_weight=25473 379 322 2212 224 360 67385 332 29625 26949 3781 3242 573 206 849
leaf_count=25473 379 322 2212 224 360 67385 332 29625 26949 3781 3242 573 206 849
internal_value=-3.92459e-06 3.29751e-05 0.00038115 0.000513814 2.18705e-05 6.1518e-05 0.000874926 -5.84558e-05 -3.04969e-05 -0.000258999 -0.000306517 -0.000517305 0.00141342 -0.000114795
internal_weight=161912 96514 2964 2642 93550 68077 692 65398 57423 7975 7596 3815 430 27798
internal_count=161912 96514 2964 2642 93550 68077 692 65398 57423 7975 7596 3815 430 27798
cat_boundaries=0 2 4 6 8
cat_threshold=16777344 77824 2500346112 21921 3170914742 55800 3263982155 48073
is_linear=0
shrinkage=0.05


Tree=63
num_leaves=15
num_cat=1
split_feature=36 34 22 35 31 14 24 34 10 34 41 5 33 26
split_gain=0.122557 0.145476 0.223756 0.133183 0.161291 0.125777 0.12408 0.130812 0.211 0.15901 0.140874 0.139294 0.0956347 0.27472
threshold=0.054043060168623931 0.089139107614755644 0.086050000041723265 2.278751134872437 0.908033847808838 0.015434260945767166 -37.364196777343743 0.60323816537857067 -0.0044520576484501353 0.56372356414794933 0 -0.028862154111266133 -0.0088627152144908888 1.5000000000000002
decision_type=2 2 10 2 2 2 2 2 2 2 1 2 2 2
left_child=1 2 -1 6 -5 -4 -3 9 -9 12 -10 -11 13 -8
right_child=-2 3 5 4 -6 -7 7 8 10 11 -12 -13 -14 -15
leaf_value=-0.0016421511779065312 -0.00010791871548827318 -8.3851454036217959e-05 2.4344427158737407e-06 -0.00014623477249513134 0.0017192310699837778 -0.00038601982533742734 0.00017518207872973884 0.00071650357593684428 -0.00010144358710297668 0.0019519546371258986 -0.0017056825969762595 0.00010790421997449296 7.2700579368602808e-05 -0.00021544063747015206
leaf_weight=247 22136 20361 6082 202 251 3145 7719 220 249 202 341 216 90010 10763
leaf_count=247 22136 20361 6082 202 251 3145 7719 220 249 202 341 216 90010 10763
internal_value=1.35822e-06 1.86744e-05 -0.000170373 3.24396e-05 0.000883958 -0.000129565 2.94019e-05 5.0467e-05 -0.000580111 5.52292e-05 -0.00107396 0.00102341 5.14059e-05 -5.20235e-05
internal_weight=162144 140008 9474 130534 453 9227 130081 109720 810 108910 590 418 108492 18482
internal_count=162144 140008 9474 130534 453 9227 130081 109720 810 108910 590 418 108492 18482
cat_boundaries=0 1
cat_threshold=5144
is_linear=0
shrinkage=0.05


Tree=64
num_leaves=15
num_cat=6
split_feature=25 40 18 40 5 24 40 28 40 34 22 40 34 40
split_gain=0.119134 0.143061 0.129603 0.172971 0.118044 0.111589 0.183945 0.104426 0.146014 0.12783 0.302392 0.289343 0.154417 0.284136
threshold=-0.021530085243284699 0 0.084083113819360747 1 -0.079772412776947008 -37.345838546752923 2 1.0000000180025095e-35 3 0.42717051506042486 0.9694499969482423 4 0.24923912435770038 5
decision_type=2 9 2 9 2 2 9 2 9 2 8 9 2 9
left_child=1 -1 5 -4 -5 6 -2 9 -9 12 11 -11 -7 -14
right_child=2 -3 3 4 -6 7 -8 8 -10 10 -12 -13 13 -15
leaf_value=-1.1422795757421567e-05 -0.00031640969853997388 0.00065612531274006987 -0.00056150327016180393 0.00088054730614535817 -0.00010772726928591423 -1.427028798521081e-05 -1.5341072311048145e-05 0.00031643772723278043 1.70364991713269e-05 -0.0012494013701309986 0.0012235564716573848 -0.00010885156069801474 0.00039956235855217895 -6.1951702790973031e-05
leaf_weight=1714 6937 1477 2422 348 2076 94679 18941 6594 10727 855 272 1597 6615 6677
leaf_count=1714 6937 1477 2422 348 2076 94679 18941 6594 10727 855 272 1597 6615 6677
internal_value=-3.63636e-06 0.000298557 -9.75178e-06 -0.00026422 3.3478e-05 -1.69797e-06 -9.64141e-05 1.74125e-05 0.000131556 -4.08067e-07 -0.000338411 -0.000515852 8.08837e-06 0.000167671
internal_weight=161931 3191 158740 4846 2424 153894 25878 128016 17321 110695 2724 2452 107971 13292
internal_count=161931 3191 158740 4846 2424 153894 25878 128016 17321 110695 2724 2452 107971 13292
cat_boundaries=0 2 4 6 8 10 12
cat_threshold=1464342960 11634 1923664740 102088 1413789760 62919 1976119441 2458 2015383556 78014 2017878220 18935
is_linear=0
shrinkage=0.05


Tree=65
num_leaves=15
num_cat=0
split_feature=1 12 33 37 34 28 9 34 34 17 34 34 1 34
split_gain=0.128871 0.137076 0.127123 0.12331 0.126905 0.115611 0.183438 0.234888 0.337674 0.164764 0.133314 0.122008 0.170351 0.146766
threshold=0.026704549789428714 0.17897877842187884 0.0022112962324172263 0.25679585337638861 0.31431211531162268 1.0000000180025095e-35 -0.014531659428030251 0.40313921868801122 0.27264876663684851 0.028654041700065139 0.65775698423385631 0.56372356414794933 -0.088036537170410142 0.42717051506042486
decision_type=2 2 2 2 2 2 2 2 2 2 2 2 2 2
left_child=1 2 -1 -2 -5 10 7 8 -7 -8 11 13 -13 -3
right_child=3 5 -4 4 -6 6 9 -9 -10 -11 -12 12 -14 -15
leaf_value=-5.1943457966324694e-05 -6.323227361600238e-05 0.00011301221680418345 6.6987193570625675e-05 -0.0012378672038191752 -1.173819677347037e-05 0.00010160616325720184 0.00025770478841825558 0.0012737286910425405 -0.0020042296363874698 0.001256049610480553 -0.0011001858385362216 0.0018605831688192033 0.00016252378744495758 -0.00045692455908461703
leaf_weight=54581 44122 18829 38176 453 407 1019 831 294 228 855 228 228 427 1194
leaf_count=54581 44122 18829 38176 453 407 1019 831 294 228 855 228 228 427 1194
internal_value=-3.01604e-06 2.46273e-05 -2.94029e-06 -7.49557e-05 -0.000666797 0.000130771 0.000409514 1.15809e-05 -0.000285895 0.000769157 8.74182e-05 0.000101018 0.000770797 7.86708e-05
internal_weight=161872 116890 92757 44982 860 24133 3227 1541 1247 1686 20906 20678 655 20023
internal_count=161872 116890 92757 44982 860 24133 3227 1541 1247 1686 20906 20678 655 20023
is_linear=0
shrinkage=0.05


Tree=66
num_leaves=15
num_cat=4
split_feature=25 40 33 27 40 2 25 40 38 27 34 27 40 34
split_gain=0.104649 0.112637 0.101071 0.118693 0.161493 0.130543 0.115799 0.133134 0.120805 0.267939 0.28552 0.337269 0.193819 0.175718
threshold=0.011870238464325668 0 0.0099724978208541887 1.5000000000000002 1 -0.11715579032897948 -0.01459962362423539 2 1.0000000180025095e-35 9.5000000000000018 0.14998082816600802 6.5000000000000009 3 0.27897053956985479
decision_type=2 9 2 2 9 2 2 9 2 2 2 2 9 2
left_child=2 -2 3 4 -1 -6 7 -5 -8 10 11 -10 -13 -11
right_child=1 -3 -4 6 5 -7 8 -9 9 13 -12 12 -14 -15
leaf_value=-0.00035721128528772044 2.8305854145666086e-05 -0.00030580795373636479 0.00010746332084359885 0.00045887462564870403 0.0010751131746000676 -2.8352464222655727e-05 4.8692280961315581e-05 1.7782523245002821e-05 -0.00011951144705335694 0.00016307522304281395 -5.8741419949336765e-05 -0.0003212174614392798 -0.0011303018990218398 -0.00051356976603508483
leaf_weight=5338 4646 5443 24496 3005 277 5317 57477 4018 4402 14432 29034 1324 1833 1020
leaf_count=5338 4646 5443 24496 3005 277 5317 57477 4018 4402 14432 29034 1324 1833 1020
internal_value=4.0656e-06 -0.00015179 1.44499e-05 -3.38787e-06 -0.000160909 2.62596e-05 1.13511e-05 0.000208099 -1.22846e-06 -5.64549e-05 -0.000130236 -0.000403965 -0.0007982 0.000117934
internal_weight=162062 10089 151973 127477 10932 5594 116545 7023 109522 52045 36593 7559 3157 15452
internal_count=162062 10089 151973 127477 10932 5594 116545 7023 109522 52045 36593 7559 3157 15452
cat_boundaries=0 2 4 6 8
cat_threshold=497031432 30654 2889644600 66995 1083613251 84952 2290846466 116325
is_linear=0
shrinkage=0.05


Tree=67
num_leaves=15
num_cat=4
split_feature=1 40 40 12 24 17 24 12 40 36 19 34 1 40
split_gain=0.097974 0.138383 0.136095 0.106424 0.154658 0.0995884 0.115982 0.096125 0.106287 0.0922217 0.0915921 0.107515 0.0829722 0.0766294
threshold=0.012505292892456056 0 1 0.13335345685482028 -32.430538177490227 0.05183925852179528 -36.716333389282219 0.21499466150999072 2 0.035066638141870506 -0.0022866427898406978 0.25381019711494451 0.11071741580963136 3
decision_type=2 9 9 2 2 2 2 2 9 2 2 2 2 9
left_child=1 7 5 -4 12 6 -2 -1 -9 -8 -3 -12 -5 -7
right_child=2 10 3 4 -6 13 9 8 -10 -11 11 -13 -14 -15
leaf_value=6.4990981249001635e-05 -0.00010063147333294998 -0.00013552646226515499 -4.1725937344147224e-05 -0.00022953470707168973 0.00042331417398794541 0.00025025625172973376 0.00017530917141117357 0.00048185129080052238 6.6741282574048338e-05 -3.6923161658880305e-05 -1.6073932685790146e-05 0.00024923203381539656 -0.00067065894253378472 -0.00078317096057731899
leaf_weight=39985 10556 13865 17756 11693 846 235 14464 3124 3122 7865 32013 4328 1187 635
leaf_count=39985 10556 13865 17756 11693 846 235 14464 3124 3122 7865 32013 4328 1187 635
internal_value=-7.5629e-07 3.1225e-05 -4.81083e-05 -0.000122881 -0.000227535 2.1519e-05 3.56702e-05 9.36489e-05 0.00027626 0.000100339 -2.6174e-05 1.54148e-05 -0.000270821 -0.000504568
internal_weight=161674 96437 65237 31482 13726 33755 32885 46231 6246 22329 50206 36341 12880 870
internal_count=161674 96437 65237 31482 13726 33755 32885 46231 6246 22329 50206 36341 12880 870
cat_boundaries=0 2 4 6 8
cat_threshold=954710653 10756 3041546722 23032 805417541 2052 384 20512
is_linear=0
shrinkage=0.05


Tree=68
num_leaves=15
num_cat=4
split_feature=36 40 3 3 40 4 34 2 40 27 24 40 35 7
split_gain=0.104765 0.170224 0.127088 0.149392 0.241066 0.139753 0.181516 0.184292 0.152225 0.15275 0.143258 0.133063 0.128178 0.116753
threshold=0.043289801105856902 0 0.16854572296142581 0.58222544193267833 1 -0.28613066673278803 0.27897053956985479 0.18084692955017093 2 1.5000000000000002 -36.134511947631829 3 2.0937937498092656 0.085271924734115614
decision_type=2 9 2 2 9 2 2 2 9 2 2 9 2 2
left_child=2 -2 11 5 -5 6 13 -8 10 -10 -7 -1 -13 -4
right_child=1 -3 3 4 -6 8 7 -9 9 -11 -12 12 -14 -15
leaf_value=5.500314024365549e-05 7.491287354269787e-05 -0.00017612754050578517 0.00080888923912295215 0.0006200437436177529 -0.0013320832642192461 7.258899865899658e-05 0.0024019449163472984 0.00032888554375607609 -0.00067142786261193983 3.9899549865111972e-05 0.00043721608075107112 -6.0919938880862911e-05 0.00095935218597930521 -0.00052434755349732478
leaf_weight=52644 10595 18479 330 239 410 5541 240 205 812 9846 5314 56573 304 314
leaf_count=52644 10595 18479 330 239 410 5541 240 205 812 9846 5314 56573 304 314
internal_value=1.41413e-06 -8.45104e-05 2.02697e-05 0.000126429 -0.000617193 0.000148135 0.000700415 0.00147232 0.000119789 -1.41016e-05 0.000251438 -2.22667e-06 -5.52853e-05 0.000152097
internal_weight=161846 29074 132772 23251 649 22602 1089 445 21513 10658 10855 109521 56877 644
internal_count=161846 29074 132772 23251 649 22602 1089 445 21513 10658 10855 109521 56877 644
cat_boundaries=0 2 4 6 8
cat_threshold=1082409384 19856 1145049092 1312 2049718892 18322 2255718587 8815
is_linear=0
shrinkage=0.05


Tree=69
num_leaves=15
num_cat=5
split_feature=29 25 40 13 18 32 27 15 37 40 40 38 40 40
split_gain=0.108081 0.0953385 0.117353 0.103579 0.0950478 0.0926711 0.0835596 0.212167 0.290446 0.222325 0.140943 0.0938828 0.0834212 0.0824338
threshold=0.72944819927215587 -0.021530085243284699 0 0.068711638450622572 0.094573926180601134 0.97259759902954113 2.5000000000000004 0.031338259577751167 -0.12215417250990866 1 2 1.5000000000000002 3 4
decision_type=2 2 9 2 2 2 2 2 2 9 9 2 9 9
left_child=1 2 3 -1 -2 -4 7 10 -9 11 -3 -10 -6 -8
right_child=4 6 5 -5 12 -7 13 8 9 -11 -12 -13 -14 -15
leaf_value=0.00039524779312507071 -5.0010264442897407e-05 -0.00023039889484517096 0.00021155388460151279 0.0015279607560603531 -0.00082776989690074856 -0.00081769264916557976 8.4199463558171583e-05 0.0011418410658258769 -0.00077620373366296311 -0.00024160609342964497 8.1504355700386447e-05 -0.0019757399074189349 -0.00010939826510432513 -8.8011905857442766e-06
leaf_weight=655 44279 5443 1792 303 734 243 47578 203 309 798 10732 422 948 47543
leaf_count=655 44279 5443 1792 303 734 243 47578 203 309 798 10732 422 948 47543
internal_value=6.77226e-07 2.6414e-05 0.00030482 0.000756912 -6.4178e-05 8.40851e-05 1.89843e-05 -7.99956e-05 -0.000605234 -0.000843412 -2.3275e-05 -0.0014643 -0.000432928 3.76736e-05
internal_weight=161982 116021 2993 958 45961 2035 113028 17907 1732 1529 16175 731 1682 95121
internal_count=161982 116021 2993 958 45961 2035 113028 17907 1732 1529 16175 731 1682 95121
cat_boundaries=0 2 4 6 8 10
cat_threshold=9552453 51336 225157124 67856 3759737544 90130 21268932 76832 3134667073 75889
is_linear=0
shrinkage=0.05


Tree=70
num_leaves=15
num_cat=4
split_feature=37 40 40 15 13 3 40 17 40 30 39 12 15 23
split_gain=0.112432 0.156184 0.1302 0.14933 0.148633 0.146771 0.212815 0.123899 0.263805 0.171899 0.169342 0.131601 0.132522 0.116726
threshold=0.0072853753808885821 0 1 0.042296187952160842 0.05513830482959748 -0.23446798324584958 2 0.040110692381858833 3 0.23606811463832858 -0.42657867074012751 0.30658838152885443 0.030750364065170292 -0.053142843768000596
decision_type=2 9 9 2 2 2 9 2 9 2 2 2 2 8
left_child=2 -2 3 4 -1 6 -4 -7 -9 -10 -11 12 -12 -6
right_child=1 -3 5 -5 13 7 -8 8 9 10 11 -13 -14 -15
leaf_value=-0.00014752697230182955 0.00014528815244798632 -2.102630523072403e-06 -2.2154641065951857e-05 0.00046752864149797425 -0.0011839032601344503 -1.5316247314085034e-05 0.00070140985154722342 0.00047515916345953904 0.00011511036255907322 -0.0021351880414412368 -0.00094948054526390992 -0.0016974486718710751 0.00019916265357779661 -0.00035164633729167945
leaf_weight=12910 24313 68575 2465 849 616 46453 1702 683 523 243 528 252 461 1422
leaf_count=12910 24313 68575 2465 849 616 46453 1702 683 523 243 528 252 461 1422
internal_value=4.8473e-07 3.64436e-05 -4.7775e-05 -0.000173795 -0.000210815 -1.02912e-05 0.000274299 -3.45519e-05 -0.000364228 -0.000651956 -0.000929506 -0.000681788 -0.000410728 -0.000607931
internal_weight=161995 92888 69107 15797 14948 53310 4167 49143 2690 2007 1484 1241 989 2038
internal_count=161995 92888 69107 15797 14948 53310 4167 49143 2690 2007 1484 1241 989 2038
cat_boundaries=0 2 4 6 8
cat_threshold=471879728 21280 544820 20784 877692931 102080 127270914 3584
is_linear=0
shrinkage=0.05


Tree=71
num_leaves=15
num_cat=5
split_feature=33 33 17 40 25 40 24 40 40 40 24 22 1 7
split_gain=0.097433 0.15317 0.171356 0.100516 0.0977187 0.101119 0.0944832 0.134281 0.129918 0.0873061 0.0844865 0.109325 0.0833128 0.0815789
threshold=0.021049814298748974 0.031129541806876663 0.045275693759322173 0 0.013174187391996385 1 -37.035774230957024 2 3 4 -29.134400367736813 0.6066499948501588 -0.0051691532135009757 -0.17110191285610196
decision_type=2 2 2 9 2 9 2 9 9 9 2 10 2 2
left_child=4 2 3 -2 6 -6 7 -1 13 -3 -10 -12 -9 -8
right_child=1 9 -4 -5 5 -7 8 12 10 -11 11 -13 -14 -15
leaf_value=-0.00024690234648093928 0.00021822040550292991 -0.00056060262600066601 -0.00047474046078574287 0.00075123394730108699 9.1897827585475543e-06 -0.00037529254841594411 0.00079785633853890784 8.6083239344985911e-05 -1.5096188739720558e-05 0.0001461774689333617 -0.00011814010365330827 0.0011196747306373438 -8.8268488279471559e-05 9.99868582199861e-05
leaf_weight=8261 1868 832 525 1791 3214 3590 422 11465 81008 879 326 370 16976 30678
leaf_count=8261 1868 832 525 1791 3214 3590 422 11465 81008 879 326 370 16976 30678
internal_value=-8.00735e-07 0.000198623 0.000361906 0.000483798 -8.35982e-06 -0.000193605 4.34167e-08 -6.96019e-05 2.27497e-05 -0.000197639 -1.03062e-05 0.000536054 -1.77998e-05 0.000109709
internal_weight=162205 5895 4184 3659 156310 6804 149506 36702 112804 1711 81704 696 28441 31100
internal_count=162205 5895 4184 3659 156310 6804 149506 36702 112804 1711 81704 696 28441 31100
cat_boundaries=0 2 4 6 8 10
cat_threshold=2465704787 34885 1523585821 21438 1157892160 29123 1994457188 2768 1755970432 35480
is_linear=0
shrinkage=0.05


Tree=72
num_leaves=15
num_cat=5
split_feature=23 18 40 34 39 40 25 40 15 40 40 15 15 39
split_gain=0.103117 0.138577 0.143198 0.124327 0.139825 0.12479 0.0993695 0.0989834 0.0901933 0.0822146 0.082151 0.11015 0.115352 0.199358
threshold=-0.048714293166995042 0.087171539664268508 0 0.068532977253198638 -0.64392912387847889 1 -0.018972474150359627 2 0.029462984763085846 3 4 0.038336204364895828 0.047000981867313392 -0.36365877091884607
decision_type=10 2 9 2 2 9 2 9 2 9 9 2 2 2
left_child=1 3 -3 -1 7 -6 9 -5 -7 -2 -8 -12 13 -13
right_child=6 2 -4 4 5 8 10 -9 -10 -11 11 12 -14 -15
leaf_value=-0.0011290743889956392 2.265692051525963e-05 -0.00082167809567899202 -7.6928920616882714e-05 -0.0001518179289705586 3.7856015024262675e-05 -7.8640912030367358e-05 6.8950566969370563e-05 0.0012012295906692638 -0.00034710436609732324 0.00061024952778106114 -3.2272079766858034e-05 0.0015003289721330323 -0.00022187565147463949 7.7993856514555987e-05
leaf_weight=254 1121 1151 1506 200 26209 22269 50236 374 3658 1320 52056 440 486 571
leaf_count=254 1121 1151 1506 200 26209 22269 50236 374 3658 1320 52056 440 486 571
internal_value=1.57879e-06 -5.35403e-05 -0.000405742 -3.57407e-05 -3.02707e-05 -3.89397e-05 3.04868e-05 0.000742034 -0.000116725 0.000345634 2.30105e-05 -2.00024e-05 0.000401884 0.000706271
internal_weight=161851 55621 2657 52964 52710 52136 106230 574 25927 2441 103789 53553 1497 1011
internal_count=161851 55621 2657 52964 52710 52136 106230 574 25927 2441 103789 53553 1497 1011
cat_boundaries=0 2 4 6 8 10
cat_threshold=318806048 81328 1938233594 39592 4718624 1440 323621552 46387 2625245500 27001
is_linear=0
shrinkage=0.05


Tree=73
num_leaves=15
num_cat=3
split_feature=34 40 34 6 27 3 40 4 27 27 34 27 41 39
split_gain=0.11258 0.183677 0.173603 0.168187 0.139153 0.102691 0.17539 0.111145 0.390329 0.553472 0.384783 0.318555 0.318436 0.255572
threshold=0.60323816537857067 0 0.56372356414794933 -0.15398401021957395 10.500000000000002 0.69456541538238536 1 -0.61405807733535755 2.5000000000000004 6.5000000000000009 0.24326300621032718 10.500000000000002 2 -0.64392912387847889
decision_type=2 9 2 2 2 2 9 2 2 2 2 2 1 2
left_child=2 -2 5 -4 -3 7 -7 8 10 -10 -1 -11 -12 -13
right_child=1 4 3 -5 -6 6 -8 -9 9 11 12 13 -14 -15
leaf_value=0.0010944110979663631 0.00028544212608275237 -0.00021182116613993821 0.0019969866098449853 0.0001852855408564706 -0.0016917075605571972 0.0002097440045219156 -0.0014310291288069216 -6.1966965922632687e-06 0.0015607850180344182 -0.00074235771380676708 0 0.0017679181731237498 -0.0020212460323034602 -4.5889639089750251e-05
leaf_weight=264 433 298 206 347 362 309 318 156010 955 710 364 328 408 453
leaf_count=264 433 298 206 347 362 309 318 156010 955 710 364 328 408 453
internal_value=-2.85755e-06 -0.000507432 5.59474e-07 0.000880976 -0.00102228 -2.47739e-06 -0.000638569 1.18221e-08 0.000279227 0.000624344 -0.000529879 1.79903e-05 -0.00109524 0.000715902
internal_weight=161765 1093 160672 553 660 160119 627 159492 3482 2446 1036 1491 772 781
internal_count=161765 1093 160672 553 660 160119 627 159492 3482 2446 1036 1491 772 781
cat_boundaries=0 2 4 5
cat_threshold=52181984 32834 4198432 17410 2195
is_linear=0
shrinkage=0.05


Tree=74
num_leaves=15
num_cat=3
split_feature=10 7 27 40 10 37 40 27 17 27 4 41 4 27
split_gain=0.129517 0.115159 0.311528 0.186237 0.142009 0.173993 0.360722 0.153073 0.162954 0.111543 0.28652 0.33563 0.235865 0.477115
threshold=0.024751708842813972 -0.13469959050416944 11.500000000000002 0 -0.0274849459528923 -0.16715159267187116 1 4.5000000000000009 0.038457946851849563 2.5000000000000004 -0.75763368606567372 2 -0.61405807733535755 5.5000000000000009
decision_type=2 2 2 9 2 2 9 2 2 2 2 1 2 2
left_child=1 2 3 -1 -3 6 -6 -8 -9 10 11 -7 13 -11
right_child=-2 4 -4 -5 5 9 7 8 -10 12 -12 -13 -14 -15
leaf_value=-0.00017276930487426722 -0.00071418660236006841 0.00091240690084807641 0.0020103172774299026 0.00057024274688208503 0.00030111135169201363 2.6535424830942722e-05 0 -0.00073339536829791026 -0.0021105203591005894 0.0015105476830159408 -7.1380398050881533e-05 -0.0022869110934934725 8.6555496847565806e-06 -0.00014178649854174562
leaf_weight=1901 631 415 238 1486 877 308 273 516 396 779 24592 305 128337 974
leaf_count=1901 631 415 238 1486 877 308 273 516 396 779 24592 305 128337 974
internal_value=-2.06174e-06 7.13454e-07 0.000279178 0.000153275 -5.66155e-06 -8.14348e-06 -0.00046387 -0.00102701 -0.00134506 -2.04542e-06 -9.83334e-05 -0.0011622 1.6575e-05 0.000591843
internal_weight=162028 161397 3625 3387 157772 157357 2062 1185 912 155295 25205 613 130090 1753
internal_count=162028 161397 3625 3387 157772 157357 2062 1185 912 155295 25205 613 130090 1753
cat_boundaries=0 2 4 5
cat_threshold=1298287056 19642 25559745 90944 2195
is_linear=0
shrinkage=0.05


Tree=75
num_leaves=15
num_cat=3
split_feature=36 40 33 34 34 34 33 40 24 37 34 36 40 34
split_gain=0.102688 0.285519 0.129812 0.209343 0.167561 0.18361 0.182445 0.117422 0.114864 0.104975 0.0995767 0.0902383 0.224504 0.0951795
threshold=0.099064994603395476 0 0.021049814298748974 0.35462349653244024 0.38200022280216223 0.42717051506042486 0.042630769312381751 1 -31.174007415771481 -0.021077169105410572 0.29006725549697882 -0.14513812214136121 2 0.13187970966100696
decision_type=2 9 2 2 2 2 2 9 2 2 2 2 9 2
left_child=2 -2 11 7 -5 -6 9 -4 -3 -7 -9 12 -1 -13
right_child=1 8 3 4 5 6 -8 10 -10 -11 -12 13 -14 -15
leaf_value=-0.00035405600271074217 -0.00062643298391381697 -4.5749731408734209e-05 0.00015704842310449319 -0.0014812496209595644 0.0010842438006818654 -0.0013763500441874186 0.00064055423568625035 0.00051086051923227699 0.00073483472750929214 0 0.0013767559288757334 4.4091965597359335e-05 0.00065877485126100634 -3.8099216168292727e-05
leaf_weight=826 2410 4071 2043 235 276 380 284 1561 527 211 437 58314 1545 88887
leaf_count=826 2410 4071 2043 235 276 380 284 1561 527 211 437 58314 1545 88887
internal_value=-2.87053e-07 -0.000187458 8.14907e-06 0.000248256 -0.000279089 -2.39734e-05 -0.000383393 0.000430484 4.32378e-05 -0.000885077 0.000702203 -5.37439e-07 0.000305104 -5.50464e-06
internal_weight=162007 7008 154999 5427 1386 1151 875 4041 4598 591 1998 149572 2371 147201
internal_count=162007 7008 154999 5427 1386 1151 875 4041 4598 591 1998 149572 2371 147201
cat_boundaries=0 2 4 6
cat_threshold=774474026 37414 2211670866 101957 1276135728 33920
is_linear=0
shrinkage=0.05


Tree=76
num_leaves=15
num_cat=3
split_feature=29 24 28 40 34 34 35 5 37 5 40 33 39 40
split_gain=0.114066 0.0797464 0.117706 0.136893 0.0913413 0.176998 0.1524 0.141322 0.103261 0.120276 0.0932816 0.0917916 0.0902354 0.0855836
threshold=0.81016731262207042 -37.364196777343743 1.0000000180025095e-35 0 0.60323816537857067 0.56372356414794933 1.0916275382041933 -0.02951371110975742 -0.29573123157024378 -0.1308324187994003 1 -0.033655198290944092 -0.40740960836410517 2
decision_type=2 2 2 9 2 2 2 2 2 2 9 2 2 9
left_child=1 13 4 12 5 8 -6 -7 -3 -10 -11 -12 -4 -1
right_child=-2 2 3 -5 6 7 -8 -9 9 10 11 -13 -14 -15
leaf_value=-0.00023824249268051851 -8.1476281492095438e-05 -0.00084094136709116562 0.0010330091155281754 4.1624765894676273e-05 4.7340121197028464e-05 0.0019702309523051847 -0.0013750920521590909 0.00013521489281202262 0.00098189049877834872 7.6229583944342728e-05 -0.00071802242441283204 -1.8614986388655744e-05 0.00029732509990698473 -6.3698555964198235e-06
leaf_weight=5356 32620 342 454 8467 458 204 307 225 321 40485 469 51030 5640 15561
leaf_count=5356 32620 342 454 8467 458 204 307 225 321 40485 469 51030 5640 15561
internal_value=2.03545e-06 2.31418e-05 4.04181e-05 0.000172704 1.98303e-05 2.4367e-05 -0.000522221 0.00103198 1.95919e-05 2.28798e-05 1.94256e-05 -2.51458e-05 0.000353176 -6.61417e-05
internal_weight=161939 129319 108402 14561 93841 93076 765 429 92647 92305 91984 51499 6094 20917
internal_count=161939 129319 108402 14561 93841 93076 765 429 92647 92305 91984 51499 6094 20917
cat_boundaries=0 2 4 6
cat_threshold=1909039760 76186 1991475326 9968 1346419200 52311
is_linear=0
shrinkage=0.05


Tree=77
num_leaves=15
num_cat=3
split_feature=8 3 40 40 27 7 34 2 34 11 39 34 34 40
split_gain=0.0959391 0.165236 0.189425 0.144911 0.119823 0.197337 0.157402 0.1152 0.11258 0.105026 0.115847 0.0962815 0.255967 0.169181
threshold=74.382583618164077 0.16854572296142581 0 1 1.5000000000000002 0.076799605041742339 0.16790152341127398 0.31625866889953619 0.25381019711494451 0.22131696343421939 -0.40740960836410517 0.13090705871582034 0.12269319221377374 2
decision_type=2 2 9 9 2 2 2 2 2 2 2 2 2 9
left_child=1 11 8 -2 5 -4 -7 -5 -3 -6 -11 12 13 -1
right_child=3 2 4 7 9 6 -8 -9 -10 10 -12 -13 -14 -15
leaf_value=9.7206844426060465e-05 -0.00060475068693699615 0.00020968175993537057 8.6597393258999541e-05 6.9417539072315476e-05 0.00052257689011894922 -0.00028814538510175253 -0.0017707918292949884 -0.00083549380246426385 0.00065874662718949195 0.0010776361719661849 9.648370510207123e-06 -5.2939496942172121e-05 0.00028654396445035226 -0.00011543080266633438
leaf_weight=17234 1610 8804 959 3109 1132 392 344 391 1676 253 17004 80003 8441 20405
leaf_count=17234 1610 8804 959 3109 1132 392 344 391 1676 253 17004 80003 8441 20405
internal_value=-1.43043e-06 5.49638e-06 0.000109812 -0.000214547 1.95228e-05 -0.000381718 -0.000995142 -3.12061e-05 0.000281986 5.68832e-05 2.59031e-05 -1.97545e-05 3.77514e-05 -1.79411e-05
internal_weight=161757 156647 30564 5110 20084 1695 736 3500 10480 18389 17257 126083 46080 37639
internal_count=161757 156647 30564 5110 20084 1695 736 3500 10480 18389 17257 126083 46080 37639
cat_boundaries=0 2 4 6
cat_threshold=1879599208 50560 182298795 65 2087916095 7704
is_linear=0
shrinkage=0.05


Tree=78
num_leaves=15
num_cat=0
split_feature=34 22 27 28 34 34 27 4 4 34 27 34 15 34
split_gain=0.093974 0.159893 0.111148 0.130611 0.108556 0.21094 0.198303 0.454115 0.36455 0.385014 0.460867 0.321312 0.307747 0.232404
threshold=0.089139107614755644 0.086050000041723265 2.5000000000000004 1.0000000180025095e-35 0.13090705871582034 0.12204833328723909 8.5000000000000018 0.34285509586334234 -0.30670571327209467 0.31431211531162268 1.5000000000000002 0.35462349653244024 0.045503810048103339 0.26658158004283911
decision_type=2 10 2 2 2 2 2 2 2 2 2 2 2 2
left_child=1 -1 3 -3 5 -2 8 13 9 12 -11 -12 -6 -8
right_child=4 2 -4 -5 6 -7 7 -9 -10 10 11 -13 -14 -15
leaf_value=-0.0012835034791248941 1.1098644916262494e-05 -0.00029964773817688881 -2.6491612432289799e-05 -0.0016250535436402105 0.00018523560613927783 0.00025469296016499709 3.9749659513483717e-05 0.00037693728826766027 -0.00010663485300124057 -0.00041896314976524649 0.0020964362495442079 0.00056913918071025045 -0.0011156374550915595 -0.00035247059960768286
leaf_weight=296 37062 1953 8112 204 3975 11706 20121 9238 62386 493 708 698 508 4641
leaf_count=296 37062 1953 8112 204 3975 11706 20121 9238 62386 493 708 698 508 4641
internal_value=-1.78325e-06 -0.000145952 -0.000112067 -0.00043078 8.23961e-06 6.96923e-05 -2.08758e-05 7.78255e-05 -6.975e-05 0.000289829 0.00088562 0.00134647 3.56318e-05 -3.36164e-05
internal_weight=162101 10565 10269 2157 151536 48768 102768 34000 68768 6382 1899 1406 4483 24762
internal_count=162101 10565 10269 2157 151536 48768 102768 34000 68768 6382 1899 1406 4483 24762
is_linear=0
shrinkage=0.05


Tree=79
num_leaves=15
num_cat=2
split_feature=29 18 10 34 34 11 40 3 37 34 7 40 35 3
split_gain=0.105161 0.0963322 0.0913173 0.203006 0.324291 0.293872 0.149863 0.167568 0.137223 0.102099 0.086948 0.28026 0.111033 0.0905236
threshold=0.72944819927215587 0.090456422418355956 -0.010539510753005741 0.50087584555149089 0.38200022280216223 0.036560537293553359 0 -0.13772773742675778 -0.24490206688642499 0.65775698423385631 -0.13469959050416944 1 1.4562835097312929 -0.41522240638732905
decision_type=2 2 2 2 2 2 9 2 2 2 2 9 2 2
left_child=2 -2 3 4 6 -6 7 -1 -5 10 11 12 -4 -13
right_child=1 -3 9 8 5 -7 -8 -9 -10 -11 -12 13 -14 -15
leaf_value=-0.00067614104232225063 -4.7899451789269776e-05 -0.00040838982603067452 -0.00053812823654097964 0.0021086748207255267 0.00041280717443441971 -0.0019257739255760858 0.00040819013122636913 0.00016315885216167239 0.00029016719300233051 -0.00088205241831317916 1.047585385422634e-05 0.0018598273190913131 0.00074700771230659213 0.00067954795092400693
leaf_weight=787 44077 1935 716 218 211 344 4250 2372 211 312 105638 237 212 608
leaf_count=787 44077 1935 716 218 211 344 4250 2372 211 312 105638 237 212 608
internal_value=7.23474e-07 -6.3211e-05 2.61028e-05 0.000184953 0.000126782 -0.00103202 0.000214898 -4.49512e-05 0.00123943 1.36719e-05 1.63612e-05 0.00036319 -0.000234242 0.00101354
internal_weight=162128 46012 116116 8393 7964 555 7409 3159 429 107723 107411 1773 928 845
internal_count=162128 46012 116116 8393 7964 555 7409 3159 429 107723 107411 1773 928 845
cat_boundaries=0 2 4
cat_threshold=2514632763 51072 155355488 52530
is_linear=0
shrinkage=0.05


Tree=80
num_leaves=15
num_cat=1
split_feature=36 1 3 37 41 11 18 35 24 35 23 23 4 27
split_gain=0.0902265 0.097802 0.0893688 0.144519 0.0993687 0.0909637 0.0906981 0.0892828 0.105152 0.0925847 0.0846026 0.0795522 0.124268 0.134834
threshold=2.152088107720829e-08 0.15337228775024417 -0.15991449356079099 -0.17913261055946347 0 0.085501894354820265 0.032639812678098686 0.70230433344841015 -28.710628509521481 2.278751134872437 0.26621426641941076 -0.10435952618718146 -0.56313467025756825 2.5000000000000004
decision_type=2 2 2 2 1 2 2 2 2 2 8 10 2 2
left_child=7 2 4 5 6 -4 -2 8 10 11 -1 -9 13 -13
right_child=1 -3 3 -5 -6 -7 -8 9 -10 -11 -12 12 -14 -15
leaf_value=0.00015257170820911608 0.00035045156191373304 -0.00053234695666679857 8.0567278020234374e-05 -3.5696252482060024e-05 0.0003044745075758261 -0.0011531730790813328 -0.00051536794947297721 -0.00011330584028281775 0.0012609935313993299 0.00094664320239286164 -0.0002429180492929965 -0.00019108499284505173 1.9989069720628984e-05 0.00078284941235200872
leaf_weight=17620 463 971 207 70477 3763 467 831 11144 201 259 1451 514 52185 1085
leaf_count=17620 463 971 207 70477 3763 467 831 11144 201 259 1451 514 52185 1085
internal_value=4.33003e-06 -3.47127e-05 -2.8272e-05 -4.27675e-05 0.00017453 -0.000769098 -0.000200028 4.00666e-05 0.000134624 1.20265e-05 0.000122163 8.14864e-06 3.34151e-05 0.00046704
internal_weight=161638 77179 76208 71151 5057 674 1294 84459 19272 65187 19071 64928 53784 1599
internal_count=161638 77179 76208 71151 5057 674 1294 84459 19272 65187 19071 64928 53784 1599
cat_boundaries=0 1
cat_threshold=514
is_linear=0
shrinkage=0.05


Tree=81
num_leaves=15
num_cat=1
split_feature=29 10 4 27 38 34 34 11 27 34 41 37 5 19
split_gain=0.0871543 0.0683646 0.184564 0.143887 0.21355 0.101786 0.209606 0.138373 0.0728697 0.0852654 0.0771501 0.0916185 0.107895 0.0690205
threshold=0.69883719086647045 -0.0097497133538126928 -0.33201718330383295 5.5000000000000009 1.5000000000000002 0.45017996430397039 0.38200022280216223 0.085501894354820265 10.500000000000002 0.16790152341127398 0 -0.091286163777112947 -0.074717152863740907 0.001598179340362549
decision_type=2 2 2 2 2 2 2 2 2 2 1 2 2 2
left_child=1 2 3 -1 -5 6 8 -7 10 -10 11 -4 -13 -3
right_child=-2 13 5 4 -6 7 -8 -9 9 -11 -12 12 -14 -15
leaf_value=0.00023223823725159636 -5.2464080960910127e-05 -2.4415794704521769e-05 -0.00035686924083148193 3.2147051411492484e-05 -0.0018992198731250685 0.0019249836235426415 -0.0010708652041232327 0.00021562265684831576 0.00013059483484746372 0.0010164349688900213 0.00035123026418531979 0.00096277323457263908 3.6852097212836534e-05 5.7705178121702552e-05
leaf_weight=381 50105 53303 1141 257 304 200 313 302 523 599 3139 373 1960 49116
leaf_count=381 50105 53303 1141 257 304 200 313 302 523 599 3139 373 1960 49116
internal_value=2.30541e-06 2.68728e-05 0.000155262 -0.000505589 -0.00101314 0.000228909 0.000184713 0.000918773 0.000236826 0.000610365 0.00017228 7.8448e-06 0.000188769 1.49182e-05
internal_weight=162016 111911 9492 942 561 8550 8048 502 7735 1122 6613 3474 2333 102419
internal_count=162016 111911 9492 942 561 8550 8048 502 7735 1122 6613 3474 2333 102419
cat_boundaries=0 1
cat_threshold=710
is_linear=0
shrinkage=0.05


Tree=82
num_leaves=15
num_cat=3
split_feature=22 33 40 18 33 40 3 40 27 17 10 8 10 9
split_gain=0.110565 0.119698 0.113344 0.0925738 0.150653 0.12507 0.0906306 0.211374 0.131041 0.254301 0.136401 0.118519 0.131988 0.0997276
threshold=0.7024500072002412 -0.0088627152144908888 0 0.090456422418355956 -0.046018458902835839 1 0.16854572296142581 2 1.5000000000000002 0.029219264164566997 -0.0036290857242420311 70.923793792724624 0.00791716016829014 0.046773573383688934
decision_type=10 2 9 2 2 9 2 9 2 2 2 2 2 2
left_child=3 -2 -3 6 -5 -6 13 11 9 -9 -10 12 -8 -1
right_child=1 2 -4 4 5 -7 7 8 10 -11 -12 -13 -14 -15
leaf_value=-3.3478898783746024e-05 -0.0001532418188231204 0.00033491666118184364 7.3797149334147314e-05 0.00086437314412289167 4.7888464570909045e-05 -0.00052247562622249541 0.0002150211913264253 -0.00017314595338055721 0.00025147273534445718 -0.0020388128398055282 -0.00013547967401588034 -8.4240508685884397e-05 0.00082940793366300693 0.00082880084458944719
leaf_weight=103578 3982 5725 15430 281 1480 2661 11537 770 3086 238 8616 3043 950 331
leaf_count=103578 3982 5725 15430 281 1480 2661 11537 770 3086 238 8616 3043 950 331
internal_value=1.10901e-06 9.7496e-05 0.000144954 -1.65981e-05 -0.00024155 -0.000318753 -9.02403e-06 7.03419e-05 -8.05727e-05 -0.000626475 -3.29434e-05 0.000194088 0.000262477 -3.06443e-05
internal_weight=161708 25137 21155 136571 4422 4141 132149 28240 12710 1008 11702 15530 12487 103909
internal_count=161708 25137 21155 136571 4422 4141 132149 28240 12710 1008 11702 15530 12487 103909
cat_boundaries=0 2 4 6
cat_threshold=961548500 82080 550797847 18002 2081186404 118664
is_linear=0
shrinkage=0.05


Tree=83
num_leaves=15
num_cat=3
split_feature=34 14 40 34 34 4 40 34 33 27 40 34 34 37
split_gain=0.0828704 0.181007 0.148443 0.108722 0.182953 0.165624 0.153498 0.142393 0.175083 0.134434 0.132167 0.123359 0.187582 0.260201
threshold=0.089139107614755644 0.016200836747884754 0 0.13090705871582034 0.12204833328723909 -0.4916465282440185 1 0.14118858426809314 0.0059684463776648053 6.5000000000000009 2 0.14640649408102038 0.14998082816600802 0.018493666313588623
decision_type=2 2 9 2 2 2 9 2 2 2 9 2 2 2
left_child=1 -1 -3 4 5 -2 -7 8 10 -6 -5 -9 13 -13
right_child=3 2 -4 7 9 6 -8 11 -10 -11 -12 12 -14 -15
leaf_value=5.544157003083095e-06 -0.00097970044283259071 -0.00091747424370127069 -0.00020355223971969892 -7.353042752534833e-05 0.00039487469441948028 0.00014951199411685425 -5.8321222898579788e-05 0.00018735767184699078 7.9431623042398644e-05 5.3722212946716269e-05 -0.00042565423583532981 -0.00068309615569052688 4.8092598755156195e-06 7.3891108416767332e-05
leaf_weight=7222 408 1080 2324 4836 6477 15063 21577 8387 5274 5279 6081 2400 73535 2128
leaf_count=7222 408 1080 2324 4836 6477 15063 21577 8387 5274 5279 6081 2400 73535 2128
internal_value=-5.4418e-07 -0.000135516 -0.00043583 8.89717e-06 7.03538e-05 1.56655e-05 2.70179e-05 -2.02777e-05 -0.000156345 0.000242194 -0.000270691 5.15577e-06 -1.43665e-05 -0.000326547
internal_weight=162071 10626 3404 151445 48804 37048 36640 102641 16191 11756 10917 86450 78063 4528
internal_count=162071 10626 3404 151445 48804 37048 36640 102641 16191 11756 10917 86450 78063 4528
cat_boundaries=0 2 4 6
cat_threshold=1132726400 115042 1818821173 7480 2199313282 79942
is_linear=0
shrinkage=0.05


Tree=84
num_leaves=15
num_cat=4
split_feature=36 40 33 34 40 40 35 40 15 4 34 4 36 34
split_gain=0.0894601 0.124055 0.0905667 0.159471 0.107372 0.0981311 0.087566 0.087735 0.0837499 0.0737378 0.0719273 0.112458 0.0653011 0.0616915
threshold=0.033479433506727226 0 0.021049814298748974 0.35462349653244024 1 2 2.278751134872437 3 0.047000981867313392 -0.98476481437683094 0.091051366180181517 -0.093438148498535142 -0.042863063514232629 0.3695881068706513
decision_type=2 9 2 2 9 9 2 9 2 2 2 2 2 2
left_child=2 8 6 5 -5 12 7 10 -2 -9 11 -1 -4 -12
right_child=1 -3 3 4 -6 -7 -8 9 -10 -11 13 -13 -14 -15
leaf_value=-0.00092997720084655707 7.1905610804189437e-05 -0.00014075803460980054 0.00132900069419217 -0.00084040216746682152 0.00014590054938471382 0.00021035193010203056 0.00074992985909651244 0.00067638688986705999 -0.00063715066987113291 -3.7689620277568388e-05 5.8643378060389812e-05 -5.9184406837745738e-05 0.0005077374164770388 0.00037639487680432457
leaf_weight=405 13190 23141 391 464 631 2122 394 358 424 61824 52168 4095 740 1576
leaf_count=405 13190 23141 391 464 631 2122 394 358 424 61824 52168 4095 740 1576
internal_value=-1.68589e-06 -7.02921e-05 1.84221e-05 0.000242538 -0.000275728 0.000418683 1.03056e-05 7.8132e-06 4.91934e-05 -3.34386e-05 5.19359e-05 -0.000139611 0.000793672 6.80884e-05
internal_weight=161923 36755 125168 4348 1095 3253 120820 120426 13614 62182 58244 4500 1131 53744
internal_count=161923 36755 125168 4348 1095 3253 120820 120426 13614 62182 58244 4500 1131 53744
cat_boundaries=0 2 4 6 8
cat_threshold=545522492 19856 2089330756 7306 1549852677 17714 3664222390 4716
is_linear=0
shrinkage=0.05


Tree=85
num_leaves=15
num_cat=3
split_feature=33 26 33 26 13 25 40 24 28 33 2 40 40 25
split_gain=0.088709 0.379493 0.211834 0.238907 0.202622 0.101474 0.120597 0.109011 0.201252 0.178129 0.134106 0.133173 0.129748 0.120818
threshold=-0.046018458902835839 1.5000000000000002 -0.033655198290944092 1.5000000000000002 0.05646606162190438 0.018235396593809131 0 -35.602142333984368 1.0000000180025095e-35 -0.0059145202394574872 -0.25719285011291498 1 2 -0.017116781324148175
decision_type=2 2 2 2 2 2 9 2 2 2 2 9 9 2
left_child=1 -1 3 -2 -5 7 -7 10 9 13 -4 -11 -10 -9
right_child=2 -3 5 4 -6 6 -8 8 12 11 -12 -13 -14 -15
leaf_value=0.0016108965792044679 0.0001697143513208092 -0.00078523444799121454 0.00084035020135604698 -0.00030134351542940785 -0.0019472664235908788 -0.0005347524528576214 3.3460715329607222e-05 0.00028165101131242507 0.00010568717951786779 0.00025855949196813193 -2.9377270437831288e-05 3.0867883978281614e-05 0.0005032330553923827 -0.00019572171174326116
leaf_weight=377 532 284 440 357 413 1881 1814 1491 4562 7963 93506 33365 3810 11196
leaf_count=377 532 284 440 357 413 1881 1814 1491 4562 7963 93506 33365 3810 11196
internal_value=-1.14109e-07 0.00057572 -2.52217e-06 -0.000636501 -0.00119748 2.62441e-06 -0.000256133 8.78023e-06 6.00369e-05 2.45692e-05 -2.52061e-05 7.4956e-05 0.000288122 -0.000139137
internal_weight=161991 661 161330 1302 770 160028 3695 156333 62387 54015 93946 41328 8372 12687
internal_count=161991 661 161330 1302 770 160028 3695 156333 62387 54015 93946 41328 8372 12687
cat_boundaries=0 2 4 6
cat_threshold=609215458 112643 1543577704 16898 2316720998 12388
is_linear=0
shrinkage=0.05


Tree=86
num_leaves=15
num_cat=5
split_feature=25 40 3 40 37 40 3 40 40 15 27 24 35 3
split_gain=0.10024 0.151142 0.117027 0.126162 0.0903675 0.142424 0.153213 0.152111 0.126874 0.106356 0.229103 0.120088 0.132205 0.127972
threshold=-0.023219129070639607 0 0.69456541538238536 1 0.0079451636411249655 2 -0.21836447715759275 3 4 0.043302718549966819 3.5000000000000004 -35.289049148559563 1.3694573640823366 0.39737510681152349
decision_type=2 9 2 9 2 9 2 9 9 2 2 2 2 2
left_child=1 -1 4 -4 5 -2 7 -7 9 11 -11 -6 -13 -14
right_child=2 -3 3 -5 8 6 -8 -9 -10 10 -12 12 13 -15
leaf_value=-8.7886216710363188e-05 -0.00015666182248628762 0.00068637334609663496 0.00020015873936156029 -0.0013134435507824837 4.9591334679219627e-05 8.2408800794412716e-06 -2.3143478326522734e-05 0.00062755328678964833 -1.6282423575335574e-05 -0.0018071373236723178 -9.1059349635791226e-06 0.00019140478567641992 0.00048809336734317339 0.0018877289345629218
leaf_weight=1189 19433 1303 220 332 23506 2147 44922 1863 52619 219 875 12405 824 207
leaf_count=1189 19433 1303 220 332 23506 2147 44922 1863 52619 219 875 12405 824 207
internal_value=3.55537e-06 0.000317912 -1.33233e-06 -0.000724825 1.17037e-06 -4.21993e-05 3.19927e-06 0.000299218 3.39321e-05 0.0001035 -0.000380175 0.000118037 0.000237346 0.000781687
internal_weight=162064 2492 159572 552 159020 68365 48932 4010 90655 38036 1094 36942 13436 1031
internal_count=162064 2492 159572 552 159020 68365 48932 4010 90655 38036 1094 36942 13436 1031
cat_boundaries=0 2 4 6 8 10
cat_threshold=1464078768 11379 1145049120 1026 203964724 20784 809535618 100032 2359841072 52026
is_linear=0
shrinkage=0.05


Tree=87
num_leaves=15
num_cat=2
split_feature=3 34 34 7 7 3 21 41 1 34 27 27 27 41
split_gain=0.0860404 0.160766 0.226534 0.511261 0.172892 0.246614 0.168804 0.160873 0.150772 0.144981 0.235448 0.195174 0.298546 0.184502
threshold=-0.16393542289733884 0.35462349653244024 0.32334120571613317 0.073606722056865706 -0.01089405035600066 0.032775163650512702 0.85487544536590587 0 0.095285177230834975 0.3695881068706513 11.500000000000002 8.5000000000000018 6.5000000000000009 1
decision_type=2 2 2 2 2 2 2 1 2 2 2 2 2 1
left_child=8 2 -2 6 5 7 -4 -3 9 -1 11 12 -11 -13
right_child=1 4 3 -5 -6 -7 -8 -9 -10 10 -12 13 -14 -15
leaf_value=7.2361613791136915e-05 -9.9426921840614744e-06 -0.0010894038652479261 -0.00078667141641653891 0.0017066046056620498 6.0988519348812456e-05 -0.0017839493381382903 0.00044620015359613744 -6.5843326642275876e-05 -0.00063486274330104022 0.00027301547206257565 0.0020147069552248985 0.00079153297771170571 0.0019613951155919899 -0.00063402191344232603
leaf_weight=12818 140100 538 475 622 1612 373 651 1316 644 1003 225 315 355 707
leaf_count=12818 140100 538 475 622 1612 373 651 1316 644 1003 225 315 355 707
internal_value=5.58402e-07 -1.1522e-05 -2.84009e-06 0.000561977 -0.000330591 -0.000615775 -7.0641e-05 -0.000373899 0.000110378 0.000142016 0.000482041 0.00033113 0.000723626 -0.000186522
internal_weight=161754 145687 141848 1748 3839 2227 1126 1854 16067 15423 2605 2380 1358 1022
internal_count=161754 145687 141848 1748 3839 2227 1126 1854 16067 15423 2605 2380 1358 1022
cat_boundaries=0 1 2
cat_threshold=84 5144
is_linear=0
shrinkage=0.05


Tree=88
num_leaves=15
num_cat=3
split_feature=19 26 34 34 40 39 34 37 34 27 37 40 11 40
split_gain=0.0907659 0.13222 0.167751 0.1972 0.16766 0.161249 0.115308 0.0999541 0.132104 0.226763 0.344756 0.332745 0.144444 0.140896
threshold=-0.0041286945343017569 1.0000000180025095e-35 0.26658158004283911 0.28786577284336096 0 -0.36365877091884607 0.33245882391929632 0.25679585337638861 0.24923912435770038 2.5000000000000004 -0.12215417250990866 1 0.32828420400619512 2
decision_type=2 2 2 2 9 2 2 2 2 2 2 9 2 9
left_child=1 6 -3 5 -5 -4 -1 8 -2 10 -10 12 -12 -11
right_child=7 2 3 4 -6 -7 -8 -9 9 13 11 -13 -14 -15
leaf_value=6.196525741094642e-05 4.3978005386541785e-06 -6.7060534804344024e-05 -0.0020801402696412159 -0.00065411683423000273 5.1066530844629588e-05 -0.00061738437721751407 0.00084737260735618682 -0.00048034148878222706 0.0010418888385566366 0.00049638332349253862 -0.00053744902257197907 -3.0192212348288399e-06 -0.0019279337992084884 0.0001356925159628612
leaf_weight=6035 113455 20078 269 1384 2093 681 504 986 388 3720 337 1095 468 10211
leaf_count=6035 113455 20078 269 1384 2093 681 504 986 388 3720 337 1095 468 10211
internal_value=1.37773e-06 -7.54336e-05 -0.000128834 -0.000407479 -0.00023046 -0.00104553 0.000123867 1.96681e-05 2.35269e-05 0.000156988 -0.000302926 -0.00058219 -0.00134234 0.000232964
internal_weight=161704 31044 24505 4427 3477 950 6539 130660 129674 16219 2288 1900 805 13931
internal_count=161704 31044 24505 4427 3477 950 6539 130660 129674 16219 2288 1900 805 13931
cat_boundaries=0 2 4 6
cat_threshold=2054705664 67488 476289061 108944 207749260 71937
is_linear=0
shrinkage=0.05


Tree=89
num_leaves=15
num_cat=0
split_feature=19 20 35 33 33 38 13 27 39 5 12 7 39 7
split_gain=0.0777746 0.0876651 0.0730863 0.0726796 0.117607 0.169638 0.128496 0.105267 0.0956715 0.0734027 0.0749737 0.0913408 0.0889081 0.0784513
threshold=-0.010970830917358397 -0.0092751458287239057 0.78934678435325634 0.0099724978208541887 0.0093350470997393149 1.5000000000000002 0.047124549746513374 10.500000000000002 -0.60446429252624501 -0.037003371864557259 0.2050760164856911 -0.098430771380662904 -0.44722299277782435 0.0025204840349033479
decision_type=2 2 2 2 2 2 2 2 2 2 2 2 2 2
left_child=1 -1 -3 4 9 -6 -7 -5 -9 10 11 -2 -13 -12
right_child=3 2 -4 7 5 6 -8 8 -10 -11 13 12 -14 -15
leaf_value=2.8566684771242979e-05 0.0010279154795898649 2.7167805505060826e-06 -0.00034381226852584081 3.6557210858834024e-05 -0.00014530288052447401 -0.00042376007973545519 -0.0021102216284729098 0.0013057540886828019 0.00024810705814849526 -1.6844670350536958e-05 0.00015905740881706751 -0.00082893407953881925 3.6589352287710754e-05 0.00068799792099075716
leaf_weight=5317 219 2148 4985 22995 1973 263 211 224 4119 107527 2633 303 8042 973
leaf_count=5317 219 2148 4985 22995 1973 263 211 224 4119 107527 2633 303 8042 973
internal_value=-4.2054e-06 -0.000124267 -0.000238831 5.7646e-06 -1.06943e-05 -0.000353501 -0.00119911 7.94729e-05 0.000305246 -3.62993e-06 0.000112676 3.14361e-05 4.08657e-06 0.00030392
internal_weight=161932 12450 7133 149482 122144 2447 474 27338 4343 119697 12170 8564 8345 3606
internal_count=161932 12450 7133 149482 122144 2447 474 27338 4343 119697 12170 8564 8345 3606
is_linear=0
shrinkage=0.05


Tree=90
num_leaves=15
num_cat=3
split_feature=19 13 40 35 40 6 40 26 21 33 16 23 17 7
split_gain=0.0946914 0.123805 0.153991 0.100805 0.0951526 0.0931138 0.172799 0.0883698 0.0781421 0.0944297 0.0758927 0.073444 0.0641999 0.151165
threshold=-0.0020851790904998775 0.053345618769526489 0 1.595694422721863 1 -0.13951054215431211 2 1.0000000180025095e-35 1.4871304631233218 0.011641846038401129 1.208549499511719 -0.030140472576022145 0.05183925852179528 -0.076780006289482103
decision_type=2 2 9 2 9 2 9 2 2 2 2 10 2 2
left_child=1 4 3 -3 -1 6 -2 -4 9 -8 -10 -11 -7 -14
right_child=5 2 7 -5 -6 12 8 -9 10 11 -12 -13 13 -15
leaf_value=0.00010886443762903991 0.00098016016335114109 -0.00058120892063008047 0.0006494076953841131 0.00026246809273140331 -7.9333989902891978e-05 1.6862395070986077e-05 4.9720908177897717e-05 -0.00011666050817064349 -0.00097086338917003667 0.00020419017397337339 6.3125539685891018e-05 0.0014007317652975455 -0.0011143217350253385 0
leaf_weight=8934 682 3166 464 387 26771 115078 1539 1888 288 266 428 269 417 1117
leaf_count=8934 682 3166 464 387 26771 115078 1539 1888 288 266 428 269 417 1117
internal_value=-2.31201e-06 -6.73364e-05 -0.000279423 -0.000486302 -3.20866e-05 2.01797e-05 0.000275222 3.32631e-05 9.58201e-05 0.000252961 -0.000349694 0.000822474 1.25317e-05 -0.000308101
internal_weight=161694 41610 5905 3553 35705 120084 3472 2352 2790 2074 716 535 116612 1534
internal_count=161694 41610 5905 3553 35705 120084 3472 2352 2790 2074 716 535 116612 1534
cat_boundaries=0 2 4 6
cat_threshold=757813684 81248 671100990 14368 1077346821 14848
is_linear=0
shrinkage=0.05


Tree=91
num_leaves=15
num_cat=4
split_feature=25 40 35 17 40 34 27 33 35 40 40 13 27 34
split_gain=0.0836876 0.1039 0.0819965 0.0797925 0.188958 0.115118 0.181733 0.30235 0.24518 0.198052 0.187947 0.196217 0.13958 0.130074
threshold=0.014222143683582546 0 2.0937937498092656 0.05183925852179528 1 0.24923912435770038 2.5000000000000004 -0.0068058618344366542 1.417837977409363 2 3 0.052797555923461921 4.5000000000000009 0.2253253981471062
decision_type=2 9 2 2 9 2 2 2 2 9 9 2 2 2
left_child=2 -2 3 5 -5 13 7 -7 10 -9 11 -8 -10 -1
right_child=1 -3 -4 4 -6 6 8 9 12 -11 -12 -13 -14 -15
leaf_value=4.3973865028845395e-06 9.5467656577355025e-05 -0.00031103782209590731 0.00042776341655424303 -0.00084550556800190493 1.3628700261901495e-05 0.00043501513864150243 0.00011409688552898038 -1.7542014737498445e-05 0.0019588620158688644 -0.001232599952589733 0.00024935556793752149 -0.00055398721604192993 0.00059049370144354744 -0.00023121795557708516
leaf_weight=126394 2380 4509 1149 909 2054 877 2935 584 227 824 9991 1743 1129 6136
leaf_count=126394 2380 4509 1149 909 2054 877 2935 584 227 824 9991 1743 1129 6136
internal_value=2.05396e-07 -0.000170219 7.8198e-06 4.63626e-06 -0.000252038 9.71953e-06 0.000127231 -0.000288636 0.000186912 -0.000742858 0.0001269 -0.0001338 0.000829593 -6.48194e-06
internal_weight=161841 6889 154952 153803 2963 150840 18310 2285 16025 1408 14669 4678 1356 132530
internal_count=161841 6889 154952 153803 2963 150840 18310 2285 16025 1408 14669 4678 1356 132530
cat_boundaries=0 2 4 6 8
cat_threshold=429932556 22325 1476423716 1025 1662278530 70 78451472 41364
is_linear=0
shrinkage=0.05


Tree=92
num_leaves=15
num_cat=5
split_feature=19 34 1 40 34 39 40 3 40 4 40 34 15 40
split_gain=0.0826812 0.0891605 0.191685 0.18056 0.123619 0.299836 0.275566 0.208068 0.227378 0.204384 0.224049 0.150308 0.157852 0.10234
threshold=-0.0041286945343017569 0.25381019711494451 -0.0535670518875122 0 0.29877212643623358 -0.25191442668437952 1 0.08424472808837892 2 0.11620426177978517 3 0.28786577284336096 0.043302718549966819 4
decision_type=2 2 2 9 2 2 9 2 9 2 9 2 2 9
left_child=-1 -2 3 -3 9 7 -7 8 -6 11 -11 12 13 -4
right_child=1 2 4 -5 5 6 -8 -9 -10 10 -12 -13 -14 -15
leaf_value=-7.599256866232979e-05 -8.5396445573570097e-07 0.00088048794229769766 0.00025287676046619389 8.5325759861929794e-05 -0.00039048487589300252 -0.00095120404384008465 -7.1609921112900877e-05 0.0010584660972203016 0.00049306975390201759 0.0011788109967471958 0.0001996158094463609 0.00066526269131025808 -0.0015070887529953392 -0.00040083127533679756
leaf_weight=31226 114691 1463 1097 1432 1414 1404 2450 633 1467 895 1724 586 213 1274
leaf_count=31226 114691 1463 1097 1432 1414 1404 2450 633 1467 895 1724 586 213 1274
internal_value=-2.87509e-06 1.45519e-05 0.000124904 0.000493044 4.33637e-05 -9.19909e-05 -0.000396807 0.000240985 5.81173e-05 0.000216431 0.000543007 -5.22355e-05 -0.000217852 -9.70002e-05
internal_weight=161969 130743 16052 2895 13157 7368 3854 3514 2881 5789 2619 3170 2584 2371
internal_count=161969 130743 16052 2895 13157 7368 3854 3514 2881 5789 2619 3170 2584 2371
cat_boundaries=0 2 4 6 8 10
cat_threshold=1482629830 55394 337768548 92570 1766426918 118400 1550368780 10642 644190794 114050
is_linear=0
shrinkage=0.05


Tree=93
num_leaves=15
num_cat=0
split_feature=36 24 28 34 34 34 2 39 34 39 13 11 39 19
split_gain=0.086704 0.0824562 0.0852923 0.150215 0.125525 0.227729 0.303637 0.252321 0.119314 0.124343 0.135173 0.113627 0.0886663 0.0839236
threshold=0.092524256557226195 -37.308393478393548 1.0000000180025095e-35 0.068532977253198638 0.40313921868801122 0.27110801637172705 -0.074097394943237291 -0.37697423994541163 0.20895957946777347 -0.34635835886001581 0.040145518258214004 0.72285339236259472 -0.22687509655952451 -0.027600109577178952
decision_type=2 2 2 2 2 2 2 2 2 2 2 2 2 2
left_child=1 -1 3 -3 5 8 -7 -8 -4 -10 -11 -12 -6 -5
right_child=-2 2 4 13 12 6 7 -9 9 10 11 -13 -14 -15
leaf_value=-7.259005896449764e-05 -0.0001585670607349239 -0.0010184687031926419 9.9535883636242249e-05 -0.00029277544701836216 0.0012261749075359722 -0.0017161118395490216 0.0014422661312591201 -0.00047078364735644586 -0.000516087913359605 0.00018550867296477028 0.0013468506823636143 0.00010431509289352609 0 1.7926984691359018e-05
leaf_weight=26466 8264 350 12838 2212 427 375 215 788 255 892 753 256 220 107435
leaf_count=26466 8264 350 12838 2212 427 375 215 788 255 892 753 256 220 107435
internal_value=-8.25846e-07 7.6398e-06 2.43987e-05 8.23108e-06 0.000128566 0.000101089 -0.000512043 -5.06279e-05 0.000157924 0.000502248 0.000642466 0.0010386 0.000810067 1.16003e-05
internal_weight=161746 153482 127016 109997 17019 16372 1378 1003 14994 2156 1901 1009 647 109647
internal_count=161746 153482 127016 109997 17019 16372 1378 1003 14994 2156 1901 1009 647 109647
is_linear=0
shrinkage=0.05


Tree=94
num_leaves=15
num_cat=4
split_feature=37 40 34 39 3 16 40 37 15 40 21 40 15 9
split_gain=0.0808233 0.148833 0.125071 0.237675 0.504692 0.189971 0.151731 0.145526 0.126972 0.158346 0.155794 0.125912 0.120217 0.116129
threshold=0.0087655913084745424 0 0.32003900408744818 -0.25461700558662409 0.031232357025146488 0.98188844323158275 1 0.25679585337638861 0.043302718549966819 2 1.2975335717201235 3 0.043302718549966819 0.03039262164384127
decision_type=2 9 2 2 2 2 9 2 2 9 2 9 2 2
left_child=1 -1 8 4 5 12 -5 -6 11 -10 -11 -2 -4 -13
right_child=2 -3 3 6 7 -7 -8 -9 9 10 -12 13 -14 -15
leaf_value=3.474190250930397e-05 0.00010367093196847132 -0.00011044190002545979 0.00019846430255274756 0.00031317393833293498 0.0023689448112141566 0.00078369637023208399 -0.00063542455804182281 0.00079972968094359849 0.00019244933561733758 -0.00042618573345776922 -0.0018356662026630705 8.484845373862276e-06 -0.0011025235552187952 -0.00021475807269609047
leaf_weight=34532 33917 36011 345 918 421 558 751 255 685 825 261 45331 347 6674
leaf_count=34532 33917 36011 345 918 421 558 751 255 685 825 261 45331 347 6674
internal_value=8.48731e-07 -3.93144e-05 3.19401e-05 0.000320875 0.000698962 9.76855e-05 -0.000113228 0.00179457 2.00205e-05 -0.000398258 -0.00076932 2.87228e-05 -0.000449965 -2.00827e-05
internal_weight=161831 70543 91288 3595 1926 1250 1669 676 87693 1771 1086 85922 692 52005
internal_count=161831 70543 91288 3595 1926 1250 1669 676 87693 1771 1086 85922 692 52005
cat_boundaries=0 2 4 6 8
cat_threshold=1519855819 11980 1905675138 100 1086357504 49280 2617774388 52146
is_linear=0
shrinkage=0.05


Tree=95
num_leaves=15
num_cat=4
split_feature=24 21 34 28 40 39 34 34 27 40 40 34 6 40
split_gain=0.0756459 0.105649 0.106715 0.101863 0.123743 0.143584 0.115995 0.100655 0.106969 0.149188 0.0982384 0.103159 0.0899627 0.0899039
threshold=-37.083261489868157 1.3606541156768801 0.13230384141206744 1.0000000180025095e-35 0 -0.57315960526466359 0.068532977253198638 0.16453924775123599 8.5000000000000018 1 2 0.65775698423385631 -0.0375112947076559 3
decision_type=2 2 2 2 9 2 2 2 2 9 9 2 2 9
left_child=1 7 13 6 5 -5 -2 -1 12 -10 11 -8 -9 -3
right_child=3 2 -4 4 -6 -7 10 8 9 -11 -12 -13 -14 -15
leaf_value=-8.00949274562488e-05 -0.00091895636312983714 -0.00068248758465577861 -0.00050197393111015823 0.0015447462393957028 1.0801333951246739e-05 0.00024473621970358482 6.4422238398406269e-05 0.00034222444100676184 0.0011580330076730279 0.00019952131174811105 -3.8298048120235754e-05 -0.0010452278093601179 -0.00019292560912362615 9.9096697225836502e-05
leaf_weight=24334 339 433 2596 216 9583 7087 43132 1089 474 2647 64833 205 2761 2025
leaf_count=24334 339 433 2596 216 9583 7087 43132 1089 474 2647 64833 205 2761 2025
internal_value=-2.90528e-06 -6.64255e-05 -0.000278559 1.54748e-05 0.000129698 0.000284512 -2.25951e-06 -3.19791e-05 0.000135201 0.000352656 6.09498e-07 5.89243e-05 -4.001e-05 -4.00313e-05
internal_weight=161754 36359 5054 125395 16886 7303 108509 31305 6971 3121 108170 43337 3850 2458
internal_count=161754 36359 5054 125395 16886 7303 108509 31305 6971 3121 108170 43337 3850 2458
cat_boundaries=0 2 4 6 8
cat_threshold=1900597377 68602 1052706 2432 1520633974 20208 17598528 82950
is_linear=0
shrinkage=0.05


Tree=96
num_leaves=15
num_cat=3
split_feature=36 40 35 17 40 27 35 40 27 1 4 33 35 3
split_gain=0.0883488 0.227088 0.0841945 0.0712014 0.248973 0.119138 0.11215 0.185295 0.173794 0.108721 0.136976 0.108306 0.100389 0.0997009
threshold=-0.14513812214136121 0 1.5555817484855654 0.038457946851849563 1 10.500000000000002 1.4843202233314516 2 9.5000000000000018 -0.097433090209960924 -0.27653455734252924 0.021049814298748974 0.78934678435325634 0.58222544193267833
decision_type=2 9 2 2 9 2 2 9 2 2 2 2 2 2
left_child=1 -1 -3 11 5 -5 9 8 -8 10 -6 13 -11 -2
right_child=3 2 -4 4 6 -7 7 -9 -10 12 -12 -13 -14 -15
leaf_value=-0.00043705501181351484 0 0.00046430378219588755 0.001555764580377744 -0.00049230863134468975 -0.00047871323992359593 0.00017138504713091037 -0.00049439441840086256 0.0010672576074815319 0.0011638519431221752 0.0004526812438602713 0.00098269696578048003 0.00026257083537578949 -0.00019796006011128873 -0.00082972527125073586
leaf_weight=748 142211 1640 201 4305 223 787 596 659 209 674 515 3966 4516 358
leaf_count=748 142211 1640 201 4305 223 787 596 659 209 674 515 3966 4516 358
internal_value=0 0.000289435 0.00058689 -4.73543e-06 -0.000119353 -0.000387921 6.5548e-05 0.000456954 -5.25204e-05 -3.04654e-05 0.000534126 4.99899e-06 -0.000112148 -2.14006e-06
internal_weight=161608 2589 1841 159019 12484 5092 7392 1464 805 5928 738 146535 5190 142569
internal_count=161608 2589 1841 159019 12484 5092 7392 1464 805 5928 738 146535 5190 142569
cat_boundaries=0 2 4 6
cat_threshold=201345328 32896 941665264 13920 4194304 100608
is_linear=0
shrinkage=0.05


Tree=97
num_leaves=15
num_cat=5
split_feature=1 40 10 39 17 40 40 39 40 4 40 17 5 16
split_gain=0.0777815 0.154079 0.0840812 0.194504 0.191345 0.169547 0.161978 0.0834187 0.368514 0.182249 0.318427 0.172847 0.163944 0.130902
threshold=0.082876205444335951 0 0.0089415004476904886 -0.35179308056831354 0.056588165462017066 1 2 -0.39913479983806605 3 -0.61405807733535755 4 0.037497406825423248 -0.10689254105091094 0.87754127383232128
decision_type=2 9 2 2 2 9 9 2 9 2 9 2 2 2
left_child=2 -2 7 4 6 -5 -4 8 -1 -10 11 13 -9 -11
right_child=1 -3 3 5 -6 -7 -8 12 9 10 -12 -13 -14 -15
leaf_value=0.00039546511742802586 0.00012263835411359064 -0.00032060779702099813 0.0014045154504072415 0.00034805930669131162 -0.00048358311908983472 -0.00014031020184563517 0.00040990336734510386 0.00083843077986927228 5.4222990845928943e-05 -0.001538875586479376 -0.00029736981931268521 -0.0021643829394285786 1.6820230887906297e-06 -9.4072784467732764e-06
leaf_weight=2073 3149 5107 631 2689 365 5161 1280 583 1602 281 2740 402 135808 287
leaf_count=2073 3149 5107 631 2689 365 5161 1280 583 1602 281 2740 402 135808 287
internal_value=-1.71877e-06 -0.000151208 6.27265e-06 0.000145506 0.000552046 2.67227e-05 0.000753206 -3.50337e-06 -0.000167139 -0.000387814 -0.000580894 -0.00135408 5.32595e-06 -0.000781615
internal_weight=162158 8256 153902 10126 2276 7850 1911 143776 7385 5312 3710 970 136391 568
internal_count=162158 8256 153902 10126 2276 7850 1911 143776 7385 5312 3710 970 136391 568
cat_boundaries=0 2 4 6 8 10
cat_threshold=84955282 31010 2353011498 38938 140511301 3217 1635852737 43603 207634464 5160
is_linear=0
shrinkage=0.05


Tree=98
num_leaves=15
num_cat=4
split_feature=8 12 40 3 40 40 16 3 10 34 34 34 40 14
split_gain=0.0854773 0.137574 0.164321 0.121551 0.137209 0.107656 0.100915 0.0960931 0.0921113 0.14208 0.118659 0.17057 0.121213 0.11552
threshold=74.382583618164077 0.37710566818714147 0 0.16854572296142581 1 2 1.0905361175537112 0.35742980241775518 -0.00094784118118695904 0.38200022280216223 0.32334120571613317 0.30807425081729894 3 0.050387393683195121
decision_type=2 2 9 2 9 9 2 2 2 2 2 2 9 2
left_child=3 2 -2 5 6 -1 -5 -8 9 10 11 12 -6 -10
right_child=1 -3 -4 4 8 -7 7 -9 13 -11 -12 -13 -14 -15
leaf_value=3.6028841199675002e-05 -0.00046564870280458437 -0.00091186242028571318 0.00014349579361694448 0.0002087093814418865 0.00035467500029704086 -5.621627548698732e-05 0.00044361171687717872 0.0014329037381809848 -5.3964651943649911e-05 -0.00096095813617348149 0.0012254088369077671 -0.0012635443111962427 3.0304626645161762e-05 0.00078552102570003234
leaf_weight=61869 1837 591 2725 2854 5526 64628 808 369 13705 271 264 201 6095 417
leaf_count=61869 1837 591 2725 2854 5526 64628 808 369 13705 271 264 201 6095 417
internal_value=3.89961e-06 -0.000196331 -0.000101643 1.05091e-05 0.000100096 -1.10621e-05 0.000371543 0.000762743 5.83593e-05 0.000158108 0.000184001 0.000159814 0.000185396 -2.85528e-05
internal_weight=162160 5153 4562 157007 30510 126497 4031 1177 26479 12357 12086 11822 11621 14122
internal_count=162160 5153 4562 157007 30510 126497 4031 1177 26479 12357 12086 11822 11621 14122
cat_boundaries=0 2 4 6 8
cat_threshold=721414287 65 1610612800 16512 450073019 10857 38664748 98868
is_linear=0
shrinkage=0.05


Tree=99
num_leaves=15
num_cat=5
split_feature=35 31 3 40 23 17 40 40 34 24 33 40 40 37
split_gain=0.0809958 0.0962287 0.0772495 0.119201 0.0739682 0.145864 0.10754 0.0931216 0.0868381 0.0833749 0.185169 0.120195 0.109574 0.092461
threshold=2.278751134872437 0.91302520036697399 0.69456541538238536 0 -0.048714293166995042 0.056588165462017066 1 2 0.068532977253198638 -35.200672149658196 -0.0018539661541581152 3 4 -0.086248986423015581
decision_type=2 2 2 9 10 2 9 9 2 2 2 9 9 2
left_child=2 -2 4 -4 5 7 -7 -1 -9 -6 11 -11 -12 -13
right_child=1 -3 3 -5 9 6 -8 8 -10 10 12 13 -14 -15
leaf_value=6.9275455860905885e-05 -0.00012585589178039909 0.0011060239433109476 0.00017282618424739363 -0.0011775675809931484 -3.7762483319583335e-06 -0.0013359085417191776 -0.00025113864208455001 -0.0010996293702045599 -7.0919304128918531e-05 -0.00019350368961121956 0.00049306976978661819 0.00069050749212028889 0.00014054513790012375 4.1686321541942866e-05
leaf_weight=15208 271 353 297 333 75279 344 725 202 38628 7041 2550 650 16852 3536
leaf_count=15208 271 353 297 333 75279 344 725 202 38628 7041 2550 650 16852 3536
internal_value=1.59342e-08 0.000566328 -2.15673e-06 -0.000552554 0 -4.69644e-05 -0.00062424 -3.53953e-05 -7.65208e-05 2.44591e-05 9.40077e-05 -6.72604e-05 0.000187577 0.000143988
internal_weight=162269 624 161645 630 161015 55107 1069 54038 38830 105908 30629 11227 19402 4186
internal_count=162269 624 161645 630 161015 55107 1069 54038 38830 105908 30629 11227 19402 4186
cat_boundaries=0 2 4 6 8 10
cat_threshold=4198432 17410 1077981188 1312 1896093771 41472 3846232743 103584 137494600 18434
is_linear=0
shrinkage=0.05


Tree=100
num_leaves=15
num_cat=1
split_feature=1 26 40 2 33 33 27 27 27 26 33 33 27 7
split_gain=0.0800286 0.128953 0.129667 0.102671 0.0909711 0.12165 0.231403 0.16959 0.16957 0.128855 0.124491 0.128002 0.227879 0.0899662
threshold=0.11071741580963136 1.0000000180025095e-35 0 0.24282550811767581 0.021049814298748974 0.031129541806876663 6.5000000000000009 6.5000000000000009 7.5000000000000009 3.5000000000000004 0.028974732384085659 0.024830941110849384 4.5000000000000009 -0.13469959050416944
decision_type=2 2 9 2 2 2 2 2 2 2 2 2 2 2
left_child=4 3 -3 -2 13 6 10 9 -8 -7 11 12 -6 -1
right_child=1 2 -4 -5 5 7 8 -9 -10 -11 -12 -13 -14 -15
leaf_value=0.00026470544281259698 -0.00041445526070896661 0.00037451631031453088 -0.00031779103500745759 -0.0016616285445719163 0.00030773376852222923 0.00067194952847362849 0.0016401230939741464 -0.00079636157913208136 0.00048684948042721399 -0.00062368153478918522 -0.0011697420478665136 0.00078436935140929948 -0.0011660201198638322 -1.1881167612661194e-05
leaf_weight=2993 601 1025 1909 235 785 615 408 633 1548 270 212 484 386 149920
leaf_count=2993 601 1025 1909 235 785 615 408 633 1548 270 212 484 386 149920
internal_value=-4.76579e-06 -0.000232287 -7.38118e-05 -0.000778776 6.29897e-07 0.000203401 0.000354066 -0.000172674 0.000733528 0.000269771 -4.17103e-05 0.000102863 -0.000176704 -6.4263e-06
internal_weight=162024 3770 2934 836 158254 5341 3823 1518 1956 885 1867 1655 1171 152913
internal_count=162024 3770 2934 836 158254 5341 3823 1518 1956 885 1867 1655 1171 152913
cat_boundaries=0 2
cat_threshold=226775040 25642
is_linear=0
shrinkage=0.05


Tree=101
num_leaves=15
num_cat=0
split_feature=22 35 6 1 34 11 27 34 37 37 34 39 27 39
split_gain=0.0760493 0.0706987 0.0662799 0.0628556 0.101276 0.306207 0.187213 0.149289 0.346851 0.123505 0.120859 0.39537 0.200721 0.189196
threshold=0.75185000896453869 2.278751134872437 0.025347453542053703 0.011714220046997072 0.50087584555149089 0.10912194848060609 6.5000000000000009 0.42717051506042486 -0.16715159267187116 -0.14113204181194303 0.32003900408744818 -0.27554170787334437 1.5000000000000002 -0.43682383000850672
decision_type=10 2 2 2 2 2 2 2 2 2 2 2 2 2
left_child=1 3 -3 4 7 -6 9 10 -9 -7 -1 12 -12 -14
right_child=-2 2 -4 -5 5 6 -8 8 -10 -11 11 -13 13 -15
leaf_value=1.9501681548113338e-06 0.00010603973054656414 0.0011420071090003194 7.8757383641060046e-05 -5.1396515097715262e-05 0.0020044375391573607 0.0012654580649079223 -0.0007528827782197333 -0.001892581329826677 0.0004569023494802726 8.0056116265544942e-05 -0.00043467827851589603 -0.00035315627947371672 0.0016895666524284405 0.00049358306890686179
leaf_weight=79984 15591 250 373 60508 248 335 428 321 295 652 250 1185 665 695
leaf_count=79984 15591 250 373 60508 248 335 428 321 295 652 250 1185 665 695
internal_value=1.05756e-06 -1.01078e-05 0.00051908 -1.24247e-05 1.52414e-05 0.000401065 0.000110461 7.46403e-06 -0.000764752 0.000491787 1.33167e-05 0.000336221 0.000846238 0.00108609
internal_weight=161780 146189 623 145566 85058 1663 1415 83395 616 987 82779 2795 1610 1360
internal_count=161780 146189 623 145566 85058 1663 1415 83395 616 987 82779 2795 1610 1360
is_linear=0
shrinkage=0.05


Tree=102
num_leaves=15
num_cat=4
split_feature=3 40 37 37 40 34 8 12 30 40 13 3 40 39
split_gain=0.0722394 0.139059 0.0678288 0.0996927 0.163202 0.130684 0.0743617 0.0882616 0.0665426 0.111465 0.114626 0.0961891 0.157379 0.163089
threshold=0.69456541538238536 0 0.25679585337638861 0.20424557477235797 1 0.17401912063360217 73.316783905029311 0.26558269560337072 0.97259759902954113 2 0.053345618769526489 0.13454556465148929 3 -0.26963372528553003
decision_type=2 9 2 2 9 2 2 2 2 9 2 2 9 2
left_child=2 -2 3 8 5 -5 7 -4 11 -10 -11 -1 13 -13
right_child=1 -3 6 4 -6 -7 -8 -9 9 10 -12 12 -14 -15
leaf_value=-1.6764849861957613e-05 0.00025978601170067702 -0.0011702675973167453 -0.0009810801149891244 0.0014051841748371312 -0.00012777409679097065 0.00023712082042529016 -0.0010843239460968511 0.00018433774398524789 5.7983817966337814e-05 -0.00026122012406174118 -0.0012217238093817236 0.00080487417759072697 -3.2576809070727103e-05 0.00013877711924743452
leaf_weight=114556 302 355 219 476 871 506 283 574 2870 2704 352 965 17883 19100
leaf_count=114556 302 355 219 476 871 506 283 574 2870 2704 352 965 17883 19100
internal_value=-8.65433e-07 -0.000522125 1.24209e-06 3.93507e-06 0.000368059 0.000804476 -0.000393447 -0.000135376 -3.03659e-07 -0.000164646 -0.00037408 6.05477e-06 7.50667e-05 0.000171169
internal_weight=162016 657 161359 160283 1853 982 1076 793 158430 5926 3056 152504 37948 20065
internal_count=162016 657 161359 160283 1853 982 1076 793 158430 5926 3056 152504 37948 20065
cat_boundaries=0 2 4 6 8
cat_threshold=71307264 17410 69947396 20922 3033543252 55686 2081184104 115640
is_linear=0
shrinkage=0.05


Tree=103
num_leaves=15
num_cat=0
split_feature=1 10 34 1 33 7 34 34 39 33 39 26 34 34
split_gain=0.0765611 0.0968854 0.172628 0.214563 0.179952 0.209544 0.145484 0.260949 0.183394 0.145108 0.300655 0.177356 0.186206 0.153664
threshold=0.038204073905944831 0.0061471960507333287 0.56372356414794933 -0.097433090209960924 0.031129541806876663 -0.085993129760026918 0.60323816537857067 0.3695881068706513 -0.37030580639839167 -0.027420893311500546 -0.47471407055854792 1.5000000000000002 0.25616751611232763 0.24696578085422519
decision_type=2 2 2 2 2 2 2 2 2 2 2 2 2 2
left_child=1 2 4 -4 9 -6 7 -3 -9 10 -1 12 -12 -11
right_child=-2 6 3 -5 5 -7 -8 8 -10 13 11 -13 -14 -15
leaf_value=-0.0018338772711139865 -6.9239833082811603e-05 0.0001159024240332638 0.0018057180857157283 0.00015920290591778564 -0.0021179095727732879 -0.00027362688331456788 -0.00096933581795702838 0.0020550563605373118 0.00046518634022225795 -7.6810574745619442e-06 -0.00077985528313361885 -0.00058885833393309802 0.00070084165337234766 0.00018775956595223878
leaf_weight=304 32528 10315 287 642 201 653 274 288 517 102737 284 1176 779 11140
leaf_count=304 32528 10315 287 642 201 653 274 288 517 102737 284 1176 779 11140
internal_value=-6.33006e-07 1.65503e-05 3.08205e-06 0.000680165 -2.26768e-06 -0.000723325 0.00015577 0.000184366 0.00104933 3.00953e-06 -0.000370105 -0.00016549 0.000298766 1.14014e-05
internal_weight=162125 129597 118203 929 117274 854 11394 11120 805 116420 2543 2239 1063 113877
internal_count=162125 129597 118203 929 117274 854 11394 11120 805 116420 2543 2239 1063 113877
is_linear=0
shrinkage=0.05


Tree=104
num_leaves=15
num_cat=3
split_feature=1 40 34 4 10 34 39 40 34 27 27 40 34 1
split_gain=0.0697443 0.14857 0.092915 0.100954 0.0838451 0.179429 0.258865 0.210546 0.167978 0.190995 0.260418 0.16273 0.136337 0.213889
threshold=0.082876205444335951 0 0.33245882391929632 -0.61405807733535755 0.00791716016829014 0.65775698423385631 -0.36365877091884607 1 0.3695881068706513 4.5000000000000009 2.5000000000000004 2 0.56372356414794933 -0.097433090209960924
decision_type=2 9 2 2 2 2 2 9 2 2 2 9 2 2
left_child=4 -2 -3 -4 12 6 7 -6 9 10 -9 -8 -1 -14
right_child=1 2 3 -5 5 -7 11 8 -10 -11 -12 -13 13 -15
leaf_value=-7.4723831234253169e-06 0.00010706117442933149 -0.00022262391537219455 0.00011087605376745231 -0.0011612756324931074 -0.00012966970602053607 -0.0012958105800465216 0.00024185184094430406 3.8347861534539419e-05 0.0019742778787221718 0.00016650009124516939 0.0023522708458379058 -0.00014297618616069402 0.0017077267527005734 0.0001309523310678083
leaf_weight=139024 3473 4005 203 573 625 212 5543 209 322 754 302 5405 288 844
leaf_count=139024 3473 4005 203 573 625 212 5543 209 322 754 302 5405 288 844
internal_value=7.58003e-07 -0.000140749 -0.000321284 -0.000823502 8.40264e-06 0.000128012 0.000151812 0.000644712 0.000947139 0.000682462 0.0014251 5.15185e-05 -2.97754e-06 0.000542254
internal_weight=161782 8254 4781 776 153528 13372 13160 2212 1587 1265 511 10948 140156 1132
internal_count=161782 8254 4781 776 153528 13372 13160 2212 1587 1265 511 10948 140156 1132
cat_boundaries=0 2 4 6
cat_threshold=84955284 32018 1636339744 32770 3469237042 39706
is_linear=0
shrinkage=0.05


Tree=105
num_leaves=15
num_cat=3
split_feature=23 40 39 38 16 33 4 30 24 40 40 22 12 17
split_gain=0.0728751 0.116358 0.109631 0.143275 0.135742 0.110657 0.102917 0.0934071 0.0783577 0.0977086 0.0890434 0.109783 0.106857 0.098326
threshold=-0.1025119014084339 0 -0.42657867074012751 1.5000000000000002 1.129081189632416 0.0060520377010107049 -0.6791957914829253 0.20991431921720508 -37.052553176879876 1 2 0.24665000289678576 0.28848168253898626 0.029030802659690384
decision_type=10 9 2 2 2 2 2 2 2 9 9 10 2 2
left_child=1 -1 3 4 5 7 -5 -3 9 -2 11 12 -10 -13
right_child=8 2 -4 6 -6 -7 -8 -9 10 -11 -12 13 -14 -15
leaf_value=3.5738795667392259e-05 2.2717429006988259e-05 -1.7377492087741679e-05 -0.00011179614937876462 -0.00044750213303713183 0.00072289360913057633 0.00033277453422442705 -0.0018093770087437998 -0.0013701362940318272 0.00032754554577920915 -0.00015219096051912817 2.5090547212147291e-05 0.00021045145597619474 0.0012654472939187802 -0.00012608576613900801
leaf_weight=15141 20363 204 14848 283 288 251 302 374 1721 13078 85098 6634 374 3201
leaf_count=15141 20363 204 14848 283 288 251 302 374 1721 13078 85098 6634 374 3201
internal_value=3.79003e-06 -6.41761e-05 -0.000155797 -0.000536189 -0.000196894 -0.000524848 -0.00116841 -0.000905512 2.03392e-05 -4.55869e-05 4.31135e-05 0.000171026 0.000499975 0.000100402
internal_weight=162160 31691 16550 1702 1117 829 585 578 130469 33441 97028 11930 2095 9835
internal_count=162160 31691 16550 1702 1117 829 585 578 130469 33441 97028 11930 2095 9835
cat_boundaries=0 2 4 6
cat_threshold=4057413771 37442 150717119 68120 346030148 208
is_linear=0
shrinkage=0.05


Tree=106
num_leaves=15
num_cat=1
split_feature=5 27 1 10 7 39 41 13 16 2 14 15 17 35
split_gain=0.113369 0.119197 0.0706152 0.105642 0.136462 0.0944482 0.148181 0.178736 0.140031 0.124375 0.0908455 0.0902245 0.156148 0.086179
threshold=-0.1308324187994003 8.5000000000000018 0.011714220046997072 0.00791716016829014 -0.13469959050416944 -0.32718567550182337 0 0.076983563601970686 1.0543973445892336 -0.012084007263183592 0.016011037863790992 0.036412470042705543 0.03795971721410752 1.3302096724510195
decision_type=2 2 2 2 2 2 1 2 2 2 2 2 2 2
left_child=1 -1 3 4 -2 6 7 8 9 -6 -4 12 -8 -13
right_child=2 -3 10 -5 5 -7 11 -9 -10 -11 -12 13 -14 -15
leaf_value=0.0013282019312840288 0.00046195497575639689 -1.288744129964674e-05 4.7241099968687981e-05 0.0003146544288492521 -0.00094214695222598083 2.7451423793354344e-05 -4.4523253773528484e-05 -0.0018156573004779611 0.00043011839530973184 0.00015470763641719208 -7.7828175095591889e-05 0.00075423954931198563 -0.0010801378927704558 -9.2401158709940466e-05
leaf_weight=326 1706 317 21298 3135 868 81607 4836 237 418 355 45356 634 390 548
leaf_count=326 1706 317 21298 3135 868 81607 4836 237 418 355 45356 634 390 548
internal_value=4.28735e-06 0.000664329 1.60614e-06 2.93776e-05 1.95427e-05 1.10657e-05 -0.00014963 -0.00053843 -0.000349246 -0.000620358 -3.77891e-05 -3.36806e-05 -0.000123722 0.000358771
internal_weight=162031 643 161388 94734 91599 89893 8286 1878 1641 1223 66654 6408 5226 1182
internal_count=162031 643 161388 94734 91599 89893 8286 1878 1641 1223 66654 6408 5226 1182
cat_boundaries=0 1
cat_threshold=322
is_linear=0
shrinkage=0.05


Tree=107
num_leaves=15
num_cat=3
split_feature=34 34 27 4 4 40 10 18 35 4 40 35 15 40
split_gain=0.0766678 0.204553 0.196569 0.412194 0.319467 0.232627 0.229519 0.220273 0.219793 0.205124 0.220662 0.197478 0.209862 0.193488
threshold=0.13187970966100696 0.12166657671332361 8.5000000000000018 0.34285509586334234 -0.30670571327209467 0 -0.017171927727758881 0.087171539664268508 0.78534966707229625 0.66945433616638195 1 1.4843202233314516 0.028828714042901996 2
decision_type=2 2 2 2 2 9 2 2 2 2 9 2 2 9
left_child=1 -1 4 7 5 -2 -5 11 -6 13 -11 -4 -13 -10
right_child=2 -3 3 6 8 -7 -8 -9 9 10 -12 12 -14 -15
leaf_value=-2.3784735530611476e-06 0.00075327261409328103 0.00021700324621004224 -4.3220827749032399e-05 0.0018530873841584917 2.8050489395754066e-05 7.5258955415182058e-05 0.00031990310522884622 -0.00065761427920261496 -0.00024897449371047382 -0.00015060047161245617 -0.00080948927025521896 -6.3040192124321355e-05 0.00091092819821743951 -1.7692815287346643e-05
leaf_weight=47021 1747 13706 20784 248 19999 4593 8791 1324 17804 2691 2465 1026 1171 18481
leaf_count=47021 1747 13706 20784 248 19999 4593 8791 1324 17804 2691 2465 1026 1171 18481
internal_value=2.63414e-06 4.70671e-05 -2.40003e-05 7.53087e-05 -7.29306e-05 0.000264627 0.000363523 -3.17248e-05 -0.000107863 -0.00017357 -0.000468913 4.25212e-06 0.000454704 -0.000131406
internal_weight=161851 60727 101124 33344 67780 6340 9039 24305 61440 41441 5156 22981 2197 36285
internal_count=161851 60727 101124 33344 67780 6340 9039 24305 61440 41441 5156 22981 2197 36285
cat_boundaries=0 2 4 6
cat_threshold=2101543046 32844 1633734764 109088 1437356693 37653
is_linear=0
shrinkage=0.05


Tree=108
num_leaves=15
num_cat=4
split_feature=10 15 22 40 25 40 18 40 13 34 34 40 38 34
split_gain=0.0719187 0.0716054 0.0641015 0.0843182 0.0713133 0.111337 0.0837442 0.12813 0.0784923 0.0773833 0.25283 0.118065 0.102926 0.0866074
threshold=0.024751708842813972 0.050922298803925521 0.7024500072002412 0 -0.021530085243284699 1 0.087171539664268508 2 0.062295421957969672 0.23343458026647571 0.22909662872552874 3 1.5000000000000002 0.26658158004283911
decision_type=2 2 10 9 2 9 2 9 2 2 2 9 2 2
left_child=2 -2 4 -4 5 8 9 -8 -1 10 -6 13 -12 -11
right_child=1 -3 3 -5 6 -7 7 -9 -10 11 12 -13 -14 -15
leaf_value=0.00023553359697129248 -0.00011539541920713866 -0.0012261039353136168 0.000310034401086688 3.8446854859631248e-05 -2.0538322247457467e-05 -9.7714640238402753e-06 0.00013113752105796999 -0.00048568271632773972 0.0011002665494910164 0.00039351251300504832 0.00013225059223387551 -5.1191908098796245e-05 -0.0010985356209526826 9.0684029898355277e-05
leaf_weight=603 413 230 3287 21909 108895 1780 1321 2244 492 3575 208 9252 761 7131
leaf_count=603 413 230 3287 21909 108895 1780 1321 2244 492 3575 208 9252 761 7131
internal_value=-1.0957e-06 -0.000526805 9.832e-07 7.42686e-05 -1.25334e-05 0.000233506 -1.78825e-05 -0.000256851 0.000626159 -1.12722e-05 -2.77597e-05 7.92216e-05 -0.000829886 0.00019223
internal_weight=162101 643 161458 25196 136262 2875 133387 3565 1095 129822 109864 19958 969 10706
internal_count=162101 643 161458 25196 136262 2875 133387 3565 1095 129822 109864 19958 969 10706
cat_boundaries=0 2 4 6 8
cat_threshold=272634068 81920 76800069 83080 217972755 28702 4279165128 18731
is_linear=0
shrinkage=0.05


Tree=109
num_leaves=15
num_cat=2
split_feature=33 26 34 34 19 34 25 18 40 12 40 6 34 17
split_gain=0.0695715 0.510457 0.392001 0.139942 0.0891369 0.0781351 0.0755478 0.0955409 0.118776 0.0817132 0.0836807 0.0680753 0.0796934 0.0614559
threshold=-0.033655198290944092 1.5000000000000002 0.33245882391929632 0.33245882391929632 -0.014351099729537962 0.45017996430397039 -0.021530085243284699 0.081407863646745696 0 0.19789750128984454 1 -0.23299209773540494 0.33245882391929632 0.040110692381858833
decision_type=2 2 2 2 2 2 2 2 9 2 9 2 2 2
left_child=1 2 -1 4 -3 -5 9 11 -9 -2 -11 12 -8 -13
right_child=6 3 -4 5 -6 -7 7 8 -10 10 -12 13 -14 -15
leaf_value=-0.00054457778621780416 -5.3680815023913479e-05 -0.0012409483171986521 0.001508298749932969 -0.0022222883519408651 2.5024163170594572e-05 -0.00091272160532205454 -8.8840189076956115e-05 0.00016367040496696882 -0.00037247184865353582 -2.4307819776367983e-05 0.00074557455067305635 1.2191282881774494e-05 0.0011453106626636859 -0.00013728671284764796
leaf_weight=422 1137 220 501 271 344 244 229 1439 3512 513 1068 144606 278 7212
leaf_count=422 1137 220 501 271 344 244 229 1439 3512 513 1068 144606 278 7212
internal_value=8.19024e-07 -0.000291696 0.000566449 -0.00102961 -0.000466573 -0.00162619 4.51951e-06 0 -0.000216048 0.000265633 0.000497871 7.0277e-06 0.000582684 5.05322e-06
internal_weight=161996 2002 923 1079 564 515 159994 157276 4951 2718 1581 152325 507 151818
internal_count=161996 2002 923 1079 564 515 159994 157276 4951 2718 1581 152325 507 151818
cat_boundaries=0 2 4
cat_threshold=495058945 61769 6303920 41010
is_linear=0
shrinkage=0.05


Tree=110
num_leaves=15
num_cat=2
split_feature=8 15 37 34 27 34 34 34 35 41 16 35 27 41
split_gain=0.0687948 0.0959674 0.0742627 0.181706 0.230022 0.375238 0.212498 0.11693 0.111761 0.102123 0.102441 0.090257 0.115336 0.0900874
threshold=77.333190917968764 0.030750364065170292 0.16838692128658297 0.17401912063360217 5.5000000000000009 0.32003900408744818 0.12987661361694339 0.21271862089633944 1.143718481063843 0 1.0985258817672732 0.78934678435325634 2.5000000000000004 1
decision_type=2 2 2 2 2 2 2 2 2 1 2 2 2 1
left_child=2 -2 -1 6 5 11 -4 -6 -7 -9 -11 -5 -13 -8
right_child=1 -3 3 4 7 8 13 9 -10 10 -12 12 -14 -15
leaf_value=-2.8523806725755697e-06 -0.00013895178586007401 -0.0010676834740996988 -0.00010813450779680511 0.00054706351354628089 0.0002768621230274301 0.00054481526000588925 0.0012742031455966344 -0.0013602558272112928 0.001914907080620543 -0.00080850951318122528 0.00030094726422024603 -0.0015573990529999181 -7.9459361945116103e-05 0.00034579144124538596
leaf_weight=154485 2234 317 730 212 401 288 801 386 349 513 336 211 361 455
leaf_count=154485 2234 317 730 212 401 288 801 386 349 513 336 211 361 455
internal_value=-8.09948e-07 -0.00025818 3.28225e-06 0.000192015 -4.84981e-05 0.000414264 0.000563934 -0.000453529 0.00131232 -0.000694877 -0.000360168 -0.00031276 -0.00064208 0.000957392
internal_weight=162079 2551 159528 5043 3057 1421 1986 1636 637 1235 849 784 572 1256
internal_count=162079 2551 159528 5043 3057 1421 1986 1636 637 1235 849 784 572 1256
cat_boundaries=0 1 2
cat_threshold=112 4689
is_linear=0
shrinkage=0.05


Tree=111
num_leaves=15
num_cat=6
split_feature=36 40 36 34 40 4 35 40 40 17 14 40 40 7
split_gain=0.0757 0.123987 0.0744537 0.056166 0.125415 0.113379 0.0757313 0.101109 0.071264 0.06899 0.100179 0.138788 0.125556 0.115514
threshold=0.038124701008200652 0 0.095582611858844771 0.089139107614755644 1 -0.093438148498535142 2.0937937498092656 2 3 0.032887220382690437 0.032902749255299575 4 5 -0.0050715177785605184
decision_type=2 9 2 2 9 2 2 9 9 2 2 9 9 2
left_child=3 2 -2 4 5 -1 8 -8 9 -5 12 -12 13 -11
right_child=1 -3 -4 6 -6 -7 7 -9 -10 10 11 -13 -14 -15
leaf_value=-0.0012096637538526066 -0.00015678291561672779 -7.7022685323093006e-06 -0.00052306427012542979 7.759326832324817e-05 1.1204376619570155e-05 -0.00026345923457911244 -7.114028727097048e-05 0.001002201179566536 -2.0856247184767282e-05 -0.0019064456994113115 0.00041072907250016004 -0.00016023901384525763 -0.0001434106113632414 -0.00038929633506413461
leaf_weight=373 8514 22838 1678 51604 6149 2170 413 439 59931 205 1846 2460 3195 348
leaf_count=373 8514 22838 1678 51604 6149 2170 413 439 59931 205 1846 2460 3195 348
internal_value=-5.14724e-06 -7.27099e-05 -0.000217591 1.20975e-05 -0.000110522 -0.000404721 2.09925e-05 0.000489558 1.75921e-05 5.62928e-05 -7.94575e-05 8.41511e-05 -0.000268618 -0.00095559
internal_weight=162163 33030 10192 129133 8692 2543 120441 852 119589 59658 8054 4306 3748 553
internal_count=162163 33030 10192 129133 8692 2543 120441 852 119589 59658 8054 4306 3748 553
cat_boundaries=0 2 4 6 8 10 12
cat_threshold=2250965010 36967 1073810049 88296 67141632 2048 3391330550 37102 1107529856 134 2097152 32906
is_linear=0
shrinkage=0.05


Tree=112
num_leaves=15
num_cat=0
split_feature=24 27 27 14 3 12 18 1 27 8 8 8 27 15
split_gain=0.0665443 0.108996 0.10021 0.0707352 0.0698844 0.0780218 0.0624537 0.154926 0.153981 0.0724751 0.0716788 0.0707939 0.0670298 0.26498
threshold=-29.134400367736813 5.5000000000000009 9.5000000000000018 0.037670299410820014 0.69456541538238536 0.36272330582141882 0.094573926180601134 -0.109804630279541 8.5000000000000018 52.671037673950202 30.256634712219242 77.333190917968764 2.5000000000000004 0.029462984763085846
decision_type=2 2 2 2 2 2 2 2 2 2 2 2 2 2
left_child=4 -2 3 -3 6 -6 12 8 10 -9 -8 -11 13 -1
right_child=1 2 -4 -5 5 -7 7 9 -10 11 -12 -13 -14 -15
leaf_value=-1.4686868876559576e-05 0.00083669233521820258 -0.00062012275630845626 0.00057850385906540926 0.00042326191888482627 -0.0010503717920168822 0.00011350981136252185 0.0015209165357044742 -0.00059192913892381661 -0.00043165355805133344 1.7457991777145797e-05 0.0003363067227228916 -0.0009269192644170963 1.4222679527408589e-05 -0.00051528704712316281
leaf_weight=21967 612 567 498 217 331 238 254 1638 341 1379 286 225 130191 3004
leaf_count=21967 612 567 498 217 331 238 254 1638 341 1379 286 225 130191 3004
internal_value=-3.76786e-06 0.000290406 2.34976e-05 -0.00032414 -7.29357e-06 -0.000558087 -5.27718e-06 -0.000197224 0.00038649 -0.000357736 0.000911528 -0.000114375 -1.3832e-07 -7.52001e-05
internal_weight=161748 1894 1282 784 159854 569 159285 4123 881 3242 540 1604 155162 24971
internal_count=161748 1894 1282 784 159854 569 159285 4123 881 3242 540 1604 155162 24971
is_linear=0
shrinkage=0.05


Tree=113
num_leaves=15
num_cat=4
split_feature=25 40 38 34 40 40 4 6 15 35 40 10 39 34
split_gain=0.0666115 0.0924175 0.0706821 0.296396 0.125818 0.110437 0.0882122 0.13278 0.11312 0.0841589 0.129898 0.128349 0.152609 0.158373
threshold=-0.017116781324148175 0 1.0000000180025095e-35 0.07441627606749536 1 2 -0.61405807733535755 0.27676360309123998 0.050922298803925521 0.78534966707229625 3 0.003617034875787795 -0.32259412109851832 0.32003900408744818
decision_type=2 9 2 2 9 9 2 2 2 2 9 2 2 2
left_child=1 -1 5 -4 6 -2 8 9 -5 10 -8 12 13 -11
right_child=2 -3 3 4 -6 -7 7 -9 -10 11 -12 -13 -14 -15
leaf_value=0.00036756386180053296 8.7913751127942474e-05 -3.1545463058031742e-05 -0.0015614323874550363 0.0005642198050070605 2.3962896444785511e-05 -3.5121140896114584e-05 0.00077714753886460328 -0.0011311342562032431 -0.00043150935133319133 -0.00079021501254269348 -3.7758610365568045e-05 9.443390278125082e-06 -0.0001757225373091351 0.0002404728730752443
leaf_weight=2829 37102 2920 314 1023 44005 35780 492 314 385 2037 13675 7337 13561 445
leaf_count=2829 37102 2920 314 1023 44005 35780 492 314 385 2037 13675 7337 13561 445
internal_value=-2.32074e-06 0.000164714 -8.49494e-06 -3.98978e-05 -3.40072e-05 2.74525e-05 -9.90716e-05 -0.000113655 0.000287848 -0.000104863 -8.31933e-06 -0.000163136 -0.000242352 -0.0006033
internal_weight=162219 5749 156470 83588 83274 72882 39269 37861 1408 37547 14167 23380 16043 2482
internal_count=162219 5749 156470 83588 83274 72882 39269 37861 1408 37547 14167 23380 16043 2482
cat_boundaries=0 2 4 6 7
cat_threshold=1152499783 115677 1228462867 72792 1601837874 67704 4096
is_linear=0
shrinkage=0.05


Tree=114
num_leaves=15
num_cat=1
split_feature=8 40 15 37 27 34 39 34 31 3 33 34 34 35
split_gain=0.0636692 0.116462 0.0654406 0.0554201 0.284933 0.530103 0.207011 0.0972002 0.118521 0.0665461 0.0629043 0.212092 0.225123 0.118018
threshold=77.333190917968764 0 0.030750364065170292 -0.24490206688642499 8.5000000000000018 0.56372356414794933 -0.36365877091884607 0.60323816537857067 0.4301948100328446 -0.32277560234069819 0.021049814298748974 0.35462349653244024 0.38200022280216223 1.495744049549103
decision_type=2 9 2 2 2 2 2 2 2 2 2 2 2 2
left_child=3 -2 -3 4 6 -6 -1 10 -9 -10 -5 13 -13 -12
right_child=1 2 -4 7 5 -7 -8 8 9 -11 11 12 -14 -15
leaf_value=0.0019533134926678032 -0.0007442412788761305 0.0001034218256443243 -0.00076839061211328961 -9.8361115554386282e-07 -0.0017253657738420384 0.0012479539908545332 0.00018276851476576925 0.00010037066508054838 -0.0017404212551914218 -0.00048267739062801272 0.0002487674998030311 -0.0017084787750564195 -3.9408953988605295e-05 0.0011436025981168749
leaf_weight=319 791 1532 245 151803 345 256 353 387 206 250 3802 259 890 409
leaf_count=319 791 1532 245 151803 345 256 353 387 206 250 3802 259 890 409
internal_value=6.86179e-07 -0.000246015 -1.57022e-05 4.70265e-06 0.000332662 -0.000450762 0.00103885 2.0183e-06 -0.0005318 -0.00107443 4.93027e-06 0.000173197 -0.000425745 0.000338119
internal_weight=161847 2568 1777 159279 1273 601 672 158006 843 456 157163 5360 1149 4211
internal_count=161847 2568 1777 159279 1273 601 672 158006 843 456 157163 5360 1149 4211
cat_boundaries=0 2
cat_threshold=812509390 320
is_linear=0
shrinkage=0.05


Tree=115
num_leaves=15
num_cat=5
split_feature=1 24 15 40 40 40 12 3 40 40 18 3 3 34
split_gain=0.0805178 0.107415 0.150114 0.124675 0.119741 0.0912145 0.0990432 0.0917404 0.0883293 0.0874695 0.0873454 0.0843324 0.0778794 0.0719312
threshold=0.012505292892456056 -36.167884826660149 0.018897986039519313 0 1 2 0.1540915593504906 0.25943017005920416 3 4 0.10541349276900293 -0.27601265907287592 0.35742980241775518 0.50087584555149089
decision_type=2 2 2 9 9 9 2 2 9 9 2 2 2 2
left_child=5 2 -2 -4 -3 13 7 -7 -9 -8 -6 -11 -5 -1
right_child=1 4 3 12 10 6 9 8 -10 11 -12 -13 -14 -15
leaf_value=-6.7991376642105179e-05 -1.2886296570209315e-05 0.00018306011378257136 -8.5271369215619264e-05 -0.00035133505788292061 -1.8826297890711934e-05 8.0853897135096521e-06 -1.4362793644796422e-06 0.00080864777490213314 7.8474598957757504e-05 0.00059345354194139353 -0.00055945141655816273 0.00017967374291024879 -0.0011130923610693532 0.00055129465750476322
leaf_weight=23434 16785 8234 6676 6147 26552 50529 6414 692 1067 1378 765 12545 359 472
leaf_count=23434 16785 8234 6676 6147 26552 50529 6414 692 1067 1378 765 12545 359 472
internal_value=1.03489e-07 -4.26442e-05 -0.000112388 -0.000238654 1.60118e-05 2.91699e-05 5.70846e-05 2.05613e-05 0.00037507 0.000150743 -3.42363e-05 0.000221025 -0.000394353 -5.54192e-05
internal_weight=162049 65518 29967 13182 35551 96531 72625 52288 1759 20337 27317 13923 6506 23906
internal_count=162049 65518 29967 13182 35551 96531 72625 52288 1759 20337 27317 13923 6506 23906
cat_boundaries=0 2 4 6 8 10
cat_threshold=600572840 24520 1453326404 49586 2231910784 20754 2013530144 1696 39845938 67168
is_linear=0
shrinkage=0.05


Tree=116
num_leaves=15
num_cat=4
split_feature=24 40 28 12 27 27 37 27 15 40 40 26 40 2
split_gain=0.0670604 0.114699 0.0810943 0.133148 0.115995 0.157474 0.205936 0.16299 0.176211 0.153119 0.142753 0.133774 0.132862 0.101191
threshold=-37.345838546752923 0 1.0000000180025095e-35 0.44158251583576208 5.5000000000000009 3.5000000000000004 0.13996398448944095 2.5000000000000004 0.032198276370763786 1 2 2.5000000000000004 3 0.31625866889953619
decision_type=2 9 2 2 2 2 2 2 2 9 9 2 9 2
left_child=1 -1 13 4 5 7 10 8 12 -6 -7 -9 -4 -2
right_child=2 -3 3 -5 9 6 -8 11 -10 -11 -12 -13 -14 -15
leaf_value=1.0584849215277248e-05 3.1775442095704164e-06 -0.00020306962971551818 0.0004752925364012602 0.0010271632174397103 -6.3381851639797009e-05 -0.00085603499821802786 0.0011555325119788561 0.00095480506037296366 -0.0012133741535469312 0.00033647677828392455 -0.00012731119910528658 -5.5430391790714607e-05 -0.00023341723392082236 -0.00048103482672940713
leaf_weight=15912 116474 10322 1092 385 3635 1227 207 869 301 6891 1539 509 1622 1084
leaf_count=15912 116474 10322 1092 385 3635 1227 207 869 301 6891 1539 509 1622 1084
internal_value=-1.76589e-07 -7.33849e-05 1.39276e-05 0.000111894 9.16389e-05 -6.00059e-05 -0.00034119 0.000129323 -7.52476e-05 0.000198211 -0.000456888 0.000579182 5.11382e-05 -1.26511e-06
internal_weight=162069 26234 135835 18277 17892 7366 2973 4393 3015 10526 2766 1378 2714 117558
internal_count=162069 26234 135835 18277 17892 7366 2973 4393 3015 10526 2766 1378 2714 117558
cat_boundaries=0 2 4 6 8
cat_threshold=700383423 76296 2150891866 111173 889970893 54433 963412436 70848
is_linear=0
shrinkage=0.05


end of trees

feature_importances:
symbol_cat=289
mkt_rv21=258
month=135
mkt_ret_1d=82
sector_ret_21=73
drawdown_252=60
amihud=55
ret_63d=53
mom_12_1=45
ret_5d=44
rv_63=40
rel_sector_21=37
parkinson_21=33
c_sma10=32
macd_hist_norm=32
is_month_end=30
beta_252=29
sma10_sma50=28
c_vwap=24
atr_norm=23
boll_bw=19
c_sma50=18
pct_deliv=18
dow=17
boll_pctb=16
range_norm=15
sector_cat=15
rv_ratio=14
rsi_14=13
regime=13
ret_21d=12
overnight_gap=12
rv_21=11
deliv_dev=11
macd_norm=8
cs_rank_ret1=8
cs_rank_ret21=7
vol_trend=4
cs_rank_rv21=3
vol_surprise=1
cs_rank_volsurp=1

parameters:
[boosting: gbdt]
[objective: regression]
[metric: l2]
[tree_learner: serial]
[device_type: cpu]
[data_sample_strategy: bagging]
[data: ]
[valid: ]
[num_iterations: 117]
[learning_rate: 0.05]
[num_leaves: 15]
[num_threads: 4]
[seed: 42]
[deterministic: 1]
[force_col_wise: 0]
[force_row_wise: 1]
[histogram_pool_size: -1]
[max_depth: -1]
[min_data_in_leaf: 200]
[min_sum_hessian_in_leaf: 0.001]
[bagging_fraction: 0.8]
[pos_bagging_fraction: 1]
[neg_bagging_fraction: 1]
[bagging_freq: 1]
[bagging_seed: 400]
[bagging_by_query: 0]
[feature_fraction: 0.7]
[feature_fraction_bynode: 1]
[feature_fraction_seed: 30056]
[extra_trees: 0]
[extra_seed: 12879]
[early_stopping_round: 0]
[early_stopping_min_delta: 0]
[first_metric_only: 0]
[max_delta_step: 0]
[lambda_l1: 0.1]
[lambda_l2: 5]
[linear_lambda: 0]
[min_gain_to_split: 0]
[drop_rate: 0.1]
[max_drop: 50]
[skip_drop: 0.5]
[xgboost_dart_mode: 0]
[uniform_drop: 0]
[drop_seed: 17869]
[top_rate: 0.2]
[other_rate: 0.1]
[min_data_per_group: 100]
[max_cat_threshold: 32]
[cat_l2: 10]
[cat_smooth: 20]
[max_cat_to_onehot: 4]
[top_k: 20]
[monotone_constraints: ]
[monotone_constraints_method: basic]
[monotone_penalty: 0]
[feature_contri: ]
[forcedsplits_filename: ]
[refit_decay_rate: 0.9]
[cegb_tradeoff: 1]
[cegb_penalty_split: 0]
[cegb_penalty_feature_lazy: ]
[cegb_penalty_feature_coupled: ]
[path_smooth: 0]
[interaction_constraints: ]
[verbosity: -1]
[saved_feature_importance_type: 0]
[use_quantized_grad: 0]
[num_grad_quant_bins: 4]
[quant_train_renew_leaf: 0]
[stochastic_rounding: 1]
[linear_tree: 0]
[max_bin: 255]
[max_bin_by_feature: ]
[min_data_in_bin: 3]
[bin_construct_sample_cnt: 200000]
[data_random_seed: 175]
[is_enable_sparse: 1]
[enable_bundle: 1]
[use_missing: 1]
[zero_as_missing: 0]
[feature_pre_filter: 1]
[pre_partition: 0]
[two_round: 0]
[header: 0]
[label_column: ]
[weight_column: ]
[group_column: ]
[ignore_column: ]
[categorical_feature: 40,41]
[forcedbins_filename: ]
[precise_float_parser: 0]
[parser_config_file: ]
[objective_seed: 16083]
[num_class: 1]
[is_unbalance: 0]
[scale_pos_weight: 1]
[sigmoid: 1]
[boost_from_average: 1]
[reg_sqrt: 0]
[alpha: 0.9]
[fair_c: 1]
[poisson_max_delta_step: 0.7]
[tweedie_variance_power: 1.5]
[lambdarank_truncation_level: 30]
[lambdarank_norm: 1]
[label_gain: ]
[lambdarank_position_bias_regularization: 0]
[eval_at: ]
[multi_error_top_k: 1]
[auc_mu_weights: ]
[num_machines: 1]
[local_listen_port: 12400]
[time_out: 120]
[machine_list_filename: ]
[machines: ]
[gpu_platform_id: -1]
[gpu_device_id: -1]
[gpu_use_dp: 0]
[num_gpu: 1]

end of parameters

pandas_categorical:[["ADANIPORTS", "ASIANPAINT", "AXISBANK", "BAJAJ-AUTO", "BAJAJFINSV", "BAJFINANCE", "BHARTIARTL", "BPCL", "BRITANNIA", "CIPLA", "COALINDIA", "DRREDDY", "EICHERMOT", "GAIL", "GRASIM", "HCLTECH", "HDFC", "HDFCBANK", "HEROMOTOCO", "HINDALCO", "HINDUNILVR", "ICICIBANK", "INDUSINDBK", "INFY", "IOC", "ITC", "JSWSTEEL", "KOTAKBANK", "LT", "MARUTI", "MM", "NESTLEIND", "NTPC", "ONGC", "POWERGRID", "RELIANCE", "SBIN", "SHREECEM", "SUNPHARMA", "TATAMOTORS", "TATASTEEL", "TCS", "TECHM", "TITAN", "ULTRACEMCO", "UPL", "VEDL", "WIPRO", "ZEEL"], ["AUTOMOBILE", "CEMENT & CEMENT PRODUCTS", "CONSTRUCTION", "CONSUMER GOODS", "ENERGY", "FERTILISERS & PESTICIDES", "FINANCIAL SERVICES", "IT", "MEDIA & ENTERTAINMENT", "METALS", "PHARMA", "SERVICES", "TELECOM"]]
