tree
version=v4
num_class=1
num_tree_per_iteration=1
label_index=0
max_feature_idx=41
objective=binary sigmoid:1
feature_names=ret_1d ret_5d ret_21d ret_63d mom_12_1 c_sma10 c_sma50 sma10_sma50 rsi_14 macd_norm macd_hist_norm boll_pctb boll_bw atr_norm rv_21 rv_63 rv_ratio parkinson_21 range_norm overnight_gap vol_surprise vol_trend pct_deliv deliv_dev amihud c_vwap dow month is_month_end cs_rank_ret1 cs_rank_ret21 cs_rank_rv21 cs_rank_volsurp mkt_ret_1d mkt_rv21 beta_252 rel_sector_21 sector_ret_21 regime drawdown_252 symbol_cat sector_cat
feature_infos=[-0.33539342880249023:0.29050922393798828] [-0.55552577972412109:0.52155399322509766] [-1.0605630874633789:0.81127047538757324] [-1.4420571327209473:1.4301002025604248] [-2.0913701057434082:2.394237756729126] [-0.38960584998130798:0.41373667120933533] [-0.63538634777069092:0.96833759546279907] [-0.55037587881088257:0.62138658761978149] [7.1279511451721191:94.787033081054688] [-0.49298614263534546:0.13874010741710663] [-0.088423416018486023:0.08130134642124176] [-0.51351809501647949:1.5343765020370483] [0.011128954589366913:1.3387584686279297] [0.0074734454974532127:0.24071347713470459] [0.0029149728361517191:0.1116195023059845] [0.0046013034880161285:0.076512239873409271] [0.12147980183362961:1.718988299369812] [0.0038011299911886454:0.1103220209479332] [0:0.5297052264213562] [-0.3765568733215332:0.22702705860137939] [-7.1645965576171875:5.8895869255065918] [0.019823728129267693:11.299847602844238] [0.023600000888109207:1] [-0.66891425848007202:0.81771427392959595] [-39.564857482910156:-22.382728576660156] [-0.11652342975139618:0.13046194612979889] [0:6] [1:12] [0:1] [0.020408162847161293:1] [0.020408162847161293:1] [0.020408162847161293:1] [0.020408162847161293:1] [-0.10609429329633713:0.13886605203151703] [0.060614865273237228:0.73461169004440308] [0.060895074158906937:2.8448631763458252] [-0.51129192113876343:0.50864702463150024] [-0.88394927978515625:0.62341302633285522] [0:2] [-0.88927578926086426:0] -1:35:21:24:43:17:1:8:40:11:30:46:15:9:12:16:47:18:23:39:36:7:25:14:20:33:38:48:2:19:5:13:22:27:37:6:29:45:28:44:41:32:26:42:34:0:4:3:31 -1:6:4:3:0:7:9:10:1:8:12:5:2:11
tree_sizes=1802 1833 1840 1800 1847 1832 1827 1853 1844 1853 1806 1848 1816 1850 1808 1858 1819 1848 1810 1824 1841 1819 1800 1801 1840 1841 1844 1849 1836 1847 1813 1791 1793 1855 1838 1832 1835 1835 1843 1854 1845 1842 1835 1843 1818 1843 1837 1831 1806 1841 1842 1849 1827 1800 1840 1847 1843 1837 1786 1836 1833 1846 1849 1787 1841 1811 1840 1833 1830 1850 1818 1840 1844 1847 1837 1837 1818 1818 1822 1830

Tree=0
num_leaves=15
num_cat=3
split_feature=33 28 26 1 40 34 5 40 1 21 26 27 27 40
split_gain=232.265 163.142 119.378 74.4916 69.5048 68.9891 68.2024 63.9461 52.0991 36.5647 30.9139 35.5513 30.2759 30.2163
threshold=0.0062038460746407518 1.0000000180025095e-35 2.5000000000000004 -0.077707648277282701 0 0.089960396289825453 0.048800291493535049 1 0.028773069381713871 0.47564166784286505 3.5000000000000004 9.5000000000000018 10.500000000000002 2
decision_type=2 2 2 2 9 2 2 9 2 2 2 2 2 9
left_child=1 3 6 10 -5 -3 -2 -4 -7 -6 11 -1 -9 -8
right_child=2 5 7 4 9 8 13 12 -10 -11 -12 -13 -14 -15
leaf_value=0.035406193034986863 0.023125016582908553 0.0061229512687499717 0.038098985886604195 0.018557632224720729 0.0045331662623966564 0.03283094627875692 0.020617346258546328 0.024159980059720719 0.017928585897909837 0.013591202920875303 0.011195069381595941 0.015015226948605555 0.037199791823949224 0.0029886818646392629
leaf_weight=850.91960316896439 6084.6751059740782 352.71667452156544 1994.8115256428719 8339.2120921611786 1210.8855927586555 2454.0181387513876 384.46367499232292 2493.0144542902708 768.17742083966732 13815.444685176015 254.97590929269791 281.97335851192474 539.44903162121773 658.93774205446243
leaf_count=3404 24341 1411 7980 33360 4844 9817 1538 9973 3073 55267 1020 1128 2158 2636
internal_value=0.0194818 0.0170012 0.0252622 0.0155588 0.0148899 0.0269783 0.0210976 0.0311586 0.0292798 0.0128606 0.0267935 0.0303294 0.0264835 0.00931812
internal_weight=40483.7 28328.3 12155.4 24753.4 23365.5 3574.91 7128.08 5027.28 3222.2 15026.3 1387.87 1132.89 3032.46 1043.4
internal_count=161950 113324 48626 99023 93471 14301 28515 20111 12890 60111 5552 4532 12131 4174
cat_boundaries=0 2 4 6
cat_threshold=1251117130 38472 4167573524 18874 387977496 61737
is_linear=0
shrinkage=1


Tree=1
num_leaves=15
num_cat=1
split_feature=33 26 27 5 5 33 10 33 26 33 33 27 40 27
split_gain=220.704 106.228 61.5572 60.9241 60.8302 47.3538 46.7078 49.122 69.5106 86.032 52.4901 41.5869 41.0922 38.8487
threshold=0.0062038460746407518 2.5000000000000004 10.500000000000002 0.054782152175903327 0.072535265237092986 0.010815142653882505 -0.0094999293796718103 -0.00081688800128176798 3.5000000000000004 -0.0032093746121972795 -0.0011588088818825779 9.5000000000000018 0 1.5000000000000002
decision_type=2 2 2 2 2 2 2 2 2 2 2 2 9 2
left_child=3 4 5 6 -2 -3 -1 8 10 11 -8 -10 -7 -9
right_child=1 2 -4 -5 -6 12 7 13 9 -11 -12 -13 -14 -15
leaf_value=0.0049206710525618981 0.003041326334301697 0.0028978996652439725 0.023177016043328294 -0.012286338254547684 -0.01563049153384059 0.0022618004900151092 -0.0019308687356977888 -0.0094615481422001477 -0.020403263222076338 0.0060844322268604166 -0.019159794619682792 -0.0046161403721852465 0.017711229734838109 0.0010925296439467849
leaf_weight=2379.4286288619041 6662.4151998609304 1900.5586978048086 895.18423727154732 1444.1658489704132 461.73053531348705 604.64993849396706 10771.09994250536 952.92950993776321 1549.1370657533407 543.71115709841251 456.215989112854 576.2085657119751 1631.830993399024 9704.2178748697042
leaf_count=9519 26653 7604 3582 5777 1847 2419 43088 3812 6197 2175 1825 2305 6529 38820
internal_value=0.000116223 0.005752 0.0113097 -0.00229848 0.00182035 0.00871577 -0.00176056 -0.00240909 -0.00436704 -0.011613 -0.00263962 -0.0161464 0.0136401 0.000144353
internal_weight=40533.5 12156.4 5032.22 28377.1 7124.15 4137.04 26932.9 24553.5 13896.4 2669.06 11227.3 2125.35 2236.48 10657.1
internal_count=162152 48634 20134 113518 28500 16552 107741 98222 55590 10677 44913 8502 8948 42632
cat_boundaries=0 2
cat_threshold=8440128 50757
is_linear=0
shrinkage=0.05


Tree=2
num_leaves=15
num_cat=3
split_feature=33 28 26 5 34 10 27 34 40 11 0 40 27 40
split_gain=214.43 157.556 89.3139 74.9575 60.7431 59.3486 56.2986 49.6022 44.6101 42.5664 41.1717 40.5844 32.5399 30.627
threshold=0.0062038460746407518 1.0000000180025095e-35 2.5000000000000004 0.089195508509874358 0.089960396289825453 -0.0088449711911380274 10.500000000000002 0.26033915579319006 0 0.065901894122362151 -0.0043881237506866446 1 2.5000000000000004 2
decision_type=2 2 2 2 2 2 2 2 9 2 2 9 2 9
left_child=1 5 3 -2 -3 9 8 10 -4 -1 -6 -7 -13 -11
right_child=2 4 6 -5 7 11 -8 -9 -10 13 -12 12 -14 -15
leaf_value=0.011579739915264927 0.0033417289545644361 -0.011798181251145602 0.0018719466050260616 -0.022470783957310045 0.018891211690899273 -0.00096406225466984024 0.022321859012585002 -0.0073514503810578032 0.012564759068832913 -0.010166479937859012 0.0067847925237492501 -0.010823990750998429 -0.0046413868421868367 0.0049262162074237984
leaf_weight=1044.0354956537485 6875.9165242612362 353.74481938779354 1598.0351177304983 288.24237680435181 1255.713636085391 6614.2833334952593 895.42395843565464 365.68189516663551 2560.5589440315962 595.67917561531067 1610.4242214858532 2539.6610142886639 13212.167066931725 734.15465985238552
leaf_count=4177 27508 1415 6394 1153 5024 26459 3585 1463 10247 2383 6443 10159 52851 2937
internal_value=0.000346571 -0.0020415 0.00588183 0.00228754 0.00774645 -0.00346154 0.0109685 0.00990221 0.00849886 0.00404797 0.0121143 -0.00425953 -0.00563806 -0.0018826
internal_weight=40543.7 28325.5 12218.2 7164.16 3585.56 24740 5054.02 3231.82 4158.59 2373.87 2866.14 22366.1 15751.8 1329.83
internal_count=162198 113311 48887 28661 14345 98966 20226 12930 16641 9497 11467 89469 63010 5320
cat_boundaries=0 2 4 6
cat_threshold=177258713 108103 1250068490 34369 1146565412 89632
is_linear=0
shrinkage=0.05


Tree=3
num_leaves=15
num_cat=0
split_feature=33 26 5 1 5 37 27 33 26 34 34 26 33 34
split_gain=178.812 78.0458 64.2474 59.27 44.5803 48.0823 41.7144 40.7298 33.7782 32.7601 32.5082 32.252 76.6916 27.6492
threshold=0.0062038460746407518 2.5000000000000004 0.089195508509874358 -0.074965238571166978 0.049940528348088271 -0.0027349992888048287 10.500000000000002 0.010815142653882505 3.5000000000000004 0.089960396289825453 0.076183430850505843 3.5000000000000004 -0.0032093746121972795 0.19559056311845782
decision_type=2 2 2 2 2 2 2 2 2 2 2 2 2 2
left_child=3 2 -2 8 5 -5 7 -3 -1 10 -7 -11 -13 -14
right_child=1 6 -4 4 -6 9 -8 -9 -10 11 -12 12 13 -15
leaf_value=0.010515186131877512 0.0027513885040512612 0.0024194190324509876 -0.021289456813324462 -0.0049229854510139601 -0.010260392875641702 0.0056546097568839432 0.019740151729185376 0.012376341561318317 -0.0077367922389028846 0.0015868885801554441 -0.011147482570779944 -0.014574993328090688 0.0049545858074811766 -0.013938669296403514
leaf_weight=1339.4890002310276 6825.3803513795137 1911.3916222751141 284.68780222535133 9479.6808650642633 1800.4667320847511 372.98926973342896 886.96966978907585 2226.1425398737192 308.20256076753139 11081.77507583797 1214.2044530659914 1110.4482608139515 1425.6243330836296 218.97892391681671
leaf_count=5360 27307 7649 1139 37922 7202 1492 3554 8911 1233 44331 4857 4442 5703 876
internal_value=6.98479e-05 0.0051479 0.0017738 -0.0021039 -0.00267228 -0.00212153 0.009915 0.00778628 0.00708503 -0.000398384 -0.00719051 0.000382681 -0.00445335 0.00240129
internal_weight=40486.4 12134.6 7110.07 28351.9 26704.2 24903.7 5024.5 4137.53 1647.69 15424 1587.19 13836.8 2755.05 1644.6
internal_count=161978 48560 28446 113418 106825 99623 20114 16560 6593 61701 6349 55352 11021 6579
is_linear=0
shrinkage=0.05


Tree=4
num_leaves=15
num_cat=4
split_feature=5 19 40 40 29 40 40 34 29 27 0 5 24 29
split_gain=62.8047 51.9419 51.0839 39.7336 36.0112 27.7888 27.1148 23.3822 21.3061 19.9062 25.1774 22.2367 22.3033 24.2378
threshold=0.067388791590929045 0.0013583302497863772 0 1 0.71320345997810375 2 3 0.089960396289825453 0.32133917510509497 1.5000000000000002 0.0022783279418945317 -0.014278855640441178 -33.655921936035149 0.3260560035705567
decision_type=2 2 9 9 2 9 9 2 2 2 2 2 2 2
left_child=1 4 8 -2 6 -6 -1 -4 -3 10 -9 12 -11 -14
right_child=3 2 7 -5 5 -7 -8 9 -10 11 -12 -13 13 -15
leaf_value=0.0020675802267205953 -0.0013606075775082587 0.0027610813669477954 -0.0037581190689741973 -0.016433644878374124 -9.7648158582303455e-05 -0.0081547201422418249 -0.0023458560153050475 -0.0099804213187152952 -0.0041549302201244901 0.010136249703431799 0.005109371591096059 0.0034778187990027343 0.010176705175778684 -0.010971779365029707
leaf_weight=6481.2891702950001 845.93354769051075 1578.766147211194 997.40222178399563 914.90775330364704 1654.1686475127935 3060.5082041472197 7480.3353470861912 537.39008332788944 3746.5419903844595 2699.1520721316338 558.80077694356441 9347.2417454719543 250.65682677924633 283.16128997504711
leaf_count=25931 3385 6317 3990 3661 6618 12244 29928 2150 14990 10800 2236 37401 1003 1133
internal_value=-9.88156e-05 0.000322048 0.00209263 -0.0093203 -0.00157373 -0.0053495 -0.000296878 0.00361334 -0.00209903 0.00415512 -0.00229535 0.00471827 0.00829225 -0.00102984
internal_weight=40436.3 38675.4 19999.1 1760.84 18676.3 4714.68 13961.6 14673.8 5325.31 13676.4 1096.19 12580.2 3232.97 533.818
internal_count=161787 154741 80020 7046 74721 18862 55859 58713 21307 54723 4386 50337 12936 2136
cat_boundaries=0 2 4 6 8
cat_threshold=68162397 81925 205001020 53561 474517652 20280 3994065259 45164
is_linear=0
shrinkage=0.05


Tree=5
num_leaves=15
num_cat=2
split_feature=33 28 34 40 10 40 36 34 34 29 26 26 33 4
split_gain=153.885 126.49 60.1629 58.7189 54.9118 45.8487 45.7515 42.2152 37.2696 42.3269 37.0049 63.9685 65.4135 44.7364
threshold=0.0069443045649677524 1.0000000180025095e-35 0.089960396289825453 0 -0.011167725082486866 1 -0.018325655721127983 0.65775698423385631 0.2475826442241669 0.505102038383484 3.5000000000000004 1.0000000180025095e-35 -0.0037842360325157638 0.3721302747726441
decision_type=2 2 2 9 2 9 2 2 2 2 2 2 2 2
left_child=1 4 -3 -2 -1 -6 -5 -7 9 -4 11 12 -10 -13
right_child=3 2 8 6 5 7 -8 -9 10 -11 -12 13 -14 -15
leaf_value=0.0062331388370815803 0.0088304203023668853 -0.012477342042801718 0.016814775515236757 0.0076650585642869199 0.00056210795688854448 -0.0046340621067197073 -0.001736790856893673 -0.045826867941619796 0.0088933477965094446 0.0048652191377280447 -0.034501442323528801 0.029793143533576812 -0.064766452455532572 -0.016805105414336077
leaf_weight=1490.9108744412661 5402.083032771945 363.46442434191704 1472.1128769218922 1982.8077330738306 5120.4803018420935 18963.247926458716 3701.6978314369917 57.49687322974205 58.240789711475372 1501.7486699521542 79.745043247938156 174.96748679876328 54.992305040359497 68.239411979913712
leaf_count=5966 21624 1454 5892 7936 20484 75859 14815 230 233 6009 319 700 220 273
internal_value=8.73022e-05 -0.00180525 0.00673536 0.00510603 -0.00306384 -0.00363938 0.00154292 -0.00476835 0.00879991 0.0108004 -0.00479593 0.00222149 -0.0280638 0.0166232
internal_weight=40492.2 29405.6 3773.51 11086.6 25632.1 24141.2 5684.51 19020.7 3410.05 2973.86 436.185 356.44 113.233 243.207
internal_count=162014 117639 15100 44375 102539 96573 22751 76089 13646 11901 1745 1426 453 973
cat_boundaries=0 2 4
cat_threshold=4117498420 32168 142772264 33344
is_linear=0
shrinkage=0.05


Tree=6
num_leaves=15
num_cat=5
split_feature=33 26 29 8 40 40 40 27 40 27 3 40 34 33
split_gain=140.76 79.3722 53.6517 52.4493 43.7284 40.8627 39.4511 33.6731 37.6851 28.6614 26.1782 32.1671 25.9936 25.7338
threshold=0.0062038460746407518 2.5000000000000004 0.47673159837722784 71.643764495849624 0 1 2 11.500000000000002 3 10.500000000000002 -0.079632043838500963 4 0.10192443430423738 0.010815142653882505
decision_type=2 2 2 2 9 9 9 2 9 2 2 9 2 2
left_child=2 3 6 7 12 -4 -1 8 -2 13 11 -7 -3 -6
right_child=1 4 5 -5 9 10 -8 -9 -10 -11 -12 -13 -14 -15
leaf_value=0.003658611413192292 0.0052477385039855573 -0.021907696179621756 -0.0001614141255417589 -0.013945103443607469 0.005072943889854623 -0.0068631626365042182 -0.0018737622318830529 0.013272428215829296 -0.0026932719064958763 0.022159150158523145 -0.0069522179294129391 0.0060370579879026184 0.0039791033160278275 0.014606791828277061
leaf_weight=5467.6509767025709 2889.1267884075642 98.894153028726578 4847.6553032249212 529.80259573459625 1306.2701020389795 956.37525825202465 7801.4102876931429 631.02353025972843 3063.4644637703896 622.14024065434933 8331.382112622261 946.62341506779194 1451.5926894694567 1566.1040608137846
leaf_count=21875 11561 396 19393 2120 5229 3826 31212 2525 12258 2496 33329 3787 5812 6274
internal_value=1.87688e-05 0.00451848 -0.00191122 0.00111368 0.00931238 -0.00395091 0.000407396 0.00233593 0.00116556 0.0123971 -0.00573866 -0.000448811 0.00224521 0.0102892
internal_weight=40509.5 12158.4 28351.1 7113.42 5045 15082 13269.1 6583.61 5952.59 3494.51 10234.4 1903 1550.49 2872.37
internal_count=162093 48671 113422 28464 20207 60335 53087 26344 23819 13999 40942 7613 6208 11503
cat_boundaries=0 2 4 6 8 10
cat_threshold=59965657 33349 1149347985 36624 244368234 37967 2574731448 81192 558911786 28770
is_linear=0
shrinkage=0.05


Tree=7
num_leaves=15
num_cat=5
split_feature=28 1 34 36 40 40 27 40 40 19 40 25 25 23
split_gain=141.499 49.7979 50.2224 49.6163 53.7315 41.2926 39.3754 29.5727 25.772 25.3017 26.9859 23.1782 22.9353 27.504
threshold=1.0000000180025095e-35 0.029324293136596683 0.087557714432477965 0.0086961495690047758 0 1 5.5000000000000009 2 3 -0.0042748749256134025 4 -0.0016850827960297463 0.00089167858823202561 -0.040519060567021363
decision_type=2 2 2 2 9 9 2 9 9 2 9 2 2 10
left_child=3 2 -2 4 -1 -5 9 -3 11 -4 -11 -8 -6 -14
right_child=1 7 6 5 12 -7 8 -9 -10 10 -12 -13 13 -15
leaf_value=0.0032283967185935715 -0.011220060133600827 0.0077035092860370377 -0.0068699802467928053 -0.0072828363331865157 -0.0034020392292990519 -0.0014231910862240113 0.019259565011781554 -0.0065450112312255629 0.020801892214984213 0.00057114795668175469 0.015185712103320009 0.0022512051878050905 -0.0038789831838694326 0.0041094524543318208
leaf_weight=9409.1152249127626 245.93848402798176 630.80683015286922 305.78217148780823 4656.4279860109091 7908.0521190315485 8499.8866301327944 332.66755412518978 819.98690658807755 1297.4398160725832 559.82087272405624 736.16990734636784 498.11282493174076 1740.6897611916065 2809.4138249754906
leaf_count=37650 984 2525 1224 18631 31641 34011 1332 3282 5195 2241 2947 1994 6966 11243
internal_value=8.38162e-05 0.00759278 0.010483 -0.00108043 0.000379177 -0.00350608 0.0119284 -0.000333165 0.0163824 0.00597489 0.00902417 0.00903419 -0.00177391 0.00105139
internal_weight=40450.3 5426.73 3975.93 35023.6 21867.3 13156.3 3729.99 1450.79 2128.22 1601.77 1295.99 830.78 12458.2 4550.1
internal_count=161866 21724 15917 140142 87500 52642 14933 5807 8521 6412 5188 3326 49850 18209
cat_boundaries=0 2 4 6 8 10
cat_threshold=2323900946 41960 2184274708 33415 1561080372 57394 2333278811 21077 178954888 116791
is_linear=0
shrinkage=0.05


Tree=8
num_leaves=15
num_cat=5
split_feature=28 33 1 8 40 27 40 33 33 40 40 27 40 33
split_gain=128.374 131.45 58.261 44.0346 40.9874 38.8884 38.2633 33.7876 43.3075 38.642 27.4114 26.5166 25.9344 23.1433
threshold=1.0000000180025095e-35 0.0062038460746407518 -0.074965238571166978 71.643764495849624 0 5.5000000000000009 1 -0.0077640719246119252 0.012719633523374798 2 3 10.500000000000002 4 0.0063053260091692218
decision_type=2 2 2 2 9 2 9 2 2 9 9 2 9 2
left_child=1 2 12 4 -3 7 -4 -2 9 -9 -5 13 -1 -6
right_child=5 3 6 10 11 -7 -8 8 -10 -11 -12 -13 -14 -15
leaf_value=0.00039487966799425165 0.015291940219021308 0.0084787859394748685 -0.00085473799239125505 0.0018750325096337655 0.029479659764284478 0.010812605878956851 -0.0050928986778725023 0.0059389238455723643 0.018937272505605209 -0.0098105743230471609 -0.01690757407400954 0.0092392796238273418 0.013557223076822878 -0.00024202137333163349
leaf_weight=810.30959644913673 400.45268692076206 4087.1709818392992 8346.8411615043879 381.6679594963789 61.484687313437462 3204.5469807088375 14801.986761257052 631.47455370426178 239.95465116202831 972.03280667960644 380.94795240461826 987.34442788362503 691.86646772921085 4392.5915629565716
leaf_count=3243 1603 16367 33390 1528 246 12834 59212 2528 961 3891 1525 3956 2769 17581
internal_value=0.000146397 -0.000966878 -0.00294835 0.00377808 0.00470448 0.00728134 -0.00356803 0.00222327 -0.000646604 -0.00363007 -0.00774574 0.00184447 0.00657789 0.000199735
internal_weight=40390.7 34942.2 24651 10291.2 9528.59 5448.46 23148.8 2243.91 1843.46 1603.51 762.616 5441.42 1502.18 4454.08
internal_count=161634 139817 98614 41203 38150 21817 92602 8983 7380 6419 3053 21783 6012 17827
cat_boundaries=0 2 4 6 8 10
cat_threshold=3647686708 7584 2324867138 34392 1695890179 12872 4045495047 12474 1550371099 95585
is_linear=0
shrinkage=0.05


Tree=9
num_leaves=15
num_cat=4
split_feature=33 36 5 40 5 33 26 33 33 40 40 26 34 40
split_gain=103.553 49.7437 48.3122 43.6074 36.5828 40.3646 53.1745 63.9397 56.3766 40.3909 39.1178 38.1343 35.1622 29.488
threshold=0.0067351164761930713 -0.021439445205032822 0.052310615777969367 0 -0.052898829802870743 -0.00081688800128176798 3.5000000000000004 -0.0032093746121972795 -0.0018539661541581152 1 2 3.5000000000000004 0.22309385985136035 3
decision_type=2 2 2 9 2 2 2 2 2 9 9 2 2 9
left_child=2 -2 4 -3 11 6 8 -8 10 -10 -6 13 -9 -1
right_child=1 3 -4 -5 5 -7 7 12 9 -11 -12 -13 -14 -15
leaf_value=0.002094634234772675 0.0085871297425224175 0.006819426657438666 -0.0098732609086634431 -0.0011709446337480314 -0.0039184141370940178 0.00053305329476757474 -0.013698769674492461 0.0096107731973494783 -0.0010267965975562967 -0.019505973422774478 0.0022954939072709164 -0.0090582569954335886 -0.030459420014217253 0.016135919302775255
leaf_weight=777.6809538602829 3840.859449326992 2595.0353710055351 1684.0165056884289 4929.2942995727062 4905.0596872717142 11570.992993831635 2133.6763430535793 499.18550682067871 510.90862466394901 719.36236077547073 5205.2392108142376 354.8902692347765 56.485534176230431 732.06769213080406
leaf_count=3113 15384 10395 6738 19735 19624 46296 8537 1997 2044 2878 20825 1420 226 2931
internal_value=-8.63975e-05 0.00396074 -0.00166492 0.00159436 -0.00115975 -0.00165271 -0.00345529 -0.00977025 -0.00195365 -0.0120374 -0.00072077 0.005592 0.0052933 0.00905761
internal_weight=40514.8 11365.2 29149.6 7524.33 27465.5 25600.9 14029.9 2689.35 11340.6 1230.27 10110.3 1864.64 555.671 1509.75
internal_count=162143 45514 116629 30130 109891 102427 56131 10760 45371 4922 40449 7464 2223 6044
cat_boundaries=0 2 4 6 8
cat_threshold=4031252533 26800 1250148802 52808 4034221028 86178 1432505125 91488
is_linear=0
shrinkage=0.05


Tree=10
num_leaves=15
num_cat=0
split_feature=28 33 1 10 36 35 4 37 33 33 29 21 11 37
split_gain=105.205 95.456 50.4681 48.658 35.43 34.3684 32.0407 29.3665 55.2729 30.9923 27.5079 25.7772 24.3881 24.0096
threshold=1.0000000180025095e-35 0.0062038460746407518 0.026707172393798832 -0.0084437308833003027 -0.021439445205032822 0.90700477361679088 -0.34570142626762385 -0.0071534395683556786 -0.017450836487114426 0.011786853428930046 0.55155184864997875 0.466004028916359 0.09772828966379167 0.011332339141517879
decision_type=2 2 2 2 2 2 2 2 2 2 2 2 2 2
left_child=1 3 7 6 -3 13 -1 9 -9 10 -2 -7 -8 -5
right_child=2 4 -4 5 -6 11 12 8 -10 -11 -12 -13 -14 -15
leaf_value=-0.01407799452393343 0.0066854969426179481 0.0070045836921239536 -0.0012601863894255122 -0.0042311038884019223 0.0007763182027072618 -0.015076262073156717 0.010186768486973613 0.055444352620124274 0.011427148872567565 0.021460235748239784 -0.0081509446174775554 -0.004885983306902833 2.4565893718127959e-05 0.00063707624020722486
leaf_weight=228.37216150760651 811.9844721108675 3432.8501144498587 1578.7915053665638 4515.6931880861521 6810.459649130702 653.87462493777275 1234.2894896268845 69.138452991843224 2281.4331371188164 211.00590252876282 500.80642412602901 11284.97323654592 1129.4994596987963 5753.7564439475536
leaf_count=914 3253 13752 6321 18065 27270 2616 4941 277 9140 846 2005 45146 4519 23018
internal_value=-0.000187139 -0.0011928 0.00626984 -0.00286985 0.00286649 -0.00362664 0.00360656 0.00933726 0.0128389 0.0039081 0.00101241 -0.00545059 0.00534333 -0.0015041
internal_weight=40496.9 35043.8 5453.16 24800.5 10243.3 22208.3 2592.16 3874.37 2350.57 1523.8 1312.79 11938.8 2363.79 10269.4
internal_count=162083 140241 21842 99219 41022 88845 10374 15521 9417 6104 5258 47762 9460 41083
is_linear=0
shrinkage=0.05


Tree=11
num_leaves=15
num_cat=4
split_feature=33 26 5 40 5 40 40 11 33 26 33 33 40 33
split_gain=100.773 66.6714 52.1528 41.7607 41.2693 37.0663 35.3304 34.53 45.1867 47.7008 54.4299 48.1736 34.4812 33.4499
threshold=0.0069443045649677524 2.5000000000000004 0.06114980764687062 0 0.052310615777969367 1 2 0.044526848942041404 -0.00093221967108547677 3.5000000000000004 -0.0011588088818825779 -0.0032093746121972795 3 -0.027356095612049099
decision_type=2 2 2 9 2 9 9 2 2 2 2 2 9 2
left_child=4 2 6 -3 7 -4 -2 -1 9 10 12 13 -9 -11
right_child=1 3 5 -5 -6 -7 -8 8 -10 11 -12 -13 -14 -15
leaf_value=0.0047593190320739439 0.0070386427275102963 0.013712630710005414 0.007330931974952843 0.0039838396206776641 -0.0091861492716567572 -0.019709811823550041 -0.00086454233016258872 -0.0049242121564536554 0.00056380029221640194 -0.041483002852132134 -0.021737853498558998 0.00408368460882847 0.00079697137952734406 -0.011666136524918927
leaf_weight=2244.3356451690197 2297.0425226837397 2126.7536166608334 166.43410430848598 2348.7198846787214 1703.9040495604277 468.95681609213352 3636.7232350260019 4521.9317416399717 11811.60069912672 94.961115062236786 341.59279969334602 502.1454610824585 6271.0744317322969 1982.958699002862
leaf_count=8985 9197 8534 666 9412 6819 1877 14557 18093 47262 380 1367 2009 25091 7936
internal_value=-0.000117453 0.00395477 0.000745792 0.00865774 -0.00164397 -0.0128103 0.00220779 -0.00117946 -0.00170264 -0.00365444 -0.00223214 -0.0097744 -0.00160455 -0.0131275
internal_weight=40519.1 11044.6 6569.16 4475.47 29474.5 635.391 5933.77 27770.6 25526.3 13714.7 11134.6 2580.07 10793 2077.92
internal_count=162185 44243 26297 17946 117942 2543 23754 111123 102138 54876 44551 10325 43184 8316
cat_boundaries=0 2 4 6 8
cat_threshold=4184355332 22970 69210369 61473 3645653041 64560 275075373 86258
is_linear=0
shrinkage=0.05


Tree=12
num_leaves=15
num_cat=0
split_feature=28 33 34 34 5 27 5 27 27 33 25 23 34 34
split_gain=112.345 92.6551 49.4907 39.7768 40.1472 38.3429 43.657 33.9064 30.4285 49.0458 27.7923 27.3318 24.3096 37.0658
threshold=1.0000000180025095e-35 0.0069443045649677524 0.087557714432477965 0.65775698423385631 -0.070561211556196199 10.500000000000002 0.040735175833106048 5.5000000000000009 2.5000000000000004 -0.010929068084806202 0.0075314457062631854 0.030019045807421211 0.11683140695095064 0.11299854144454004
decision_type=2 2 2 2 2 2 2 2 2 2 2 10 2 2
left_child=1 3 -2 4 -1 11 -7 10 9 -6 -4 -3 13 -11
right_child=2 5 7 -5 8 6 -8 -9 -10 12 -12 -13 -14 -15
leaf_value=0.0084096329010234054 -0.012846139886857672 -0.00048198110854949625 0.0054413406489519089 -0.039558873560630016 -0.01846824112048091 0.014589461451390007 -0.0055619177925318661 0.011365103835218576 -0.0020264941327541785 -0.0064486474648643866 -0.010637703067762232 0.0056440819401700655 -0.0016394681687194445 -0.033152644830932991
leaf_weight=819.18110327422619 300.13283491134644 4876.6891041249037 1848.5666223913431 67.448476642370224 728.21796190738678 1256.1908767074347 338.26179632544518 2961.5890456736088 20667.631152763963 728.79146452248096 309.41175067424774 2898.6190953105688 2485.0163795650005 154.45523308217525
leaf_count=3281 1201 19532 7404 270 2914 5039 1356 11872 82690 2916 1239 11610 9943 618
internal_value=3.86599e-05 -0.000998229 0.0067344 -0.00255264 -0.00244717 0.00325569 0.0103072 0.00789469 -0.00280813 -0.00674314 0.00311435 0.00180332 -0.00418308 -0.0112844
internal_weight=40440.2 35020.5 5419.7 25650.7 25583.3 9369.76 1594.45 5119.57 24764.1 4096.48 2157.98 7775.31 3368.26 883.247
internal_count=161885 140169 21716 102632 102362 37537 6395 20515 99081 16391 8643 31142 13477 3534
is_linear=0
shrinkage=0.05


Tree=13
num_leaves=15
num_cat=4
split_feature=28 33 26 34 25 10 5 40 27 40 40 40 34 26
split_gain=88.1985 65.4805 47.9134 45.1861 39.9976 36.6519 36.5693 35.9914 34.7543 30.307 28.0061 27.0928 25.9497 24.6558
threshold=1.0000000180025095e-35 0.0069443045649677524 2.5000000000000004 0.089960396289825453 0.0012586751254275443 -0.011167725082486866 0.048800291493535049 0 10.500000000000002 1 2 3 0.072299700230360045 3.5000000000000004
decision_type=2 2 2 2 2 2 2 9 2 9 9 9 2 2
left_child=1 5 6 12 -5 13 8 -7 9 -3 -4 -6 -2 -1
right_child=3 2 10 4 11 7 -8 -9 -10 -11 -12 -13 -14 -15
leaf_value=0.0083667433452041511 0.011451341450422847 0.0040250808839312367 0.00054412534738730611 0.010797815113624631 0.0092821027802373699 -0.00059411436283371638 -0.0096735497244287982 -0.0044792780301219602 0.010712141415110649 -0.0047159434082688339 0.0099516300773163022 -0.0025441535159079309 -0.01821902976014771 -0.0079264260367313613
leaf_weight=1221.5765855461359 94.969291821122169 1893.061083316803 1161.8049749433994 3003.9096428155899 744.92743560671806 10811.137668788433 870.91687263548374 13320.569827720523 829.18945476412773 2049.804610863328 2540.8901713937521 1323.3342151641846 283.07448036968708 281.90817914903164
leaf_count=4892 380 7580 4656 12044 2986 43254 3486 53299 3322 8204 10198 5302 1133 1128
internal_value=-4.08465e-05 -0.000963002 0.00261863 0.00587232 0.00711783 -0.00226919 -0.000281459 -0.0027415 0.00143992 -0.000519876 0.00703418 0.00175752 -0.0107002 0.00529226
internal_weight=40431.1 34980.9 9345.67 5450.22 5072.17 25635.2 5642.97 24131.7 4772.06 3942.87 3702.7 2068.26 378.044 1503.48
internal_count=161864 140019 37446 21845 20332 102573 22592 96553 19106 15784 14854 8288 1513 6020
cat_boundaries=0 2 4 6 8
cat_threshold=1250068970 101961 3093776439 23736 9798024 123457 2017482773 44200
is_linear=0
shrinkage=0.05


Tree=14
num_leaves=15
num_cat=0
split_feature=28 33 26 34 33 1 26 34 1 26 25 26 33 15
split_gain=82.0962 73.052 43.3571 41.3013 38.9716 37.4215 36.8158 36.4933 32.4873 29.2092 28.7204 27.4437 26.2492 25.3583
threshold=1.0000000180025095e-35 0.0062038460746407518 1.0000000180025095e-35 0.65775698423385631 -0.017450836487114426 -0.077707648277282701 3.5000000000000004 0.2716506570577622 0.095090150833129897 4.5000000000000009 0.00032794437720440334 3.5000000000000004 -0.0037842360325157638 0.016107563860714439
decision_type=2 2 2 2 2 2 2 2 2 2 2 2 2 2
left_child=1 3 4 5 -2 11 8 -6 -3 -7 12 -1 -4 -12
right_child=2 6 10 -5 7 9 -8 -9 -10 -11 13 -13 -14 -15
leaf_value=0.0092258950618324814 0.031303572045341843 0.0019247520088127479 0.0038056168527842108 -0.038851265461415603 -0.0031827935937732083 -0.0025858215139164583 0.0084693636159646184 -0.039829423538557569 -0.01112812860349225 -0.026502286542127398 -0.0050342428902243573 -0.0090259837153456469 0.01528590032610367 0.0071591296385131002
leaf_weight=1099.4219921678305 70.812292873859406 7619.4128420799971 729.97273188829422 72.35464833676815 934.67624273896217 23224.144779458642 2144.5489654541016 68.426616713404655 503.45377811789513 123.48195511102676 600.17863124608994 248.66821251809597 1598.5853206664324 1440.4993890970945
leaf_count=4405 284 30522 2927 290 3746 92921 8605 274 2017 494 2405 995 6414 5774
internal_value=-7.06037e-06 -0.000894961 0.00570267 -0.00236495 -0.00328306 -0.00225001 0.00265004 -0.00587275 0.00110877 -0.00271817 0.00791365 0.00583455 0.011705 0.00356698
internal_weight=40478.6 35035.5 5443.15 24768.1 1073.92 24695.7 10267.4 1003.1 8122.87 23347.6 4369.24 1348.09 2328.56 2040.68
internal_count=162073 140249 21824 99105 4304 98815 41144 4020 32539 93415 17520 5400 9341 8179
is_linear=0
shrinkage=0.05


Tree=15
num_leaves=15
num_cat=5
split_feature=33 28 1 40 40 10 33 12 25 40 40 1 9 40
split_gain=68.5039 58.2188 38.048 33.3256 29.7068 26.8337 31.3754 28.8916 25.8284 25.3075 25.1911 24.3452 23.5832 23.0997
threshold=0.0069443045649677524 1.0000000180025095e-35 0.11725878715515138 0 1 -0.014481997583061455 -0.00081688800128176798 0.11779621616005899 0.0087425275705754774 2 3 0.028773069381713871 -0.019529313780367371 4
decision_type=2 2 2 9 9 2 2 2 2 9 9 2 2 9
left_child=1 3 4 -1 -2 -5 7 -7 12 11 -10 -3 -6 -9
right_child=2 9 -4 5 8 6 -8 13 10 -11 -12 -13 -14 -15
leaf_value=-0.00032747754806985356 0.0065582585315497452 0.0033433547268755652 -0.011782349365252673 0.0077559872476932858 0.012373784728836192 -0.0099173361975281628 -0.0016587369222756639 -0.0074208099567190768 0.0017391700064070788 0.0081873168938149058 -0.013894648619913809 -0.010262449533849692 0.0015119686904933303 0.0002633213268215246
leaf_weight=11975.720833584666 5044.2188985049725 1323.974132835865 402.88219144940376 468.76318183541298 566.05931174755096 3403.8766718953848 5948.9693667590618 1953.7491853684187 526.5367646664381 2015.0003285109997 488.60321323573589 431.85150636732578 4034.0593677908182 1947.879016622901
leaf_count=47918 20236 5310 1615 1878 2269 13622 23803 7820 2110 8078 1957 1729 16164 7796
internal_value=-0.00014669 -0.00140621 0.0032073 -0.00225775 0.00377958 -0.00393802 -0.00435771 -0.00655219 0.00126505 0.00439118 -0.00593111 -1.97279e-05 0.00286162 -0.00360614
internal_weight=40532.1 29469.8 11062.4 25699 10659.5 13723.2 13254.5 7305.5 5615.26 3770.83 1015.14 1755.83 4600.12 3901.63
internal_count=162305 117954 44351 102837 42736 54919 53041 29238 22500 15117 4067 7039 18433 15616
cat_boundaries=0 2 4 6 8 10
cat_threshold=1251117282 101981 3714583093 32168 2428275280 93645 538235016 32790 2959086340 28704
is_linear=0
shrinkage=0.05


Tree=16
num_leaves=15
num_cat=3
split_feature=28 26 27 5 40 37 34 26 4 40 34 26 40 36
split_gain=66.5078 36.9062 36.1856 35.8808 37.8344 27.465 41.6864 49.4758 38.628 26.7463 26.4041 29.8842 26.6663 26.3585
threshold=1.0000000180025095e-35 1.0000000180025095e-35 5.5000000000000009 0.067388791590929045 0 0.13992410898208621 0.2515543550252915 3.5000000000000004 0.17284560203552249 1 0.087557714432477965 3.5000000000000004 2 0.012860110495239498
decision_type=2 2 2 2 9 2 2 2 2 9 2 2 9 2
left_child=3 9 5 13 -5 6 -3 8 -8 -2 11 -4 -12 -1
right_child=1 2 10 4 -6 -7 7 -9 -10 -11 12 -13 -14 -15
leaf_value=0.00055156049497119368 -0.012108511450946529 0.0029734767105193231 -0.018371952346263737 -0.021835197059590257 -0.0036502982763743017 0.025097992617705192 0.01593007107208395 -0.061469608541913703 -0.033574768504192588 0.0036954674118355006 0.0062688472087145944 0.023356258333571751 0.0170839311703186 -0.0024198808383878658
leaf_weight=22309.44141626358 458.05601689219475 1487.7650986760855 143.67288315296173 369.88987603783607 1182.6435958594084 112.18954932689667 85.076890960335732 50.392590716481209 65.191082954406738 606.42883338034153 1079.5620392560959 55.470471486449242 1329.2668221741915 11207.867567017674
leaf_count=89323 1836 5964 575 1482 4738 450 341 202 261 2431 4334 222 5339 44866
internal_value=1.30149e-05 0.00513678 0.00715318 -0.000787087 -0.00820586 0.00169097 6.31993e-05 -0.021038 -0.0059041 -0.00320391 0.0109121 -0.00643688 0.0123588 -0.000442125
internal_weight=40542.9 5473.07 4408.59 35069.8 1552.53 1800.62 1688.43 200.661 150.268 1064.48 2607.97 199.143 2408.83 33517.3
internal_count=162364 21955 17688 140409 6220 7218 6768 804 602 4267 10470 797 9673 134189
cat_boundaries=0 2 4 6
cat_threshold=839377472 74304 2347659908 16529 2570261075 28231
is_linear=0
shrinkage=0.05


Tree=17
num_leaves=15
num_cat=4
split_feature=33 30 40 28 40 40 0 40 10 27 6 27 33 33
split_gain=68.3648 46.6568 51.6907 45.2266 44.0339 35.8007 30.1421 25.3218 23.5605 22.858 21.9999 21.6318 29.393 20.9507
threshold=0.003859672113321722 0.77113094925880443 0 1.0000000180025095e-35 1 2 0.0045363903045654306 3 -0.014481997583061455 9.5000000000000018 0.099575690925121321 2.5000000000000004 -0.010929068084806202 0.0014330918784253301
decision_type=2 2 9 2 9 9 2 9 2 2 2 2 2 2
left_child=3 5 -3 4 10 -2 -5 -8 -6 -7 -1 12 -10 -14
right_child=1 2 -4 6 8 9 7 -9 11 -11 -12 -13 13 -15
leaf_value=0.0014692494094966282 0.0066919515872911582 -0.01006077404179152 0.0020342570345355851 0.0071193994961372686 0.0061139407599241852 -0.00066187847553014463 -0.013310871193117814 0.0039304719337188649 -0.020010038418346539 0.0063919502152022072 -0.0072602712477058884 -0.0036954298936009351 -0.0033302438299209376 -0.016834847329507657
leaf_weight=6773.4977827221155 6062.1056980788708 1370.6469464451075 2427.8898719549179 2161.3899847716093 530.04865501821041 4320.075849801302 378.96208535134792 454.26168473064899 477.97932313382626 1558.5523129403591 802.67987656593323 11400.777978137136 1430.3098847419024 356.12444201111794
leaf_count=27103 24311 5491 9730 8673 2124 17303 1518 1820 1914 6251 3212 45623 5725 1425
internal_value=-0.000109965 0.00246616 -0.00235734 -0.00174751 -0.0025402 0.00400136 0.00400846 -0.0040497 -0.00418092 0.00120918 0.000538827 -0.00458575 -0.00904808 -0.00606464
internal_weight=40505.3 15739.3 3798.54 24766 21771.4 11940.7 2994.61 833.224 14195.2 5878.63 7576.18 13665.2 2264.41 1786.43
internal_count=162223 63086 15221 99137 87126 47865 12011 3338 56811 23554 30315 54687 9064 7150
cat_boundaries=0 2 4 6 8
cat_threshold=42691137 67279 177381392 101917 2020558902 80296 2619231048 23639
is_linear=0
shrinkage=0.05


Tree=18
num_leaves=15
num_cat=0
split_feature=28 33 34 1 26 27 26 34 21 33 8 34 34 34
split_gain=71.6886 55.6924 40.5448 40.6921 38.6632 35.4935 36.723 33.8645 32.068 34.2468 31.9646 31.8571 43.3182 24.8788
threshold=1.0000000180025095e-35 0.0062038460746407518 0.65775698423385631 -0.087925434112548814 2.5000000000000004 5.5000000000000009 1.0000000180025095e-35 0.26878099143505102 0.47564166784286505 -0.0048253790009766808 71.643764495849624 0.54255059361457836 0.42717051506042486 0.099105194211006178
decision_type=2 2 2 2 2 2 2 2 2 2 2 2 2 2
left_child=1 2 3 -1 10 13 7 -7 9 -5 -3 12 -6 -2
right_child=5 4 -4 8 11 6 -8 -9 -10 -11 -12 -13 -14 -15
leaf_value=0.0078054675277953872 -0.015201213129360045 0.00081966000950045603 -0.03893149019281103 -0.018126623088576037 0.0059654218254769006 0.0020415150121754068 0.011362687432940402 -0.034062153465109685 -0.0018897172037999959 -0.003329170413837919 -0.012583614937081173 0.034348073666196847 -0.035900044104694571 0.0023080222816191901
leaf_weight=1015.1897445172071 220.14568933844566 5648.4691765457392 69.460413753986359 638.95998413860798 4006.5373423993587 533.91192831099033 2575.5750624239445 68.854627832770348 22089.057079389691 1005.5244098752737 477.79830987751484 92.100269511342049 57.805797100067139 2044.8952183276415
leaf_count=4069 882 22622 279 2558 16086 2141 10350 276 88391 4024 1914 370 232 8200
internal_value=2.5913e-05 -0.000802138 -0.00208411 -0.00197265 0.00229104 0.00536224 0.00876652 -0.00232071 -0.00239267 -0.00911923 -0.000234279 0.00601017 0.00532538 0.000574314
internal_weight=40544.3 35100.9 24818.2 24748.7 10282.7 5443.38 3178.34 602.767 23733.5 1644.48 6126.27 4156.44 4064.34 2265.04
internal_count=162394 140545 99321 99042 41224 21849 12767 2417 94973 6582 24536 16688 16318 9082
is_linear=0
shrinkage=0.05


Tree=19
num_leaves=15
num_cat=0
split_feature=33 29 2 21 5 28 9 10 35 5 33 25 4 23
split_gain=54.5085 35.2936 29.345 24.7368 27.1068 23.6711 22.9789 21.6201 24.9249 21.3796 19.2571 18.0527 17.3306 16.7017
threshold=0.0079302261583507078 0.34066730737686163 -0.056760072708129876 0.49130138754844671 0.056237431243062026 1.0000000180025095e-35 0.002365738153457642 -0.0084437308833003027 0.60844430327415477 0.095630150288343443 -0.0053708730265498153 0.0062488431576639423 -0.56245064735412587 0.058500003069639213
decision_type=2 2 2 2 2 2 2 2 2 2 2 2 2 10
left_child=1 5 -2 6 11 7 -3 -1 -9 13 -8 -5 -6 -4
right_child=2 3 9 4 12 -7 10 8 -10 -11 -12 -13 -14 -15
leaf_value=0.0067170604570164667 0.0087660503248835429 -0.013641336657452395 0.0009224805968841576 -0.0004891085369017747 0.011585945818167335 0.0076921112499623344 -0.012953327649308528 0.0067021918289652399 -0.0016353692240092177 -0.011077598216224935 0.0038486074608079092 -0.0049548624604097207 -0.010202092657889697 0.0061686416912598938
leaf_weight=1200.1287322044373 1962.5661314874887 863.92028890550137 5212.5890529155731 15202.945966005325 94.332237154245377 1309.6912578940392 249.88062815368176 1033.6308849006891 6537.2740777283907 299.04557126760483 510.24674689769745 2654.9233079701662 1216.4908215999603 2138.0331072807312
leaf_count=4808 7879 3460 20907 60863 378 5263 1001 4136 26163 1200 2043 10628 4873 8578
internal_value=3.16508e-05 -0.000991981 0.00331877 -0.00216901 -0.0016655 0.00143517 -0.00808559 0.000496465 -0.000492737 0.00191578 -0.0017168 -0.00115451 -0.00859227 0.00245224
internal_weight=40485.7 30873.5 9612.23 20792.7 19168.7 10080.7 1624.05 8771.03 7570.9 7649.67 760.127 17857.9 1310.82 7350.62
internal_count=162180 123616 38564 83246 76742 40370 6504 35107 30299 30685 3044 71491 5251 29485
is_linear=0
shrinkage=0.05


Tree=20
num_leaves=15
num_cat=6
split_feature=33 1 23 11 40 40 40 24 10 40 21 40 40 33
split_gain=47.0893 44.8449 34.2483 34.1972 35.9687 33.8022 32.8845 30.362 29.4006 27.2908 22.8862 31.436 20.4277 19.6336
threshold=-0.00093221967108547677 0.08030343055725099 0.10501428693532945 0.044526848942041404 0 1 2 -35.353290557861321 -0.0088449711911380274 3 1.095044016838074 4 5 0.011047603096812965
decision_type=2 2 10 2 9 9 9 2 2 9 2 9 9 2
left_child=3 2 7 8 -5 -3 13 10 9 -1 11 -2 -10 -4
right_child=1 5 6 4 -6 -7 -8 -9 12 -11 -12 -13 -14 -15
leaf_value=0.0011041202584456396 0.0041898253413724367 -0.018975751384402908 0.0096741019396050544 -0.0059563247934972131 -0.00084820304413208271 -0.0024294704061028731 0.0030611985389527533 0.003971374626990736 -0.0126166738161681 0.019210926002974707 -0.0035160981587423756 -0.0016906610344698026 0.0032745790973603703 0.024887705087229397
leaf_weight=390.18510642647743 4322.9127398580313 394.42816956341267 840.20371101796627 5779.6429067254066 8544.88585922122 1307.2254724502563 2278.4847187250853 6363.2665388137102 280.42618651688099 455.23846213519573 3780.8569069504738 4761.2193536311388 628.38749098777771 286.33486238121986
leaf_count=1565 17319 1581 3367 23145 34209 5240 9132 25507 1123 1826 15150 19074 2516 1151
internal_value=-8.87418e-06 0.00137823 0.00196735 -0.00210832 -0.00291568 -0.00643746 0.00658589 0.00114772 0.00447104 0.0111545 -0.00024952 0.00111068 -0.00176784 0.0135188
internal_weight=40413.7 24334.9 22633.3 16078.8 14324.5 1701.65 3405.02 19228.3 1754.24 845.424 12865 9084.13 908.814 1126.54
internal_count=161905 97521 90700 64384 57354 6821 13650 77050 7030 3391 51543 36393 3639 4518
cat_boundaries=0 2 4 6 8 10 12
cat_threshold=2422559287 86116 310878786 98816 3378659352 6456 881127862 52320 1022343220 34400 2703827072 75160
is_linear=0
shrinkage=0.05


Tree=21
num_leaves=15
num_cat=0
split_feature=8 19 27 5 37 37 20 10 37 15 37 37 24 30
split_gain=36.3176 33.6041 22.936 24.5399 33.797 24.5007 22.6108 20.0567 19.7978 20.0293 19.7752 17.6993 19.4983 17.6143
threshold=71.643764495849624 -0.0041289329528808585 2.5000000000000004 0.018281615339219574 -0.035696158185601227 -0.12213392555713652 0.13182582706213 -0.012746539898216723 0.010659396648406984 0.027670870535075668 -0.0027349992888048287 0.084614545106887831 -33.852487564086907 0.76253134012222301
decision_type=2 2 2 2 2 2 2 2 2 2 2 2 2 2
left_child=1 7 5 11 -5 -3 8 -1 -7 -10 -9 12 -4 -6
right_child=-2 2 3 4 13 6 -8 10 9 -11 -12 -13 -14 -15
leaf_value=0.006922959952426179 -0.005969823674057532 0.015819174529048931 0.0030193886506906693 -0.010327629436385051 0.0026637387651192242 -0.0090268895770125972 0.001873684515435115 -0.0061431765122557137 0.0017299961584398766 -0.014212287744669061 -0.0007643905813763159 0.0072482336132538893 -0.0019973649174399965 -0.0027432208035959964
leaf_weight=528.77778925001621 2227.8409067392349 185.60887257754803 14238.189552932978 782.47657735645771 4031.5718939006329 1561.2600872963667 1856.4887170791626 3052.886518612504 1198.0404136627913 230.57262918353081 3882.5745955705643 2063.489952147007 2236.8642119467258 2397.5386448800564
leaf_count=2121 8926 744 57045 3136 16153 6254 7438 12228 4798 924 15551 8270 8967 9604
internal_value=0.000228426 0.000590337 0.00132028 0.00192368 -0.000550272 -0.00176537 -0.00245547 -0.00241811 -0.00514387 -0.000880133 -0.00313549 0.00288622 0.00233755 0.000646038
internal_weight=40474.2 38246.3 30782.1 25750.1 7211.59 5031.97 4846.36 7464.24 2989.87 1428.61 6935.46 18538.5 16475.1 6429.11
internal_count=162159 153233 123333 103175 28893 20158 19414 29900 11976 5722 27779 74282 66012 25757
is_linear=0
shrinkage=0.05


Tree=22
num_leaves=15
num_cat=0
split_feature=33 26 29 3 36 24 1 18 36 8 4 25 3 25
split_gain=43.0237 50.2715 41.1268 31.6016 33.8735 25.3799 24.2745 23.7374 21.6736 19.9429 18.0074 20.354 16.8601 22.7156
threshold=0.0067351164761930713 2.5000000000000004 0.47673159837722784 0.24209797382354739 -0.067819017916917787 -30.893579483032223 0.091662406921386733 0.03459486365318299 0.12359945103526117 57.749292373657234 -0.30646181106567377 0.0079058706760406511 -0.079632043838500963 0.012722365558147432
decision_type=2 2 2 2 2 2 2 2 2 2 2 2 2 2
left_child=2 6 -1 4 -3 8 10 -6 12 -7 -2 -12 -4 -14
right_child=1 3 5 -5 7 9 -8 -9 -10 -11 11 -13 13 -15
leaf_value=0.0011860421889084 0.009878306594343975 0.016965742220974155 0.0017200337693006999 0.016695903622283913 0.0063695031139417591 -0.018255277436581004 -0.010965382453873919 -0.0023121655106022863 -0.014338169500535861 0.000592661577752809 0.00155387600009909 -0.0058775012424180095 -0.0021787457221193805 -0.012555588756394133
leaf_weight=13641.777989938855 504.96304911375046 515.94634838402271 2684.1975500583649 686.29340527951717 2195.461983948946 436.85081644356251 460.15319812297821 1221.6979018896818 351.48715622723103 204.48457758128643 4629.187293201685 1145.0545962005854 11281.821945622563 548.87773102521896
leaf_count=54632 2024 2078 10747 2759 8827 1750 1846 4910 1408 819 18551 4587 45165 2198
internal_value=0.000201181 0.00281096 -0.000815913 0.00682565 0.00508309 -0.00257712 5.53787e-05 0.00326534 -0.00215422 -0.0122799 0.000871881 7.55298e-05 -0.001854 -0.0026657
internal_weight=40508.3 11358.8 29149.5 4619.4 3933.11 15507.7 6739.36 3417.16 14866.4 641.335 6279.2 5774.24 14514.9 11830.7
internal_count=162301 45582 116719 18574 15815 62087 27008 13737 59518 2569 25162 23138 58110 47363
is_linear=0
shrinkage=0.05


Tree=23
num_leaves=15
num_cat=0
split_feature=33 26 33 26 5 33 34 27 27 33 27 33 34 34
split_gain=49.9714 67.862 54.8443 53.8923 53.2857 41.8883 53.2174 45.7978 41.6628 48.1778 40.5959 43.941 39.5263 38.7916
threshold=-0.00081688800128176798 3.5000000000000004 -0.027356095612049099 2.5000000000000004 -0.04413535259664058 -0.0032093746121972795 0.22309385985136035 9.5000000000000018 8.5000000000000018 -0.011629135347902773 1.5000000000000002 0.012719633523374798 0.088262256234884276 0.16556695103645327
decision_type=2 2 2 2 2 2 2 2 2 2 2 2 2 2
left_child=1 4 -3 -2 -1 7 -7 8 9 13 11 -5 -6 -4
right_child=3 2 5 10 12 6 -8 -9 -10 -11 -12 -13 -14 -15
leaf_value=0.0073911769163605857 -0.00067447600012643719 -0.03787188875940449 -0.010840655674170726 -0.01416410906011535 -0.013133935044748258 0.0097165969239509965 -0.034674369667537154 0.0010481826464769977 -0.037612936339188885 -0.018285530758808326 0.0050822582997028833 0.013012735548638727 -0.0012342776812328214 0.017055409164932499
leaf_weight=1729.9732253998518 14572.075286284089 151.70223484933376 299.16566097736359 554.98698721826077 741.88044729828835 535.49627566337585 72.183342918753624 624.39055314660072 174.9509314596653 1013.4637443125248 8912.5591154545546 197.95910352468491 10690.208999484777 206.10477198660374
leaf_count=6937 58367 608 1199 2223 2970 2143 289 2501 701 4061 35768 796 42801 826
internal_value=-0.000192331 -0.00233831 -0.00901648 0.00124549 -0.000773661 -0.00745654 0.00419551 -0.0105157 -0.0147723 -0.0120231 0.00413946 -0.00697367 -0.00201234 0.000584245
internal_weight=40477.1 16239.5 3077.46 24237.6 13162.1 2925.76 607.68 2318.08 1693.69 1518.73 9665.51 752.946 11432.1 505.27
internal_count=162190 65036 12328 97154 52708 11720 2432 9288 6787 6086 38787 3019 45771 2025
is_linear=0
shrinkage=0.05


Tree=24
num_leaves=15
num_cat=3
split_feature=28 34 33 34 25 40 34 33 40 40 19 33 33 8
split_gain=48.0102 34.4423 32.5259 38.7342 31.037 38.0445 28.9425 55.0515 39.8676 32.291 32.0542 36.6877 25.6421 26.3054
threshold=1.0000000180025095e-35 0.089960396289825453 0.0062038460746407518 0.65775698423385631 0.0045236509758979091 0 0.26699580252170568 -0.027356095612049099 1 2 -0.00039246678352355952 -0.0031118030892685051 0.0063053260091692218 56.680040359497077
decision_type=2 2 2 2 2 9 2 2 9 9 2 2 2 2
left_child=2 -2 3 6 -3 -6 7 -1 -8 -9 -10 -12 13 -4
right_child=1 4 12 -5 5 -7 8 9 10 -11 11 -13 -14 -15
leaf_value=-0.023335386736910824 -0.010442526302912109 0.0074722314060035201 0.046766179288943638 -0.036987383831389851 0.0074868112303746338 -0.0099565641103130931 -0.0033591880356754569 0.00022579562174324656 0.0010546135794949722 -0.0036317416002555345 0.026398654907802056 0.0010858372257373046 0.0012130617568748905 0.0029225857034611471
leaf_weight=300.88969226181507 369.82062275707722 3846.8033385425806 57.91810154914856 73.163597598671913 583.36264768242836 640.2388476729393 1046.4981662780046 9516.1041969209909 534.53604476153851 12605.727138221264 411.72745582461357 219.36093351244926 10133.292823135853 77.134115934371948
leaf_count=1206 1481 15464 232 295 2342 2568 4192 38084 2141 50464 1649 878 40658 309
internal_value=-0.000176641 0.00419053 -0.000856557 -0.00183949 0.00526805 -0.00165969 -0.00172742 -0.002266 0.00372234 -0.00197399 0.0100148 0.0176857 0.00150787 0.0227592
internal_weight=40416.6 5440.23 34976.4 24708 5070.4 1223.6 24634.8 22422.7 2212.12 22121.8 1165.62 631.088 10268.3 135.052
internal_count=161963 21855 140108 98909 20374 4910 98614 89754 8860 88548 4668 2527 41199 541
cat_boundaries=0 2 4 6
cat_threshold=2020889141 58936 509841782 14752 2392031586 11865
is_linear=0
shrinkage=0.05


Tree=25
num_leaves=15
num_cat=3
split_feature=28 33 36 40 26 33 34 34 34 34 34 33 40 40
split_gain=44.7669 41.1705 33.6082 35.0919 31.8073 37.5278 29.1868 28.3671 27.9394 26.6304 42.9265 59.167 30.3815 28.7142
threshold=1.0000000180025095e-35 0.0062038460746407518 -0.021439445205032822 0 1.0000000180025095e-35 -0.017450836487114426 0.26878099143505102 0.20284884423017505 0.65775698423385631 0.25451716780662542 0.22309385985136035 -0.02138486877083778 1 2
decision_type=2 2 2 9 2 2 2 2 2 2 2 2 9 9
left_child=1 8 -3 -4 5 -2 7 -7 9 10 13 -12 -11 -1
right_child=4 2 3 -5 -6 6 -8 -9 -10 12 11 -13 -14 -15
leaf_value=0.00028248583545941027 0.031002476048517393 0.0061193401008053511 -0.0035930304030585333 0.0035729860356995833 0.0062187895379704214 -0.0075412646213358723 -0.033797309627995091 0.014309397720654871 -0.032388263799716259 -0.014019646073590181 -0.039957001802365034 -0.0069743149207515762 0.0047368962394259036 -0.0034298964975655456
leaf_weight=10267.52869604528 69.154223769903183 3465.5934301167727 3324.2657643854618 3482.9961257874966 4373.5114220380783 749.43773095309734 80.627983450889587 180.01196011900902 68.729957520961761 222.1420024484396 152.22263580560684 1040.1235872060061 2471.8872728645802 10555.237517610192
leaf_count=41092 278 13920 13324 13976 17583 3006 323 722 278 890 610 4164 9900 42259
internal_value=0.000110252 -0.000545442 0.00211503 7.26936e-05 0.00432267 -0.00334987 -0.00584783 -0.00325005 -0.00164887 -0.00155663 -0.00213107 -0.0113385 0.00313093 -0.001601
internal_weight=40503.5 35050.7 10272.9 6807.26 5452.74 1079.23 1010.08 929.45 24777.9 24709.1 22015.1 1192.35 2694.03 20822.8
internal_count=162325 140413 41220 27300 21912 4329 4051 3728 99193 98915 88125 4774 10790 83351
cat_boundaries=0 2 4 6
cat_threshold=110553930 18255 32 12320 1586735218 112208
is_linear=0
shrinkage=0.05


Tree=26
num_leaves=15
num_cat=4
split_feature=28 1 40 33 33 36 40 29 40 33 11 40 1 4
split_gain=41.9995 30.4785 38.0401 30.7997 34.6735 29.1296 22.6424 24.5249 20.6341 25.4068 20.0574 19.4476 18.2143 23.1323
threshold=1.0000000180025095e-35 0.029324293136596683 0 0.010815142653882505 0.0098274759948253649 0.10683520138263704 1 0.36749699711799627 2 0.0070738377980887899 0.48355214297771459 3 -0.024921298027038571 -0.29543781280517573
decision_type=2 2 9 2 2 2 9 2 9 2 2 9 2 2
left_child=5 3 -3 4 6 8 7 -2 -1 12 -9 -11 13 -10
right_child=1 2 -4 -5 -6 -7 -8 10 9 11 -12 -13 -14 -15
leaf_value=0.00086566242105916985 0.0085714996758019281 -0.010168702245160864 0.005843789728498046 0.016938261610009407 -0.022671664821459239 -0.0081669278895297511 0.009407817395382833 -0.011233834156017064 -0.011454645974923331 0.0051262411197530678 0.003305293907056403 -0.0015428404639097316 -0.003943505331662143 0.0017591535102858538
leaf_weight=16986.395921558142 644.53810043632984 718.88294275105 736.31323166191578 581.41648976504803 108.5315535068512 1234.553358271718 1705.4646941721439 474.35407747328281 366.16961441934109 2096.2912786900997 465.36002789437771 2256.9375996142626 8977.8775313198566 3070.0568432956934
leaf_count=68046 2595 2884 2955 2346 437 4949 6859 1904 1467 8420 1868 9051 35946 12295
internal_value=-3.32526e-06 0.00408371 -0.00210049 0.00634607 0.00451013 -0.000638816 0.00544145 0.00108626 -0.000362156 -0.00160576 -0.00404917 0.00167792 -0.00275915 0.00033502
internal_weight=40423.1 5434.86 1455.2 3979.66 3398.25 34988.3 3289.72 1584.25 33753.7 16767.3 939.714 4353.23 12414.1 3436.23
internal_count=162022 21848 5839 16009 13663 140174 13226 6367 135225 67179 3772 17471 49708 13762
cat_boundaries=0 2 4 6 8
cat_threshold=2231093702 99724 2602173021 84575 3414394930 44922 878727173 20608
is_linear=0
shrinkage=0.05


Tree=27
num_leaves=15
num_cat=5
split_feature=33 40 33 30 5 37 40 26 40 28 33 26 40 40
split_gain=43.6339 48.0245 29.7725 27.4204 26.357 30.8657 38.1654 28.4202 29.4057 27.8008 43.9817 38.9318 25.8142 25.1708
threshold=0.01127318060025573 0 0.012048664037138225 0.61167800426483165 0.067388791590929045 0.00073087093187496077 1 1.5000000000000002 2 1.0000000180025095e-35 -0.017450836487114426 1.0000000180025095e-35 3 4
decision_type=2 9 2 2 2 2 9 2 9 2 2 2 9 9
left_child=4 3 -3 -2 5 6 -1 8 -6 -7 -11 13 -13 -12
right_child=1 2 -4 -5 7 9 -8 -9 -10 10 11 12 -14 -15
leaf_value=-0.005214798279162664 0.001713981088747837 0.019113101965475606 0.0052319415532177289 -0.010982811039946104 -0.00079165675740798026 -0.00011204985778604177 0.00010081735402134769 -0.0018934272528801416 -0.027300822653525264 0.040745677218292795 -0.019388938376274513 -5.5623123530896516e-05 0.011527028687311348 0.0026376714371042645
leaf_weight=6538.3860333412886 1114.5214409083128 427.2996002137661 3760.454545468092 680.95462401211262 174.27701239287853 17203.075601935387 6970.7052523195744 693.59407179057598 282.63044089078903 80.241759940981865 238.18658262491226 771.03483681380749 1287.4037106186152 264.50160835683346
leaf_count=26207 4473 1718 15119 2730 699 68885 27926 2782 1134 324 955 3100 5179 1061
internal_value=-0.000206896 0.00373288 0.00665474 -0.00309856 -0.000890666 -0.000633208 -0.00247633 -0.00831512 -0.0179265 0.000621549 0.00539251 0.00420569 0.00725203 -0.00820737
internal_weight=40487.3 5983.23 4187.75 1795.48 34504 33353.5 13509.1 1150.5 456.907 19844.4 2641.37 2561.13 2058.44 502.688
internal_count=162292 24040 16837 7203 138252 133637 54133 4615 1833 79504 10619 10295 8279 2016
cat_boundaries=0 2 4 6 8 10
cat_threshold=43036936 99909 2523421495 31136 202912194 37098 2678227044 68099 2329977804 49371
is_linear=0
shrinkage=0.05


Tree=28
num_leaves=15
num_cat=4
split_feature=36 27 34 28 40 40 25 40 40 18 26 27 36 25
split_gain=36.6171 32.4641 31.5785 36.4592 30.5207 30.3226 28.8949 32.6861 27.2996 20.9305 19.6143 19.3372 16.4764 17.1245
threshold=0.12359945103526117 1.5000000000000002 0.089960396289825453 1.0000000180025095e-35 0 1 -0.00075692959944717575 2 3 0.03281980752944947 4.5000000000000009 8.5000000000000018 0.0017983656725846233 0.0066971089690923699
decision_type=2 2 2 2 9 9 2 9 9 2 2 2 2 2
left_child=1 5 4 10 -3 9 7 -5 12 -1 -4 -12 13 -8
right_child=-2 2 3 6 -6 -7 8 -9 -10 -11 11 -13 -14 -15
leaf_value=0.0060248064154314156 -0.0095384634126876311 0.0022859508352472803 0.00060895431689533331 0.0022841722498161527 -0.0094088238474168071 -0.0084343212808663092 0.017871868626659529 0.01509839489947257 -0.003171977440814443 -0.0064852046766654282 -0.036479445779264728 -0.00013892589703996136 0.00068199641279779793 -0.00027974007380949807
leaf_weight=866.18305118381977 955.70989102125168 911.45242542028427 29136.914933845401 884.66954340040684 1412.3684394210577 1920.3742826730013 452.23721575737 1175.2700796574354 1332.9623036384583 537.51674416661263 65.93368773162365 76.294158920645714 514.99606345593929 180.55300822854042
leaf_count=3470 3834 3649 116745 3565 5655 7698 1821 4737 5355 2155 264 306 2070 726
internal_value=0.000106191 0.000341041 0.00077624 0.001164 -0.00485526 -0.00438356 0.0053303 0.00970061 0.0016871 0.00121617 0.000516907 -0.0176863 0.00728802 0.0127233
internal_weight=40423.4 39467.7 36143.7 33819.8 2323.82 3324.07 4540.69 2059.94 2480.75 1403.7 29279.1 142.228 1147.79 632.79
internal_count=162050 158216 144893 135589 9304 13323 18274 8302 9972 5625 117315 570 4617 2547
cat_boundaries=0 2 4 6 8
cat_threshold=748626288 45600 1265797126 112196 438390813 92600 2059426225 27960
is_linear=0
shrinkage=0.05


Tree=29
num_leaves=15
num_cat=4
split_feature=1 33 40 40 34 27 37 20 40 34 34 33 40 33
split_gain=38.28 39.5256 41.5594 28.8582 27.6969 27.3687 35.4344 24.8205 33.385 24.7753 78.4851 40.1823 31.8958 28.4007
threshold=0.091662406921386733 0.01127318060025573 0 1 0.65775698423385631 2.5000000000000004 -0.17913261055946347 -0.072352308779954896 2 0.16646350175142291 0.15315801650285724 0.0079302261583507078 3 0.0044469835702329883
decision_type=2 2 9 9 2 2 2 2 9 2 2 2 9 2
left_child=1 4 -3 -2 5 6 -1 -8 -9 10 -7 13 -11 -12
right_child=3 2 -4 -5 -6 9 7 8 -10 12 11 -13 -14 -15
leaf_value=0.031255088236596992 -0.016430443143504649 -0.0037238842117074018 0.0065391771085418181 -0.0024571916210955648 -0.032822581913389964 0.00020684820415947202 -0.0080913819180999935 -0.006328433057761304 0.0038905889807933089 -0.0011063621597945448 -0.011267939633474514 0.014113455503974354 0.0050046297404232453 -0.035641564727663444
leaf_weight=66.817240834236145 584.17752012610435 1284.7554198056459 4139.2954262793064 1005.089273199439 61.105631306767464 17353.795035794377 2267.3143707513809 1587.6298307776451 1580.2978381067514 3698.3244390189648 1425.7245661467314 141.08478526771069 5027.5231625884771 127.46858140826225
leaf_count=268 2345 5155 16647 4033 248 69532 9084 6362 6333 14824 5711 567 20147 511
internal_value=-0.000157232 0.000154933 0.00411131 -0.00775046 -0.000489153 -0.000424706 -0.00364478 -0.00410306 -0.00123876 0.000213557 -0.000797001 -0.0110523 0.00241932 -0.0133794
internal_weight=40350.4 38761.1 5424.05 1589.27 33337.1 33276 5502.06 5435.24 3167.93 27773.9 19048.1 1694.28 8725.85 1553.19
internal_count=161767 155389 21802 6378 133587 133339 22047 21779 12695 111292 76321 6789 34971 6222
cat_boundaries=0 2 4 6 8
cat_threshold=1082163456 98887 312959714 99970 1502440041 26965 74652020 96544
is_linear=0
shrinkage=0.05


Tree=30
num_leaves=15
num_cat=0
split_feature=36 34 5 33 26 33 33 27 26 24 24 26 15 27
split_gain=31.5846 25.8706 23.0916 33.4804 32.0594 33.2756 32.5086 37.555 25.6216 24.695 22.7182 24.3101 19.1081 18.6009
threshold=-0.022809305228292939 0.091051366180181517 0.054782152175903327 -0.00081688800128176798 3.5000000000000004 -0.0011588088818825779 -0.0032093746121972795 9.5000000000000018 1.0000000180025095e-35 -36.281772613525384 -35.269317626953118 3.5000000000000004 0.026844579726457599 8.5000000000000018
decision_type=2 2 2 2 2 2 2 2 2 2 2 2 2 2
left_child=1 -1 3 4 5 9 7 13 -4 -2 11 -5 -8 -6
right_child=2 -3 8 10 6 -7 12 -9 -10 -11 -12 -13 -14 -15
leaf_value=-0.0063378923792498645 0.002103441230509684 0.002462219462414538 -0.01552642700251471 -0.0017212681246360139 -0.013929987939342784 -0.017072940570643277 0.0088559334436724476 0.00075637153060801677 -0.00308519557655182 -0.0034108580071365042 0.0038128934634030706 0.0043548003776242754 -0.022870436022833129 -0.034241370420482621
leaf_weight=892.10911512374878 3784.2960618585348 12085.664163932204 522.5240153670311 7908.4602306932211 1057.5270113497972 323.97044350206852 336.567322909832 447.11921437084675 1946.338890850544 4368.186233818531 4521.4691454321146 2073.4422039687634 50.190631046891212 125.57800774276257
leaf_count=3573 15156 48485 2097 31687 4243 1299 1347 1792 7810 17501 18135 8322 201 504
internal_value=-0.000177449 0.0018547 -0.001138 -0.000681583 -0.00283231 -0.00148114 -0.00849044 -0.0115765 -0.00574641 -0.000850845 0.000874596 -0.000457097 0.00448661 -0.0162251
internal_weight=40443.4 12977.8 27465.7 24996.8 10493.4 8476.45 2016.98 1630.22 2468.86 8152.48 14503.4 9981.9 386.758 1183.11
internal_count=162152 52058 110094 100187 42043 33956 8087 6539 9907 32657 58144 40009 1548 4747
is_linear=0
shrinkage=0.05


Tree=31
num_leaves=15
num_cat=0
split_feature=28 34 25 26 26 26 26 34 25 34 34 34 26 37
split_gain=33.4693 26.4867 28.0135 23.8506 23.1438 27.9822 35.1057 33.0277 27.7269 27.6831 27.7108 21.4232 20.2038 20.0382
threshold=1.0000000180025095e-35 0.087557714432477965 0.0042131897062063226 4.5000000000000009 1.0000000180025095e-35 3.5000000000000004 2.5000000000000004 0.2475826442241669 0.00082770167500711988 0.26033915579319006 0.18777368217706683 0.12332142889499666 3.5000000000000004 0.030358438380062584
decision_type=2 2 2 2 2 2 2 2 2 2 2 2 2 2
left_child=3 12 4 -1 9 6 -6 11 -8 10 -3 13 -2 -7
right_child=1 2 -4 -5 5 7 8 -9 -10 -11 -12 -13 -14 -15
leaf_value=-0.00040683893613979694 -0.016984593727165216 -0.0022121440867066714 -0.0017448554480106488 -0.019748104612945721 0.0070129918909996721 -0.025365896561244213 0.025248835599869318 -0.023399567069755666 0.0024526795231635513 -0.02451807333894794 0.024054801795782597 0.010837302533709183 0.014119017627607332 0.0066332992301689382
leaf_weight=34817.363810539246 242.05407528579235 527.42079967260361 1306.1301418542862 155.1424477994442 1572.2522760033607 90.991849228739738 589.00780843198299 118.93396124243736 174.14563390612602 103.53929969668388 118.76794424653053 439.28962433338165 61.931709006428719 96.083170726895332
leaf_count=139525 970 2117 5246 622 6331 367 2379 479 701 416 478 1774 248 389
internal_value=7.19716e-05 0.00371837 0.00457053 -0.000495593 0.00672477 0.00863957 0.0113265 0.000193917 0.0201033 -0.00114181 0.00275561 0.00483159 -0.0105057 -0.00915999
internal_weight=40413.1 5440.55 5136.56 34972.5 3830.43 3080.7 2335.41 745.299 763.153 749.728 646.189 626.365 303.986 187.075
internal_count=162042 21895 20677 140147 15431 12420 9411 3009 3080 3011 2595 2530 1218 756
is_linear=0
shrinkage=0.05


Tree=32
num_leaves=15
num_cat=0
split_feature=8 33 26 33 33 27 33 34 26 34 34 34 34 34
split_gain=31.4789 37.6395 60.2535 54.9973 44.0132 45.9556 51.2798 44.7876 39.6423 38.099 37.917 37.6469 50.8027 35.7076
threshold=72.042133331298842 -0.00093221967108547677 3.5000000000000004 -0.0023448922438547011 -0.0032093746121972795 9.5000000000000018 -0.033596089109778397 0.22309385985136035 2.5000000000000004 0.54255059361457836 0.083101671189069762 0.26033915579319006 0.158270038664341 0.20544325560331347
decision_type=2 2 2 2 2 2 2 2 2 2 2 2 2 2
left_child=1 2 3 10 5 6 -4 -6 -3 -10 -1 12 -5 -14
right_child=-2 8 4 11 7 -7 -8 -9 9 -11 -12 -13 13 -15
leaf_value=-0.01435118416265261 -0.006018591643863716 -8.8211861539629053e-05 -0.057076760219921377 -0.011865736476351557 0.010341139507036155 0.00034910616484328097 -0.013308490235725621 -0.033598882609271012 0.0038106642645173872 0.033604762719256331 0.0018350166387248686 -0.038325018848784025 0.016260376652932205 -0.01170576002427795
leaf_weight=369.748087272048 2061.8451507538557 13692.529587298632 65.40699191391468 1222.7058559805155 468.60956808924675 661.46226504445076 1686.86805960536 61.135161310434341 8989.8032726198435 103.74197791516781 10462.798231363297 92.834469959139824 336.1284481883049 167.02440397441387
leaf_count=1481 8271 54869 263 4900 1876 2651 6770 245 36115 419 41924 372 1347 669
internal_value=-7.5986e-06 0.000315928 -0.00157631 -7.57284e-05 -0.00801312 -0.0108743 -0.0151028 0.00499415 0.00161125 0.00416939 0.0012757 -0.00810934 -0.00637512 0.00694319
internal_weight=40442.6 38380.8 15594.7 12651.2 2943.48 2413.74 1752.28 529.745 22786.1 9093.55 10832.5 1818.69 1725.86 503.153
internal_count=162172 153901 62498 50693 11805 9684 7033 2121 91403 36534 43405 7288 6916 2016
is_linear=0
shrinkage=0.05


Tree=33
num_leaves=15
num_cat=6
split_feature=28 34 1 40 40 40 30 40 40 5 36 36 37 40
split_gain=33.2729 26.4759 24.74 29.4614 29.0612 20.9573 19.0346 38.4014 28.9482 18.0541 15.4286 14.2256 17.348 19.4583
threshold=1.0000000180025095e-35 0.089960396289825453 0.025708287954330448 0 1 2 0.77113094925880443 3 4 0.054782152175903327 0.0093008615076541918 -0.032233214005827897 -0.0071534395683556786 5
decision_type=2 2 2 9 9 9 2 9 9 2 2 2 2 9
left_child=6 5 4 -4 -3 -2 8 9 10 -8 -1 -6 13 -13
right_child=1 2 3 -5 11 -7 7 -9 -10 -11 -12 12 -14 -15
leaf_value=0.0025532297968931398 -0.021240613150687874 0.011892949838895765 0.0065503920779580033 -0.0072720118100090096 0.0093621549552888907 0.0021420871060875242 -0.0058140585265774739 -0.00037449615921460779 -0.001712772475149392 -0.0169005094120982 -0.0013937740130286851 0.0055032804237915298 0.0049258666164014222 -0.012543462777605728
leaf_weight=10131.082726463675 171.10864289104939 1534.2932390272617 704.5798487663269 815.58608409762383 567.13158872723579 198.31612275540829 2379.5603685230017 5618.9204958826303 13136.798963457346 433.16922269761562 3270.7619788497686 224.54354563355446 791.40191648900509 400.90201392769814
leaf_count=40600 686 6193 2832 3275 2289 795 9531 22521 52656 1740 13104 904 3190 1613
internal_value=-0.000138852 0.00350902 0.00445925 -0.000866464 0.00675975 -0.00932396 -0.000703528 -0.00277233 -4.56592e-05 -0.00752344 0.00158823 0.00269426 1.71562e-05 -0.00617591
internal_weight=40378.2 5407.86 5038.44 1520.17 3518.27 369.425 34970.3 8431.65 26538.6 2812.73 13401.8 1983.98 1416.85 625.446
internal_count=161929 21777 20296 6107 14189 1481 140152 33792 106360 11271 53704 7996 5707 2517
cat_boundaries=0 2 4 6 8 10 12
cat_threshold=1372344380 29298 1684113829 36776 1369606724 57066 40444866 74309 3461081282 107236 2172919872 73729
is_linear=0
shrinkage=0.05


Tree=34
num_leaves=15
num_cat=5
split_feature=36 40 40 35 19 25 40 5 40 21 20 27 25 40
split_gain=31.3874 29.6818 28.2269 20.5093 15.3928 15.158 24.5274 13.603 17.214 15.0807 13.3438 15.1797 19.364 15.6827
threshold=-0.0065712518990039817 0 1 0.37432666122913366 0.00141674280166626 0.014219936449080707 2 -0.012157324235886334 3 0.94812133908271801 0.3126701563596726 2.5000000000000004 -0.0097638210281729681 4
decision_type=2 9 9 2 2 2 9 2 9 2 2 2 2 9
left_child=1 3 -2 -1 7 -4 -7 -5 9 -9 11 13 -13 -3
right_child=2 10 5 4 -6 6 -8 8 -10 -11 -12 12 -14 -15
leaf_value=0.013333013550543527 -0.0031867078475934876 -0.00036207593938286848 0.00072986367292312334 0.004242608377305365 0.0050247031943870153 -0.019661232963737552 0.00037345799010648573 -0.00157037959294318 -0.0049530286559242428 0.011874072571730973 0.002801283639383363 0.0079029392553669683 -0.0017320855138655443 -0.013102797807528543
leaf_weight=500.18742360174656 10823.311091378331 446.99669453501701 11631.259032562375 1596.0141986608505 4261.2608083486557 228.60930459201336 415.96005590260029 506.49488191306591 1490.8663570433855 347.80487610399723 2159.3654171526432 578.61556929349899 4887.7884269058704 531.3717069029808
leaf_count=2006 43395 1793 46638 6401 17103 917 1670 2032 5976 1395 8669 2321 19608 2131
internal_value=-0.000121201 0.00148838 -0.00132744 0.00354422 0.00294325 0.000314395 -0.00711812 0.000687973 -0.0017329 0.00388933 -0.000594691 -0.00173552 -0.00070502 -0.00745527
internal_weight=40405.9 17306.8 23099.1 8702.63 8202.44 12275.8 644.569 3941.18 2345.17 854.3 8604.14 6444.77 5466.4 978.368
internal_count=162055 69435 92620 34913 32907 49225 2587 15804 9403 3427 34522 25853 21929 3924
cat_boundaries=0 2 4 6 8 10
cat_threshold=2399125650 4712 2537415307 16589 1082263872 102400 4538384 4640 1610623244 386
is_linear=0
shrinkage=0.05


Tree=35
num_leaves=15
num_cat=5
split_feature=27 7 40 37 40 40 28 1 26 26 40 27 10 40
split_gain=23.9271 27.8482 29.9191 28.6642 26.3328 22.7166 22.1477 23.7504 29.3022 21.2848 20.1277 24.6431 19.8101 19.2909
threshold=1.5000000000000002 0.050060078501701362 0 0.0309448316693306 1 2 1.0000000180025095e-35 0.014477491378784181 1.0000000180025095e-35 4.5000000000000009 3 5.5000000000000009 0.0036828711163252596 4
decision_type=2 2 9 2 9 9 2 2 2 2 9 2 2 9
left_child=1 3 -3 5 -5 -1 9 12 13 -2 11 -10 -8 -9
right_child=6 2 -4 4 -6 -7 7 8 10 -11 -12 -13 -14 -15
leaf_value=0.0014071396167333395 6.1912947216794603e-06 -0.0018658197921721576 -0.020092232489816356 0.017742519051037551 -0.0015152516165446923 -0.0099708612224668671 0.0047394733525089388 0.00059521134325277256 -0.016974440304584542 -0.018864010861796131 0.0072725127216832115 0.0026761799214743086 0.016893372449035698 -0.021383084137265217
leaf_weight=824.84024298191071 31968.837457001209 447.24951563775539 463.3788408190012 310.15390296280384 392.09398576617241 920.04654031991959 2597.8880599886179 174.01307058334351 236.40852418541908 145.1357785910368 892.7189749032259 466.38000430166721 382.1873596906662 233.37883464992046
leaf_count=3307 128126 1794 1858 1244 1572 3690 10484 698 949 582 3594 1877 1542 936
internal_value=3.32705e-05 -0.00400516 -0.0114448 -0.001217 0.00727779 -0.0046497 0.000399427 0.00349916 -0.000708941 -8.18583e-05 0.00235245 -0.00394444 0.00632554 -0.0125939
internal_weight=40454.7 3357.76 910.628 2447.13 702.248 1744.89 37096.9 4982.97 2002.9 32114 1595.51 702.789 2980.08 407.392
internal_count=162253 13465 3652 9813 2816 6997 148788 20080 8054 128708 6420 2826 12026 1634
cat_boundaries=0 2 4 6 8 10
cat_threshold=331739413 56468 946588078 13600 1206036519 41927 2495322318 73989 1979998696 86314
is_linear=0
shrinkage=0.05


Tree=36
num_leaves=15
num_cat=5
split_feature=28 26 27 40 36 40 37 34 27 40 40 26 1 40
split_gain=28.2129 27.8234 31.6451 29.7817 22.9257 24.4022 21.7935 33.9746 28.0362 34.697 23.3048 21.3196 19.6171 24.7354
threshold=1.0000000180025095e-35 1.0000000180025095e-35 5.5000000000000009 0 0.084514949470758452 1 0.13992410898208621 0.2515543550252915 3.5000000000000004 2 3 4.5000000000000009 0.014477491378784181 4
decision_type=2 2 2 9 2 9 2 2 2 9 9 2 2 9
left_child=4 12 6 -4 11 -6 7 8 10 -10 -3 -1 13 -2
right_child=1 2 3 -5 5 -7 -8 -9 9 -11 -12 -13 -14 -15
leaf_value=-0.00020241891804448098 -0.0094718497844692336 -0.0017166595600319188 0.0025731948734479624 0.01345806488022009 -0.00041551672661802356 -0.011018605456278271 0.02074085670198058 -0.020772954048358577 -0.018013239177557764 0.0050135390351245604 0.014621696387327188 -0.0190280674539492 -0.011885298831381844 0.010245461496779035
leaf_weight=32713.501779049635 265.22275002300739 413.81593360006809 1170.2016796320677 1397.7161565423012 1127.2082672864199 1045.7368136048317 112.72035156190395 196.64457252621651 319.65783539414406 312.85072514414787 447.00700184702873 146.09402416646481 447.73518998920918 353.70065133273602
leaf_count=131108 1066 1664 4723 5652 4521 4195 455 790 1286 1259 1799 586 1796 1423
internal_value=-9.82899e-05 0.00325086 0.0050175 0.00857671 -0.000618631 -0.00558666 -5.94771e-05 -0.00150689 0.00108762 -0.00686984 0.00694622 -0.000289152 -0.00397292 0.00179234
internal_weight=40469.8 5437.27 4370.61 2567.92 35032.5 2172.95 1802.7 1689.98 1493.33 632.509 860.823 32859.6 1066.66 618.923
internal_count=162323 21913 17628 10375 140410 8716 7253 6798 6008 2545 3463 131694 4285 2489
cat_boundaries=0 2 4 6 8 10
cat_threshold=3090350719 71239 3447986954 23832 511399948 92593 3434515178 82439 395227264 16823
is_linear=0
shrinkage=0.05


Tree=37
num_leaves=15
num_cat=1
split_feature=33 26 33 33 27 26 27 33 34 40 34 27 33 34
split_gain=26.8451 41.187 49.9416 44.7613 48.7349 36.7115 44.4416 36.6799 34.4998 33.9098 33.8542 33.5156 37.1109 39.8008
threshold=-0.00081688800128176798 3.5000000000000004 -0.0023448922438547011 -0.0032093746121972795 9.5000000000000018 2.5000000000000004 6.5000000000000009 -0.033596089109778397 0.22309385985136035 0 0.16698457300662997 8.5000000000000018 -0.012931485660374163 0.19227895885705951
decision_type=2 2 2 2 2 2 2 2 2 9 2 2 2 2
left_child=1 2 -1 4 7 -2 9 -3 -5 -7 -6 12 13 -9
right_child=5 3 -4 8 10 6 -8 11 -10 -11 -12 -13 -14 -15
leaf_value=0.0008831486105204874 -0.00061102014221874447 -0.051071085369035832 -0.0076355467930796384 0.0095957841960065821 -0.0075871544303061922 -0.0049545457726520052 0.0065938446830595011 -0.0097059038152792106 -0.02663297787150655 0.0036802352947292723 0.014846702453135144 -0.032506850376000644 -0.015078147640037835 0.020822145419529602
leaf_weight=11153.596122190356 14514.336802124977 60.420085713267326 2029.0784028917551 540.43981471657753 410.54533061385155 2053.129654660821 5061.6854641288519 273.24729813635349 69.797876313328743 2510.3550813943148 277.46948048472404 186.52775120735168 1109.8856661915779 168.24057365953922
leaf_count=44702 58179 244 8135 2164 1645 8241 20357 1098 280 10088 1113 750 4458 675
internal_value=-8.13902e-05 -0.00165035 -0.000430068 -0.00683462 -0.00980996 0.000976603 0.00337026 -0.01413 0.00526111 -0.000207452 0.00149482 -0.0127 -0.0102185 0.00201931
internal_weight=40418.8 16279.2 13182.7 3096.57 2486.34 24139.5 9625.17 1798.32 610.238 4563.48 688.015 1737.9 1551.37 441.488
internal_count=162129 65264 52837 12427 9983 96865 38686 7225 2444 18329 2758 6981 6231 1773
cat_boundaries=0 2
cat_threshold=96291024 116421
is_linear=0
shrinkage=0.05


Tree=38
num_leaves=15
num_cat=8
split_feature=36 40 40 34 28 40 27 40 40 19 23 40 40 40
split_gain=30.3055 30.9261 28.3214 21.3376 23.2755 22.7845 20.2383 19.8074 18.9247 16.6201 19.9957 28.4457 16.3682 16.0315
threshold=-0.0041954694315791121 0 1 0.091051366180181517 1.0000000180025095e-35 2 2.5000000000000004 3 4 -0.0014734566211700437 0.1422357112169266 5 6 7
decision_type=2 9 9 2 2 9 2 9 9 2 8 9 9 9
left_child=2 -2 -1 7 9 -6 8 -4 -3 10 -5 -12 -8 -11
right_child=1 6 3 4 5 -7 12 -9 -10 13 11 -13 -14 -15
leaf_value=-0.0023043262119061439 -0.0054815251142581742 0.0027147489884332449 0.0029237278701236837 -0.0023628998052928132 0.0014291225561536363 0.013160745549538989 0.0040276520615725956 -0.011069388249001159 -0.0063995077876241565 0.0063568175614822954 -0.0043533732943748377 0.02105244140872831 -0.00043242457645138786 0.0017275969705310167
leaf_weight=3888.2540456950665 3664.4310871958733 747.16498476266861 470.87045210599899 2787.6747450679541 712.48403698205948 1020.1527510583401 2416.4395594745874 522.65869355201721 2314.4435546845198 2953.5022895634174 204.54320880770683 218.55728580057621 13344.551337882876 5153.1754605770111
leaf_count=15609 14691 2998 1886 11171 2876 4123 9692 2094 9282 11841 820 876 53521 20662
internal_value=-6.63541e-05 -0.00128895 0.00146647 0.00251114 0.00305124 0.00844138 -0.000468064 -0.00453267 -0.00418482 0.00222223 -0.000820211 0.00924128 0.000254408 0.00342762
internal_weight=40418.9 22487 17931.9 14043.6 13050.1 1732.64 18822.6 993.529 3061.61 11317.5 3210.78 423.1 15761 8106.68
internal_count=162142 90184 71958 56349 52369 6999 75493 3980 12280 45370 12867 1696 63213 32503
cat_boundaries=0 2 4 6 8 10 12 14 16
cat_threshold=2184266240 65 541069356 19458 2333215360 33377 2359025938 4612 17043460 7828 52365584 4552 1140850728 3088 2340521984 617
is_linear=0
shrinkage=0.05


Tree=39
num_leaves=15
num_cat=3
split_feature=33 40 26 40 5 24 33 24 8 10 37 5 10 40
split_gain=30.2813 34.0106 30.7106 24.8715 24.4948 22.6466 22.1814 21.8876 25.9279 23.9822 23.2985 21.5974 21.1462 20.8583
threshold=0.003859672113321722 0 2.5000000000000004 1 0.095630150288343443 -36.850379943847649 0.0031052910489961509 -33.655921936035149 47.730764389038093 -0.0053143384866416446 -0.0027349992888048287 -0.011155855841934679 0.0060323649086058148 2
decision_type=2 9 2 9 2 2 2 2 2 2 2 2 2 9
left_child=3 -2 4 11 5 -3 7 9 -9 13 -11 -1 -8 -5
right_child=1 2 -4 6 -6 -7 12 8 -10 10 -12 -13 -14 -15
leaf_value=0.0052596292642111712 -0.001425577171561223 -0.0034311488830915549 0.0067602341935427595 0.0076392349312663756 -0.016238871446944893 0.003651739756501383 -0.0053733864370192203 -0.012120621439503432 -0.0016991558138569633 -0.0052253710515343249 -0.00041451066899374721 -0.00063977942899465224 -0.022440511313300535 -0.00069047491802616437
leaf_weight=2334.0353484600782 5767.3214575648308 1556.6653933674097 4031.2109140753746 1317.4870331436396 192.21878024935722 4063.5205739736557 817.60428743064404 1030.0504509359598 1417.4158167093992 3817.4847050756216 7377.3096583932638 4601.0933898240328 230.7854183614254 1723.0017401278019
leaf_count=9356 23140 6241 16253 5284 774 16300 3275 4133 5686 15303 29570 18434 925 6909
internal_value=-0.00010089 0.00162199 0.00340585 -0.00119159 0.0010806 0.00168774 -0.00218377 -0.00173973 -0.00610298 -0.000987327 -0.00205709 0.00134538 -0.00922386 0.0029467
internal_weight=40277.2 15610.9 9843.62 24666.3 5812.4 5620.19 17731.1 16682.7 2447.47 14235.3 11194.8 6935.13 1048.39 3040.49
internal_count=161583 62708 39568 98875 23315 22541 71085 66885 9819 57066 44873 27790 4200 12193
cat_boundaries=0 2 4 6
cat_threshold=244392904 98885 176194010 33348 1684079141 12314
is_linear=0
shrinkage=0.05


Tree=40
num_leaves=15
num_cat=4
split_feature=36 40 40 29 21 33 19 40 4 0 19 33 40 5
split_gain=24.6111 31.2979 30.1109 21.8257 19.9415 18.1807 17.9926 20.36 17.8159 20.5583 16.8451 16.2882 17.5522 15.2422
threshold=-0.0077500501647591582 0 1 0.40862709283828741 0.58171048760414135 0.010183056816458704 -0.0012770593166351316 2 0.49881887435913091 0.0068573951721191415 -0.0039964020252227775 0.0076480531133711347 3 0.049940528348088271
decision_type=2 9 9 2 2 2 2 9 2 2 2 2 9 2
left_child=2 13 5 -3 11 -1 7 -6 10 -10 -5 12 -4 -2
right_child=1 3 4 8 6 -7 -8 -9 9 -11 -12 -13 -14 -15
leaf_value=-0.0032098816923321195 0.0019286027667132573 0.00011393892220850709 0.0002816371219435882 -0.0099897982924427656 0.0068195128210741087 0.0048873567500858266 0.0049628039509080346 -0.0022520355239487289 -0.0070667442102174934 0.0076539918627781438 -0.0037852891082389554 0.0064809088242699826 -0.011720846233310732 -0.0039098796095578788
leaf_weight=3964.6572161465883 8709.2477100938559 4969.9848027229309 681.21408334374428 1332.3396140635014 855.40836255252361 834.86462773382664 7591.1950975656509 2122.2877137213945 372.82431028783321 632.1794455498457 6140.7183994054794 394.95539389550686 539.75341908633709 1277.1741154640913
leaf_count=15903 34927 19935 2731 5344 3431 3365 30474 8513 1495 2537 24627 1591 2164 5129
internal_value=0.000109179 -0.00094098 0.0015583 -0.00251423 0.00287807 -0.00179299 0.0036714 0.000374665 -0.00405763 0.00218017 -0.00489807 -0.00228513 -0.0051397 0.00117865
internal_weight=40418.8 23434.5 16984.3 13448 12184.8 4799.52 10568.9 2977.7 8478.06 1005 7473.06 1615.92 1220.97 9986.42
internal_count=162166 93994 68172 53938 48904 19268 42418 11944 34003 4032 29971 6486 4895 40056
cat_boundaries=0 2 4 6 8
cat_threshold=1757581416 12090 538980516 19714 104874522 4612 2340653314 737
is_linear=0
shrinkage=0.05


Tree=41
num_leaves=15
num_cat=4
split_feature=36 34 25 40 30 0 40 17 19 27 40 17 34 40
split_gain=25.992 24.8358 22.6376 35.5065 20.5684 21.0661 19.4701 19.0713 17.5698 16.6478 23.7368 27.0913 23.1039 26.4888
threshold=0.12359945103526117 0.091051366180181517 0.0087425275705754774 0 0.48957881331443792 -0.001975774765014648 1 0.056588165462017066 0.011089622974395754 1.5000000000000002 2 0.032332271337509162 0.28794710338115698 3
decision_type=2 2 2 9 2 2 9 2 2 2 9 2 2 9
left_child=1 6 7 -4 5 -5 -1 9 -9 10 11 -3 -11 -14
right_child=-2 2 3 4 -6 -7 -8 8 -10 12 -12 -13 13 -15
leaf_value=9.6548070746664655e-05 -0.0082999112588094722 0.0048822597384122514 0.0029265882600526287 0.021390637181045082 -0.010710355340083263 -0.0036308294788607136 -0.0080549696769899974 -0.017042312468668473 0.0045308598096580905 0.00099981686436643514 -0.0074984850589607998 -0.018175628363893085 0.00027016899390812035 0.011177871038087969
leaf_weight=1374.0323396325111 927.39680597186089 1083.1622658669949 1488.4633932858706 88.211446866393089 1424.3550525456667 856.62493288516998 1562.838370680809 270.87611110508442 140.29967401921749 27451.095288082957 1296.2276129126549 139.28386080265045 1025.3925235420465 1222.8133432418108
leaf_count=5505 3726 4344 5978 354 5715 3439 6264 1089 565 110137 5201 559 4117 4910
internal_value=-4.868e-05 0.000146322 0.000502705 -0.00311662 -0.00689687 -0.00118922 -0.0042729 0.000931173 -0.00970319 0.00106853 -0.00282999 0.00216999 0.00139974 0.0062676
internal_weight=40351.1 39423.7 36486.8 3857.65 2369.19 944.836 2936.87 32629.2 411.176 32218 2518.67 1222.45 29699.3 2248.21
internal_count=161903 158177 146408 15486 9508 3793 11769 130922 1654 129268 10104 4903 119164 9027
cat_boundaries=0 2 4 6 8
cat_threshold=426774588 51508 752464249 107028 736282919 44102 513866096 58020
is_linear=0
shrinkage=0.05


Tree=42
num_leaves=15
num_cat=2
split_feature=1 40 34 34 26 27 33 40 26 27 9 34 26 34
split_gain=21.7773 30.0659 22.1871 60.8928 40.3345 37.163 28.2713 31.2956 28.233 34.4924 27.8538 27.7878 29.7071 26.1847
threshold=0.095090150833129897 0 0.16453924775123599 0.15918332338333133 3.5000000000000004 10.500000000000002 -0.00081688800128176798 1 1.5000000000000002 3.5000000000000004 -0.021546531468629834 0.13325186073780063 1.5000000000000002 0.17864046245813373
decision_type=2 9 2 2 2 2 2 9 2 2 2 2 2 2
left_child=2 -2 3 6 5 8 7 11 -5 -10 -9 -1 -13 -4
right_child=1 -3 13 4 -6 -7 -8 10 9 -11 -12 12 -14 -15
leaf_value=0.0036744423518639785 -0.013914705048526927 0.00060565668979442762 0.0073717464391798966 0.0083095766672431313 -0.033873116303893828 -0.031404328884795184 0.0012454309872288497 0.0072387283276996901 0.0086308096998823185 -0.024288458016684191 -0.0063954743238737654 0.0036857397901862449 -0.0098656970516385889 0.0010194824349485619
leaf_weight=2840.4185771197081 637.43291422724724 790.20026548206806 1859.4992980360985 300.67612019181252 181.77437306940556 133.02596823871136 14500.953943818808 406.49855002760887 120.35555459558964 217.47888804972172 4228.3806836009026 671.13031473755836 1003.1726707369089 12535.743088766932
leaf_count=11384 2564 3176 7463 1205 730 533 58180 1630 483 872 16957 2689 4022 50326
internal_value=6.12748e-05 -0.00599298 0.00028377 -0.00062829 -0.0129843 -0.00786997 -0.000127393 -0.00230318 -0.00275319 -0.0125914 -0.00518094 0.000662522 -0.00443594 0.00184266
internal_weight=40426.7 1427.63 38999.1 24603.9 953.311 771.537 23650.6 9149.6 638.511 337.834 4634.88 4514.72 1674.3 14395.2
internal_count=162214 5740 156474 98685 3823 3093 94862 36682 2560 1355 18587 18095 6711 57789
cat_boundaries=0 2 4
cat_threshold=982499942 71554 1285275954 110405
is_linear=0
shrinkage=0.05


Tree=43
num_leaves=15
num_cat=4
split_feature=36 40 25 40 34 40 28 33 40 33 29 7 34 3
split_gain=25.6132 29.5954 22.2909 20.7377 14.6885 20.2989 13.7431 17.2842 14.814 13.8798 13.092 14.9324 12.5588 17.929
threshold=0.0041325541678816089 0 0.0030071196379140024 1 0.16453924775123599 2 1.0000000180025095e-35 0.011513045057654383 3 0.0053764432668685922 0.40582770109176641 -0.047242546454071992 0.28794710338115698 0.029698133468627933
decision_type=2 9 2 9 2 9 2 2 9 2 2 2 2 2
left_child=3 2 12 -1 -4 -6 -5 8 9 10 -8 -12 -2 -14
right_child=1 -3 4 6 5 -7 7 -9 -10 -11 11 -13 13 -15
leaf_value=0.0027284862359609422 -0.0029353079764409722 0.00023100959051328227 -0.011800380106244937 -0.0008853396236674036 0.0090499688429875932 -0.0075147604107816653 0.0092063376761150322 0.014614441175436402 0.006794891217641561 -0.012663984737504906 -0.024216557465532557 0.00023042988758637702 0.014465966136662815 -0.0065253144131890237
leaf_weight=9600.3686727434397 4493.2655245214701 9287.7631404995918 1244.1206353604794 12374.447859793901 230.09767580032349 755.89445587992668 278.34339788556099 298.45958524942398 729.92495937645435 248.75609461963177 74.942653238773346 283.45030328631401 249.38397870957851 165.28677701950073
leaf_count=38535 18019 37265 4989 49615 924 3032 1123 1211 2950 1004 301 1139 1001 663
internal_value=-0.00011145 -0.00163115 -0.00404794 0.000933405 -0.00819424 -0.00360241 -0.000274616 0.00366209 0.00159663 -0.00274236 0.0011517 -0.00513072 -0.00216471 0.00610892
internal_weight=40314.5 16425.8 7138.05 23888.7 2230.11 985.992 14288.3 1913.88 1615.42 885.492 636.736 358.393 4907.94 414.671
internal_count=161771 65893 28628 95878 8945 3956 57343 7728 6517 3567 2563 1440 19683 1664
cat_boundaries=0 2 4 6 8
cat_threshold=2249941526 33223 2196490754 37228 2148007952 388 420483148 92163
is_linear=0
shrinkage=0.05


Tree=44
num_leaves=15
num_cat=0
split_feature=37 2 6 34 30 27 14 26 32 23 11 21 23 12
split_gain=23.5931 28.4966 23.7763 23.5676 22.6897 14.5514 15.1645 14.4138 17.0492 14.1181 13.7098 13.3662 16.7989 17.4412
threshold=-0.0027349992888048287 -0.042661905288696282 0.10746198892593385 0.32025340199470526 0.63859337568283092 5.5000000000000009 0.035980142652988441 1.0000000180025095e-35 0.83503401279449474 0.10501428693532945 0.88969257473945629 0.69453379511833202 -0.034076185896992676 0.20126613974571231
decision_type=2 2 2 2 2 2 2 2 2 10 2 2 8 2
left_child=1 11 9 4 -4 6 -3 8 -6 -2 -5 -1 13 -13
right_child=2 5 3 10 7 -7 -8 -9 -10 -11 -12 12 -14 -15
leaf_value=-0.0032775528218170324 0.0011382837310834417 -0.0059382089841882174 -0.011360441598617092 0.017141040986612465 -0.0031239203065336297 -0.0019966909314226402 -0.024017119974748292 -0.00015084332026562319 -0.019368020007264123 0.004821178555918279 -0.0028059573892387224 0.0015277419306120564 0.0033482672040160751 -0.0074383329138170487
leaf_weight=1930.352786809206 17045.393540397286 2724.687674254179 691.62019428610802 235.90333861112595 602.91538479924202 3819.1816297769547 117.11625102162361 3357.6798970252275 217.49336941540241 3069.0886223316193 131.53436946868896 1374.4458510130644 4157.1196817308664 888.84748028218746
leaf_count=7749 68381 10926 2777 948 2418 15321 470 13480 875 12323 529 5514 16693 3571
internal_value=-9.93405e-06 -0.00158068 0.000920101 -0.00207897 -0.00300418 -0.00401862 -0.00672591 -0.0016078 -0.00752759 0.00170153 0.0100452 0.000364583 0.0014621 -0.00199987
internal_weight=40363.4 15011.8 25351.6 5237.15 4869.71 6660.99 2841.8 4178.09 820.409 20114.5 367.438 8350.77 6420.41 2263.29
internal_count=161975 60244 101731 21027 19550 26717 11396 16773 3293 80704 1477 33527 25778 9085
is_linear=0
shrinkage=0.05


Tree=45
num_leaves=15
num_cat=3
split_feature=33 40 34 1 33 26 25 40 2 25 40 34 34 27
split_gain=18.0221 39.5563 22.3081 22.2587 25.7039 48.5972 25.2092 21.398 19.8436 18.5173 26.0462 22.231 59.9022 52.1904
threshold=0.01127318060025573 0 0.65775698423385631 -0.14700436592102048 -0.027356095612049099 3.5000000000000004 -0.0075078532099723807 1 -0.090641498565673814 0.0089551256969571131 2 0.11915557086467744 0.13083877414464953 11.500000000000002
decision_type=2 9 2 2 2 2 2 9 2 2 9 2 2 2
left_child=2 -2 3 -1 5 6 7 -5 -8 11 -11 -6 13 -13
right_child=1 -3 -4 4 9 -7 8 -9 -10 10 -12 12 -14 -15
leaf_value=0.014370711360743978 0.0067636271561864157 -0.0013862495802740816 -0.027655219347978616 0.020323107353972011 -0.0018591744170402475 -0.03628592375714939 -0.029791475230637583 -0.0055595494274383673 -0.0027620728178176478 0.0016075372360208743 -0.0086378411226940132 0.0053633387333850225 -0.00011439187757931009 0.028651368322244776
leaf_weight=251.11770693957806 2901.6793790608644 3035.3893608152866 69.773035600781441 133.98680584132671 9784.3834133148193 134.54876556992531 112.46541514992714 163.97980104386806 164.75245699286461 1068.7394143640995 1457.9656585305929 3017.946152344346 17942.000945910811 257.11144515872002
leaf_count=1010 11695 12206 285 538 39230 544 451 658 661 4288 5848 12098 71968 1031
internal_value=6.37265e-05 0.00260746 -0.000373448 -0.000314109 -0.000424044 -0.00980669 -0.00334464 0.00669324 -0.014079 -0.000223848 -0.00433545 0.000111744 0.0010211 0.007234
internal_weight=40495.8 5937.07 34558.8 34489 34237.9 709.733 575.184 297.967 277.218 33528.1 2526.71 31001.4 21217.1 3275.06
internal_count=162511 23901 138610 138325 137315 2852 2308 1196 1112 134463 10136 124327 85097 13129
cat_boundaries=0 2 4 6
cat_threshold=342581373 31160 1357308608 45712 1363677372 48294
is_linear=0
shrinkage=0.05


Tree=46
num_leaves=15
num_cat=4
split_feature=5 40 39 33 21 40 34 40 34 1 34 40 34 33
split_gain=20.5687 32.1806 19.2571 19.0446 34.7576 30.8608 27.866 30.9045 27.7293 25.7268 23.1336 22.9628 21.7496 38.0707
threshold=0.056237431243062026 0 -0.44727589190006251 -0.00093221967108547677 0.61328241229057323 1 0.091051366180181517 2 0.65775698423385631 -0.14700436592102048 0.096043199300766005 3 0.56372356414794933 0.031316934153437621
decision_type=2 9 2 2 2 9 2 9 2 2 2 9 2 2
left_child=3 -2 -3 4 5 -1 7 -6 9 -8 11 -11 13 -5
right_child=1 2 -4 12 6 -7 8 -9 -10 10 -12 -13 -14 -15
leaf_value=-0.011005081557183695 0.0010644383603913038 0.010446643929522411 -0.011718650007286288 0.0012929338790154869 0.0016213712540707648 -8.367223008203484e-05 0.018906507896940785 -0.01636312195752963 -0.033252608427761073 -0.0075048746525929431 0.00016694225089070351 0.022693374486841018 0.018327165384800299 -0.017678331039825149
leaf_weight=1488.2840630710125 1385.732387945056 102.63619066774845 1196.8399798125029 21732.012889638543 439.67252360284328 1147.6455296576023 188.53223712742329 510.28761075437069 54.993597880005836 83.813676685094833 11377.821688130498 203.58066146075726 179.00517515838146 262.68974797427654
leaf_count=5973 5568 413 4813 87233 1763 4602 759 2048 225 336 45621 816 722 1057
internal_value=-3.5435e-05 -0.00425934 -0.00985526 0.000266061 -0.00107848 -0.0063031 -5.05723e-06 -0.00822354 0.000653287 0.000824964 0.000524328 0.0144112 0.00120586 0.00106216
internal_weight=40353.5 2685.21 1299.48 37668.3 15494.6 2635.93 12858.7 949.96 11908.7 11853.7 11665.2 287.394 22173.7 21994.7
internal_count=161949 10794 5226 151155 62143 10575 51568 3811 47757 47532 46773 1152 89012 88290
cat_boundaries=0 2 4 6 8
cat_threshold=1294471428 63802 3732427572 84276 2901967218 110224 579287050 672
is_linear=0
shrinkage=0.05


Tree=47
num_leaves=15
num_cat=4
split_feature=27 40 29 40 37 40 37 4 4 40 7 37 7 20
split_gain=22.4224 29.1832 26.4438 39.7761 25.6921 20.6857 19.3769 17.6734 17.1326 20.9115 16.9142 23.0322 16.4495 15.5523
threshold=1.5000000000000002 0 0.79478609561920177 1 -0.079009000211954103 2 -0.04165788181126117 0.29378867149353033 0.8506370782852174 3 0.036477081477642066 0.034279368817806251 0.0080437832511961477 0.19911354035139087
decision_type=2 9 2 9 2 9 2 2 2 9 2 2 2 2
left_child=1 10 5 7 -3 -2 -6 -4 9 13 11 -1 -8 -5
right_child=2 4 3 8 6 -7 12 -9 -10 -11 -12 -13 -14 -15
leaf_value=0.00072048521572595011 -0.0010240526072643596 0.011619779353643136 -0.00051585552267877175 -0.017909722958330061 -0.025047331620104991 0.0018008356903795302 -0.0010925624101620279 0.0077298490356599 0.010759439669648358 -0.0037506907137015767 -0.0057076108585154099 0.018944385184765752 -0.012089800521101556 -0.0058741689698272505
leaf_weight=733.03821942210197 9801.5045835375786 142.72384342551231 1826.1637868434191 518.69534628093243 190.23993888497353 19064.327083557844 529.57532146573067 1002.4831114262342 163.8741397857666 4074.5140603631735 585.30640099942684 222.52270646393299 955.81588073074818 569.2108837813139
leaf_count=2941 39343 573 7328 2081 764 76519 2125 4024 658 16348 2349 893 3836 2285
internal_value=-0.000223737 -0.00413203 0.000131272 -0.00238184 -0.00838836 0.000841719 -0.010175 0.00240469 -0.00491992 -0.00543806 0.0009466 0.00504603 -0.00818921 -0.0115669
internal_weight=40380 3359.22 37020.8 8154.94 1818.35 28865.8 1675.63 2828.65 5326.29 5162.42 1540.87 955.561 1485.39 1087.91
internal_count=162067 13481 148586 32724 7298 115862 6725 11352 21372 20714 6183 3834 5961 4366
cat_boundaries=0 2 4 6 8
cat_threshold=325224479 48486 1487409176 51769 283386389 83729 570442016 12288
is_linear=0
shrinkage=0.05


Tree=48
num_leaves=15
num_cat=0
split_feature=28 1 4 25 33 37 21 33 33 33 37 27 33 33
split_gain=20.7041 21.0778 25.3293 21.9907 18.5337 29.1352 16.1178 16.0416 15.8353 21.5013 25.095 20.6571 25.6308 34.3793
threshold=1.0000000180025095e-35 -0.0029516220092773433 0.36342883110046392 -0.0019344257307238875 0.012719633523374798 -0.038614379242062562 0.71537142992019664 -0.017450836487114426 0.0062038460746407518 0.0063053260091692218 0.075681518763303771 10.500000000000002 0.013758925255388023 0.0070738377980887899
decision_type=2 2 2 2 2 2 2 2 2 2 2 2 2 2
left_child=8 4 3 -3 5 6 -2 -7 -1 10 -10 -11 13 -13
right_child=1 2 -4 -5 -6 7 -8 -9 9 11 -12 12 -14 -15
leaf_value=-0.0010720629724116479 -0.01957427998335012 0.0052647810465021178 0.0080205913073216895 -0.0052805554513729591 0.019512373046467881 0.03394625374575367 0.00014423087503742839 0.0077483612185842475 0.037628125735582052 -5.257200756295685e-05 -0.005033966817862748 -0.00805877620077247 -0.0021145984297347869 0.014395715276446975
leaf_weight=24685.925432175398 128.63260589540005 689.72559463977814 796.60336004197598 1709.5892510563135 244.81816066801548 56.851876810193062 459.12207840383053 1344.5881915390491 80.733083441853523 8321.2339769750834 55.560844764113426 204.41547736525536 640.85353915393353 936.67300240695477
leaf_count=98917 518 2785 3212 6884 997 232 1852 5434 324 33418 223 821 2584 3775
internal_value=6.02386e-05 0.00293111 0.000322697 -0.00224239 0.00665135 0.00502103 -0.00429152 0.00893158 -0.000386315 0.00126616 0.0206386 0.000994242 0.00587188 0.0103512
internal_weight=40355.3 5429.93 3195.92 2399.31 2234.01 1989.19 587.755 1401.44 34925.4 10239.5 136.294 10103.2 1781.94 1141.09
internal_count=161976 21914 12881 9669 9033 8036 2370 5666 140062 41145 547 40598 7180 4596
is_linear=0
shrinkage=0.05


Tree=49
num_leaves=15
num_cat=6
split_feature=28 34 40 27 40 8 40 4 40 29 40 40 19 35
split_gain=23.4615 24.7731 21.5952 20.8079 22.3967 17.2258 19.0602 16.0684 23.4942 18.7424 18.3612 15.9008 19.3489 16.0373
threshold=1.0000000180025095e-35 0.087557714432477965 0 5.5000000000000009 1 71.643764495849624 2 0.25251030921936041 3 0.14946808665990832 4 5 -0.0067169368267059317 0.36356619000434881
decision_type=2 2 9 2 9 2 9 2 9 2 9 9 2 2
left_child=5 2 -2 4 -3 11 -7 8 9 -5 -9 12 -1 -14
right_child=1 3 -4 7 -6 6 -8 10 -10 -11 -12 -13 13 -15
leaf_value=-0.0037531576771125904 0.006800094743032766 -0.0061060961954364657 -0.020094257993142586 0.01526920477644801 0.0041795958617585312 0.001815059818100914 -0.0086539264660257572 -0.00042953954147302776 0.0086138411619940611 -0.0057475788543788816 0.014850241104313404 -0.0012666285046845681 0.0099162356448585006 0.0013076547053078619
leaf_weight=1861.2952850162983 109.93983064591885 875.66620889306068 194.47207774221897 119.47994838654995 1289.2427231669426 648.0169837474823 1296.5978942960501 264.25211355090141 1026.6702595055103 713.54133765399456 823.02618303894997 19719.372978374362 564.70953162014484 10910.479149594903
leaf_count=7463 441 3523 781 486 5195 2602 5209 1069 4155 2884 3333 79082 2264 43747
internal_value=-0.00016063 0.00289999 -0.0108418 0.00372908 3.55496e-06 -0.000634747 -0.00520208 0.00645961 0.00361648 -0.00262277 0.0112791 -0.000365162 0.000967574 0.00173586
internal_weight=40416.8 5416.29 304.412 5111.88 2164.91 35000.5 1944.61 2946.97 1859.69 833.021 1087.28 33055.9 13336.5 11475.2
internal_count=162234 21867 1222 20645 8718 140367 7811 11927 7525 3370 4402 132556 53474 46011
cat_boundaries=0 2 4 6 8 10 12
cat_threshold=2186871257 47140 2327349380 116759 2483038496 39218 3073069110 3814 67469385 123914 2326431942 5464
is_linear=0
shrinkage=0.05


Tree=50
num_leaves=15
num_cat=4
split_feature=1 37 40 2 40 40 29 24 39 12 33 21 40 27
split_gain=22.1749 22.59 28.8881 26.1085 23.5325 22.5841 17.8002 18.8953 16.5852 15.5215 15.2903 17.58 23.7895 16.3702
threshold=0.091662406921386733 -0.0027349992888048287 0 -0.046039342880249016 1 2 0.34066730737686163 -32.523717880249016 -0.32249417901039118 0.053663494065403945 0.0080699631944298762 0.69453379511833202 3 7.5000000000000009
decision_type=2 2 9 2 9 9 2 2 2 2 2 2 9 2
left_child=1 2 6 10 -3 -2 -1 -8 -7 -6 11 12 -4 -12
right_child=5 4 3 -5 9 8 7 -9 -10 -11 13 -13 -14 -15
leaf_value=-0.0002460540110567227 -2.3885731039470497e-05 0.0032612186379312978 -0.012748584792876742 -0.0022268949736010536 0.0060440439283074004 0.0022843337774489255 -0.0042243897684605229 -0.013374783123890167 -0.015984715477350826 -0.00039353416808078872 0.0035569928825280369 0.0036141674623780457 0.0050045599114268337 0.01654388601239427
leaf_weight=2267.3640442341566 843.1626327931881 9180.6330395638943 415.89633721113205 4009.6031834930182 999.22134546935558 155.49838152527809 3317.1564171165228 678.49611301720142 582.53631749749184 13842.017486289144 620.87149105966091 2677.5702740103006 326.48665900528431 398.66721734404564
leaf_count=9109 3390 36859 1668 16080 4009 626 13318 2727 2348 55547 2498 10742 1309 1609
internal_value=9.16226e-05 0.000328989 -0.00121352 0.000694732 0.00127396 -0.00570261 -0.00378222 -0.00579423 -0.0119782 4.14158e-05 0.00333567 0.00172584 -0.00505675 0.00869605
internal_weight=40315.2 38734 14712.1 8449.1 24021.9 1581.2 6263.02 3995.65 738.035 14841.2 4439.49 3419.95 742.383 1019.54
internal_count=161839 155475 59060 33906 96415 6364 25154 16045 2974 59556 17826 13719 2977 4107
cat_boundaries=0 2 4 6 8
cat_threshold=4110965566 20768 3573696828 6960 1697659157 56625 38010945 69151
is_linear=0
shrinkage=0.05


Tree=51
num_leaves=15
num_cat=6
split_feature=27 37 15 40 40 1 40 40 19 37 31 40 34 40
split_gain=16.7272 36.8491 27.127 25.388 19.8599 17.1918 28.3499 25.2933 25.4461 19.602 16.812 22.7997 16.1536 15.1344
threshold=2.5000000000000004 -0.086109705269336687 0.032505242154002197 0 1 0.024738073348999027 2 3 -0.0045787096023559562 0.054905416443943984 0.51471862196922313 4 0.19227895885705951 5
decision_type=2 2 2 9 9 2 9 9 2 2 2 9 2 9
left_child=1 3 4 -1 -3 7 10 9 -9 -2 11 -7 13 -12
right_child=5 2 -4 -5 -6 6 -8 8 -10 -11 12 -13 -14 -15
leaf_value=-0.001349589445879423 -0.0026083102456433225 -0.0075354460297436133 -0.015093089367148246 0.019427638896659116 -0.00077903623108996074 0.012562177831033951 -0.0037646540628705726 -0.0019356086117095742 0.0031818947763413287 0.0030785244000242776 0.00098355080540107128 0.00067396608913508768 0.0048261641351885652 -0.0080079509056598178
leaf_weight=286.0681873857975 6236.5779966711998 1494.6360852867365 473.1284354776144 291.33326578140259 3933.3329316228628 666.40331511199474 5705.1423099040985 3003.0316696614027 12618.313580974936 1995.8645054996014 945.59494805335999 1007.9921067506075 851.60071195662022 910.06320351362228
leaf_count=1149 25044 5998 1901 1170 15788 2675 22896 12050 50658 8015 3797 4045 3423 3653
internal_value=-0.000161132 -0.00248833 -0.00367046 0.00951236 -0.00266092 0.000283232 -0.00144662 0.00101507 0.00219608 -0.00122647 0.00157629 0.00551054 -0.000854996 -0.00347085
internal_weight=40419.1 6478.5 5901.1 577.401 5427.97 33940.6 10086.8 23853.8 15621.3 8232.44 4381.65 1674.4 2707.26 1855.66
internal_count=162262 26006 23687 2319 21786 136256 40489 95767 62708 33059 17593 6720 10873 7450
cat_boundaries=0 2 4 6 8 10 12
cat_threshold=1880156777 81568 77337280 65809 1495814572 48176 2434814740 20598 285212708 34864 18878496 13360
is_linear=0
shrinkage=0.05


Tree=52
num_leaves=15
num_cat=3
split_feature=19 34 34 40 27 27 34 40 34 34 40 34 34 27
split_gain=20.6978 22.805 35.0301 30.0505 27.664 24.8077 35.7223 23.6571 23.6523 22.8654 19.5623 17.9625 28.9304 34.3021
threshold=-0.0047420859336853019 0.11915557086467744 0.13018722832202914 0 11.500000000000002 9.5000000000000018 0.12191280350089075 1 0.12464647740125658 0.11529605090618135 2 0.13689589500427249 0.13423307240009311 8.5000000000000018
decision_type=2 2 2 9 2 2 2 9 2 2 9 2 2 2
left_child=10 3 4 -2 5 7 -7 -3 -6 -5 -1 12 -4 -14
right_child=1 2 11 9 8 6 -8 -9 -10 -11 -12 -13 13 -15
leaf_value=0.00047417801472087986 0.001328270314869766 0.011912338211857686 0.0015097324979924389 -0.0029109775753512006 0.0086061664733527703 0.017777711212839626 -0.017279183375002279 0.001962375764735421 0.041959838489318585 -0.01308040127885228 -0.0047611672198534499 0.001195448335287083 -0.0043810051368445516 -0.025877378933187856
leaf_weight=3283.4350448399782 4802.5923866331577 1180.3264360278845 1211.2533586323261 4160.8405790328979 124.89791287481785 97.067769676446915 249.15528918802738 1230.7385728359222 92.757445558905602 634.02589502930641 3892.226639315486 18511.147032335401 702.96200741827488 248.93607819080353
leaf_count=13183 19269 4735 4865 16694 502 389 1001 4937 372 2544 15620 74352 2821 1000
internal_value=6.20813e-05 0.000587901 0.00142216 -0.00146695 0.00649055 0.00510869 -0.00732317 0.00690741 0.0234659 -0.00426007 -0.00237219 0.0006912 -0.0036144 -0.0101137
internal_weight=40422.4 33246.7 23649.2 9597.46 2974.94 2757.29 346.223 2411.07 217.655 4794.87 7175.66 20674.3 2163.15 951.898
internal_count=162284 133481 94974 38507 11936 11062 1390 9672 874 19238 28803 83038 8686 3821
cat_boundaries=0 2 4 6
cat_threshold=1306171959 101416 3498489971 72674 3561003899 15650
is_linear=0
shrinkage=0.05


Tree=53
num_leaves=15
num_cat=0
split_feature=5 26 34 28 26 26 33 34 34 37 27 34 33 5
split_gain=18.527 17.7233 17.0754 20.7073 17.9905 16.7248 24.1243 28.931 22.9931 22.4531 24.4967 29.3734 22.814 21.4419
threshold=0.095630150288343443 1.5000000000000002 0.093441840261220946 1.0000000180025095e-35 4.5000000000000009 1.0000000180025095e-35 -0.017450836487114426 0.26033915579319006 0.20284884423017505 0.14383797347545627 5.5000000000000009 0.2515543550252915 0.010302874725311996 0.01295214192941785
decision_type=2 2 2 2 2 2 2 2 2 2 2 2 2 2
left_child=2 -2 -1 4 -4 6 -5 8 -8 10 11 12 -7 -10
right_child=1 -3 3 5 -6 9 7 -9 13 -11 -12 -13 -14 -15
leaf_value=-0.003344991743436586 -0.018101338156999266 -0.0012662723806309947 -4.525519190850768e-05 0.025321428141755975 -0.017702648288606661 -0.00097616599661845191 -0.0054657697829166175 -0.028852578303785816 0.030326294357606216 0.020343379790291265 0.0073733147918561975 -0.018877691430940629 0.016971925370756525 -0.0090816391555301659
leaf_weight=3429.5948012322187 271.24306736886501 363.6542546749115 31241.995697185397 66.90334464609623 139.92776542901993 1170.0341909378767 639.82406271994114 104.57402962446213 91.537329629063606 215.36659350991249 2131.7329406440258 192.68524761497974 203.45514030754566 50.540351152420044
leaf_count=13753 1097 1464 125304 271 562 4709 2571 420 370 874 8649 775 825 203
internal_value=-0.000111632 -0.00855166 2.43529e-05 0.000343693 -0.000126954 0.00337663 -0.00254809 -0.00478727 -0.00139946 0.00482274 0.00389122 -0.000853492 0.00173078 0.0164418
internal_weight=40313.1 634.897 39678.2 36248.6 31381.9 4866.65 953.379 886.476 781.902 3913.27 3697.91 1566.17 1373.49 142.078
internal_count=161847 2561 159286 145533 125866 19667 3835 3564 3144 15832 14958 6309 5534 573
is_linear=0
shrinkage=0.05


Tree=54
num_leaves=15
num_cat=5
split_feature=34 27 27 40 40 26 28 40 23 40 25 40 3 7
split_gain=17.2936 18.7491 37.3336 26.2626 19.2451 18.3581 29.0591 27.3253 16.8841 23.3576 15.4777 14.4581 13.1178 15.1511
threshold=0.091051366180181517 7.5000000000000009 6.5000000000000009 0 1 1.5000000000000002 1.0000000180025095e-35 2 -0.053873816505074494 3 -0.019986770115792748 4 -0.18273019790649411 -0.023212019354104992
decision_type=2 2 2 9 9 2 2 9 10 9 2 9 2 2
left_child=1 2 5 -4 -3 6 11 -7 9 12 -10 -1 -2 -14
right_child=8 4 3 -5 -6 7 -8 -9 10 -11 -12 -13 13 -15
leaf_value=0.014701311748678765 0.0039997776801014408 -0.015264162181647216 0.026566351419436141 0.00014964325479290992 -0.0021876834649717128 0.0015579935821483492 -0.030506511701860219 -0.016334299983223256 0.0095397879167628125 0.00098479337071161925 0.00093979257619617471 -0.0015771914007718752 -0.0088953337478754717 -0.00265561870560688
leaf_weight=250.2424029558897 541.82138955593109 542.27067786455154 176.6642477363348 196.11253656446934 600.2794591486454 375.50635375082493 54.258461952209473 483.037334010005 529.79375332593918 6287.1054971963167 24598.147987127304 280.85410262644291 1271.4994842112064 4143.0898215919733
leaf_count=1003 2178 2175 708 786 2406 1506 219 1939 2131 25246 98778 1126 5104 16629
internal_value=8.96457e-05 -0.00358628 -0.000421727 0.0135752 -0.00858987 -0.0040732 0.00273568 -0.00871025 0.000381296 -0.00114073 0.00112317 0.00639398 -0.00338002 -0.00412866
internal_weight=40330.7 2959.23 1816.68 372.777 1142.55 1443.9 585.355 858.544 37371.5 12243.5 25127.9 531.097 5956.41 5414.59
internal_count=161934 11868 7287 1494 4581 5793 2348 3445 150066 49157 100909 2129 23911 21733
cat_boundaries=0 2 4 6 8 10
cat_threshold=618549747 69901 275413046 21975 1525919778 14928 1320178463 78617 3779774817 43930
is_linear=0
shrinkage=0.05


Tree=55
num_leaves=15
num_cat=6
split_feature=29 40 40 3 10 5 40 2 24 40 5 9 40 40
split_gain=18.2884 25.9362 21.2646 17.3366 15.7243 15.7199 14.102 12.8993 22.1607 15.8792 13.4579 13.2279 26.0922 17.4688
threshold=0.34066730737686163 0 1 -0.28973960876464838 -0.014481997583061455 -0.012503719888627527 2 0.0084192752838134783 -31.742707252502438 3 0.11830112338066102 -0.020007943734526631 4 5
decision_type=2 9 9 2 2 2 9 2 2 9 2 2 9 9
left_child=1 3 -2 -1 6 -5 -3 8 11 10 -9 12 -4 -13
right_child=2 4 7 5 -6 -7 -8 9 -10 -11 -12 13 -14 -15
leaf_value=-0.0090913534966247742 0.0008561859379447069 -0.00094029938752322501 -0.0067006817048861954 0.0073047392925440465 -0.0011127129285944868 0.0022432691062532623 0.019878484234456949 0.0022961531223376318 -0.012421318417395598 -0.0026551821143366676 -0.016968755154229395 -0.0071142655902216821 0.00631955488530606 -0.00064402115354181267
leaf_weight=243.56788794696331 12705.295927092433 158.00988832116127 616.66881945729256 2652.09192943573 6344.3081545680761 3655.0756073594093 158.82127951085567 3586.1720880568027 638.74515846371651 4328.1527533680201 87.996027380228043 2229.9206809699535 970.48078182339668 1972.3459300100803
leaf_count=981 51011 636 2477 10653 25482 14676 640 14398 2568 17369 355 8948 3898 7914
internal_value=0.000107622 0.00163297 -0.000635019 0.00386249 -0.000565047 0.00437645 0.0102154 -0.00194738 -0.00361593 -0.000607445 0.00180606 -0.00263368 0.00125 -0.00410144
internal_weight=40347.7 13211.9 27135.8 6550.74 6661.14 6307.17 316.831 14430.5 6428.16 8002.32 3674.17 5789.42 1587.15 4202.27
internal_count=162006 53068 108938 26310 26758 25329 1276 57927 25805 32122 14753 23237 6375 16862
cat_boundaries=0 2 4 6 8 10 12
cat_threshold=2399765350 105069 3639728280 10136 272636033 17426 603980069 55329 604512259 81920 84148804 38951
is_linear=0
shrinkage=0.05


Tree=56
num_leaves=15
num_cat=6
split_feature=29 40 40 1 33 32 7 33 40 40 25 40 40 0
split_gain=20.5501 40.035 18.2775 16.2692 14.0123 13.9909 14.4434 19.538 19.0031 14.9508 13.6018 14.5209 12.7984 18.9112
threshold=0.75532880425453197 0 1 0.11725878715515138 0.031316934153437621 0.48947252333164221 -0.0025408077053725715 0.020338606089353565 2 3 -0.00086952335550449778 4 5 -0.031197667121887204
decision_type=2 9 9 2 2 2 2 2 9 9 2 9 9 2
left_child=2 10 4 -3 -1 6 7 8 -4 -9 11 -2 13 -8
right_child=1 3 5 -5 -6 -7 12 9 -10 -11 -12 -13 -14 -15
leaf_value=-0.00057830549534833948 0.0031706358927823344 -0.0042541756106868724 -0.0072475968054798142 -0.018854492774992612 -0.017172558838240492 0.0032399941813855736 0.024768252952501048 -0.0037101911502662693 0.00025309168008171061 0.023711617210200396 0.0028015649372395623 -0.0095365903238149898 0.0031811287508004293 -0.0038338246091820095
leaf_weight=12144.308214455843 390.95680974423885 5239.9401525259018 1441.7440084815025 193.8257769793272 123.59811063110828 8397.4593403190374 55.676878482103348 81.82698068022728 2012.1960197091103 110.92036853730679 3830.2413527816534 500.11638124287128 4642.4557516723871 1213.4737397134304
leaf_count=48772 1569 21030 5790 784 498 33720 224 330 8078 447 15380 2008 18632 4872
internal_value=8.08834e-05 -0.00186438 0.000734854 -0.00478396 -0.000752214 0.00175051 0.000442224 -0.0020301 -0.00290257 0.013257 0.00150314 -0.0040402 0.0019686 -0.00246354
internal_weight=40378.7 10155.1 30223.7 5433.77 12267.9 17955.8 9558.29 3646.69 3453.94 192.747 4721.31 891.073 5911.61 1269.15
internal_count=162134 40771 121363 21814 49270 72093 38373 14645 13868 777 18957 3577 23728 5096
cat_boundaries=0 2 4 6 8 10 12
cat_threshold=3722481684 50042 1907111956 16986 68305186 3361 100713248 37024 1092648960 49736 2151678721 132
is_linear=0
shrinkage=0.05


Tree=57
num_leaves=15
num_cat=2
split_feature=33 26 33 33 27 40 33 34 34 33 27 5 40 33
split_gain=23.5949 41.6848 47.1097 38.9345 38.3396 38.2474 36.9334 34.3761 34.8245 39.3447 33.179 30.8393 29.2632 28.3445
threshold=-0.00093221967108547677 3.5000000000000004 -0.0011588088818825779 -0.0032093746121972795 9.5000000000000018 0 -0.033596089109778397 0.22309385985136035 0.14319245517253879 -0.0014542509452439842 8.5000000000000018 0.034071000292897231 1 -0.011629135347902773
decision_type=2 2 2 2 2 9 2 2 2 2 2 2 9 2
left_child=1 2 -1 4 6 -4 -3 8 -5 -10 13 -2 -13 -8
right_child=11 3 5 7 -6 -7 10 -9 9 -11 -12 12 -14 -15
leaf_value=0.00017503809670863164 0.0018008511382072729 -0.050050947555276754 0.0036101033906470411 -0.0001301160303878619 0.00060405904483102496 -0.02883887091335658 -0.00023855534044352994 -0.027934442585124578 0.044219580542522674 -0.0051034831617045679 -0.031685899178617326 0.0014990595696502268 -0.006114230040121741 -0.014419656840872966
leaf_weight=12621.987898677588 19197.675849273801 61.718838185071945 142.61567068099976 334.54296797513962 671.90259079635143 240.58528128266335 542.63009291887283 65.426065742969513 111.77796079218388 60.129344746470451 185.51446416974068 2347.9252509027719 2705.6377832889557 1004.652438595891
leaf_count=50630 77115 252 573 1340 2696 968 2182 263 448 241 748 9433 10868 4044
internal_value=-9.80012e-05 -0.00158539 -0.000352153 -0.00685328 -0.0095761 -0.0175084 -0.0133816 0.00486238 0.0093407 0.0272826 -0.0119324 0.000885905 -0.00258719 -0.00946637
internal_weight=40294.7 16043.5 13005.2 3038.29 2466.42 383.201 1794.52 571.876 506.45 171.907 1732.8 24251.2 5053.56 1547.28
internal_count=161801 64385 52171 12214 9922 1541 7226 2292 2029 689 6974 97416 20301 6226
cat_boundaries=0 2 4
cat_threshold=1487057360 3169 2602959159 30009
is_linear=0
shrinkage=0.05


Tree=58
num_leaves=15
num_cat=0
split_feature=8 19 26 22 4 34 34 26 34 34 11 17 37 27
split_gain=18.497 18.3676 17.5109 17.4026 16.3096 15.8614 45.6762 22.9684 24.7692 33.961 20.0069 19.1014 17.2164 17.158
threshold=74.394763946533217 -0.0044338107109069816 3.5000000000000004 0.5912500023841859 0.016294836997985843 0.13325186073780063 0.12111246585845949 1.5000000000000002 0.16453924775123599 0.17560444772243503 0.22132789343595508 0.019528354518115524 -0.086109705269336687 6.5000000000000009
decision_type=2 2 2 10 2 2 2 2 2 2 2 2 2 2
left_child=1 5 3 -2 -5 6 12 13 -9 11 -8 -10 -1 -7
right_child=2 -3 -4 4 -6 7 10 8 9 -11 -12 -13 -14 -15
leaf_value=0.022144742577400331 -0.013146739835276972 0.00078198216690727107 0.0058870959455673113 -0.019791832470763077 0.0067919673031417846 -0.0039592715087995991 0.027427779249196378 -0.012729691506986133 -0.0057557574637193236 -0.0052410997231216163 0.0073464451188339818 0.026587734583993668 -0.0044613196986609347 0.005013246343669159
leaf_weight=58.556271389126778 700.43416537344456 31803.279043331742 250.94842885434628 69.293495997786522 253.1264300942421 1066.3332268744707 161.56506325304508 994.25966975092888 65.028634011745453 1859.2782794237137 515.7690078318119 135.36527751386166 1414.9740400910378 1054.8055729717016
leaf_count=235 2821 127714 1009 279 1017 4278 648 3993 261 7476 2069 544 5677 4233
internal_value=6.84238e-05 0.000261905 -0.0058489 -0.00874772 0.000848396 -0.00199416 0.00161039 -0.00349336 -0.00626598 -0.00312008 0.0123097 0.0161832 -0.00332933 0.000501551
internal_weight=40403 39129.2 1273.8 1022.85 322.42 7325.94 2150.86 5175.07 3053.93 2059.67 677.334 200.394 1473.53 2121.14
internal_count=162254 157128 5126 4117 1296 29414 8629 20785 12274 8281 2717 805 5912 8511
is_linear=0
shrinkage=0.05


Tree=59
num_leaves=15
num_cat=3
split_feature=27 40 28 26 34 34 1 40 26 27 25 40 33 33
split_gain=17.6714 22.6798 18.8735 18.345 23.4429 38.0629 18.2597 18.2542 16.0226 16.1518 15.5837 28.2172 18.6089 29.7698
threshold=2.5000000000000004 0 1.0000000180025095e-35 1.0000000180025095e-35 0.26033915579319006 0.32025340199470526 -0.097309947013854967 1 4.5000000000000009 8.5000000000000018 0.00082770167500711988 2 -0.0037842360325157638 -0.0023448922438547011
decision_type=2 9 2 2 2 2 2 9 2 2 2 9 2 2
left_child=1 -1 8 4 7 -6 -3 -4 -2 -10 12 -12 -5 -14
right_child=2 6 3 10 5 -7 -8 -9 9 -11 11 -13 13 -15
leaf_value=0.0018811429435196922 6.915598620669557e-05 0.012596730866767672 -0.0075533949257825033 0.00042778316015315332 -0.040228841157289849 0.012356802009532665 -0.0050761116819126768 0.0080940416418607171 -0.036239027086641167 -0.0018727463462853368 0.008497611684372448 -0.0049231058964942292 0.03689365399273703 0.0089093243478216358
leaf_weight=2078.8343320935965 29269.17483997345 146.60425670444965 342.4025044888258 597.04459887742996 89.626440137624741 50.887977734208107 4204.0230570733547 374.58522254228592 55.918136984109879 79.997024074196815 707.60655672848225 840.81563776731491 98.160800978541374 1363.9877488613129
leaf_count=8347 117413 590 1377 2417 361 205 16882 1508 225 321 2862 3388 397 5551
internal_value=-7.7961e-06 -0.00240998 0.000448344 0.00347531 -0.00308103 -0.0213801 -0.00445543 0.000621502 -1.16391e-05 -0.0168313 0.00503719 0.00123737 0.00788215 0.0109108
internal_weight=40299.7 6429.46 33870.2 4465.12 857.502 140.514 4350.63 716.988 29405.1 135.915 3607.62 1548.42 2059.19 1462.15
internal_count=161844 25819 136025 18066 3451 566 17472 2885 117959 546 14615 6250 8365 5948
cat_boundaries=0 2 4 6
cat_threshold=170033548 5798 2661867676 58582 1953273909 60472
is_linear=0
shrinkage=0.05


Tree=60
num_leaves=15
num_cat=4
split_feature=36 40 40 19 33 8 28 34 34 35 40 33 40 7
split_gain=17.3576 31.0399 20.7229 14.3844 14.3623 13.771 11.6789 14.746 15.9865 13.403 17.8202 11.5446 19.9033 12.7312
threshold=0.0052471321541816005 0 1 0.0029522776603698735 0.011641846038401129 74.979381561279311 1.0000000180025095e-35 0.2475826442241669 0.089960396289825453 0.67588225007057201 2 0.010183056816458704 3 -0.04405261576175689
decision_type=2 9 9 2 2 2 2 2 2 2 9 2 9 2
left_child=2 3 6 -2 5 -4 9 8 -8 10 -1 13 -13 -11
right_child=1 -3 4 -5 -6 -7 7 -9 -10 11 -12 12 -14 -15
leaf_value=0.013497609535173713 -0.00045584907859038656 -0.0028790925471159829 -0.0011081449832135637 0.0047824092235485343 0.0035699665595770344 -0.020815073546644539 -0.010253725580555742 -0.0060872761702224828 0.009960545448252929 -0.0045278812287200152 0.0027516737491074059 -0.0068011157538909982 0.0083401351928898415 0.00095884923984817833
leaf_weight=471.25500243902206 3065.7389190942049 10764.647162586451 10954.497988551855 2281.1448768675327 1775.694188117981 84.424828663468361 102.138427272439 200.208222001791 1209.8037280589342 1346.7731653600931 1990.5556327104568 267.80220028758049 966.61280344426632 4846.1741707473993
leaf_count=1890 12307 43216 43970 9165 7165 340 410 811 4907 5402 7985 1077 3897 19424
internal_value=-6.25453e-05 -0.00133417 0.000783393 0.00177708 -0.000596205 -0.00126867 0.0023325 0.0064215 0.00835006 0.00170618 0.00489981 0.000644383 0.00504949 -0.000236227
internal_weight=40327.5 16111.5 24215.9 5346.88 12814.6 11038.9 11401.3 1512.15 1311.94 9889.17 2461.81 7427.36 1234.42 6192.95
internal_count=161966 64688 97278 21472 51475 44310 45803 6128 5317 39675 9875 29800 4974 24826
cat_boundaries=0 2 4 6 8
cat_threshold=1816533032 3088 2391139094 13292 8699920 4104 42237968 512
is_linear=0
shrinkage=0.05


Tree=61
num_leaves=15
num_cat=7
split_feature=8 40 37 40 40 5 40 40 8 40 7 39 24 40
split_gain=14.0565 25.2792 12.5656 26.7104 18.5549 16.7545 25.0645 17.28 16.5048 21.8521 15.2575 15.1742 18.6868 14.1136
threshold=72.042133331298842 0 -0.0027349992888048287 1 2 -0.0064560261089354745 3 4 31.367002487182621 5 0.033852977678179748 -0.0047764573246240607 -36.169887542724602 6
decision_type=2 9 2 9 9 2 9 9 2 9 2 2 2 9
left_child=2 -2 3 -1 11 6 -6 -7 9 -5 13 -4 -13 -9
right_child=1 -3 4 8 5 7 -8 10 -10 -11 -12 12 -14 -15
leaf_value=-0.0043849364491042398 0.002451735685858528 -0.0087619579731634794 0.0019409876052514262 0.017632319290708253 0.006971695925844206 0.00055419422181942029 -0.00098510213743458809 0.0021665059423728204 -0.00039060268720336332 0.0012866828703664854 -0.006554328558653422 -0.00050192229165631967 0.016785616870293524 -0.0048327979924288281
leaf_weight=4443.3608681559563 838.52915941178799 1226.4140156656504 8131.3201099187136 286.95127619802952 1687.19270645082 5359.3814938217402 2359.9986028075218 1545.5297918021679 9595.1823945194483 659.47098486125469 2279.2663130015135 259.03554834425449 386.03248503804207 1323.7936519384384
leaf_count=17860 3372 4936 32670 1154 6775 21521 9481 6203 38525 2653 9144 1040 1551 5310
internal_value=-0.000228133 -0.00424146 -1.11924e-05 -0.00114093 0.000714272 -0.000380919 0.00234998 -0.00143419 0.000231331 0.00651333 -0.00349777 0.00252789 0.00988542 -0.00107303
internal_weight=40381.5 2064.94 38316.5 14985 23331.6 14555.2 4047.19 10508 10541.6 946.422 5148.59 8776.39 645.068 2869.32
internal_count=162195 8308 153887 60192 93695 58434 16256 42178 42332 3807 20657 35261 2591 11513
cat_boundaries=0 2 4 6 8 10 12 14
cat_threshold=3305122609 41083 3491778870 20768 3289207101 22688 10650176 66887 960497794 107288 50790920 10755 36839424 66
is_linear=0
shrinkage=0.05


Tree=62
num_leaves=15
num_cat=5
split_feature=34 40 34 34 40 34 34 40 10 34 40 15 34 40
split_gain=15.2769 27.0023 16.801 66.8267 38.9182 36.8205 49.3857 29.0572 23.266 21.8334 25.2191 20.968 20.1779 25.5027
threshold=0.092698752880096449 0 0.13175997138023379 0.12464647740125658 1 0.16453924775123599 0.15918332338333133 2 0.0032446001423522834 0.13689589500427249 3 0.018267192877829078 0.17560444772243503 4
decision_type=2 9 2 2 9 2 2 9 2 2 9 2 2 9
left_child=1 -1 3 4 11 6 9 -5 -8 10 -4 -2 13 -7
right_child=2 -3 5 7 -6 12 8 -9 -10 -11 -12 -13 -14 -15
leaf_value=0.0015784379898648355 0.0070591149343778668 -0.0074791233759126004 -0.012854790786129397 0.015832999030930765 -0.0025899463149710242 0.012576966470155708 -0.017766984128730286 0.0043283986413513642 0.00073789810699686727 -0.00040337748542518893 -0.0012984762953213362 -0.00053686040130245698 0.00043681850204089378 -6.0325638875607415e-05
leaf_weight=1523.4155112355947 2208.9996476918459 1767.5386730730534 834.45008204877377 998.11418449878693 5815.4239555746317 798.51119822263718 744.56100989878178 1269.7589753568172 218.46511679887772 7060.0252084136009 1089.4604351520538 1537.669267848134 13688.333611607552 791.93308648467064
leaf_count=6109 8865 7096 3353 4006 23345 3208 2989 5096 877 28357 4376 6175 55023 3182
internal_value=-4.44458e-05 -0.00330664 0.000245545 0.0017999 -3.13371e-05 -0.000483407 -0.0028503 0.00950629 -0.0135818 -0.00169247 -0.00640705 0.00393328 0.00105761 0.0063793
internal_weight=40346.7 3290.95 37055.7 11830 9562.09 25225.7 9946.96 2267.87 963.026 8983.94 1923.91 3746.67 15278.8 1590.44
internal_count=162057 13205 148852 47487 38385 101365 39952 9102 3866 36086 7729 15040 61413 6390
cat_boundaries=0 2 4 6 8 10
cat_threshold=1759482226 41496 1319143996 68882 2503567634 70556 1567894036 2455 3381316043 105680
is_linear=0
shrinkage=0.05


Tree=63
num_leaves=15
num_cat=0
split_feature=33 34 33 7 34 34 34 34 33 33 33 34 34 34
split_gain=15.7727 39.9314 20.9592 18.9397 18.3662 17.5011 44.8659 29.9107 31.9704 44.6963 43.5692 33.6975 34.2448 32.8643
threshold=0.031316934153437621 0.56372356414794933 0.029119948856532577 0.071679171174764647 0.38271926343441015 0.16646350175142291 0.15918332338333133 0.17560444772243503 -0.016262779943644997 -0.0046825113240629426 0.0053764432668685922 0.16790152341127398 0.17179483920335772 0.17401912063360217
decision_type=2 2 2 2 2 2 2 2 2 2 2 2 2 2
left_child=2 3 5 4 -2 6 -1 8 -7 13 11 -11 -13 -10
right_child=1 -3 -4 -5 -6 7 -8 -9 9 10 -12 12 -14 -15
leaf_value=-8.0623529591558206e-05 -0.012384143800218303 0.02094722702704889 0.019210893549768175 0.0039812551618672752 -0.039987420423800532 0.035283258422578595 -0.0096763117617947245 0.00090564472698655997 -0.020370095972932156 0.043666822485558518 0.00084883789302401364 -0.00049895816992467554 0.032353484788737653 0.022771373083684859
leaf_weight=24096.978365123272 164.54501706361771 82.951629921793938 140.90536361932755 81.703038647770882 97.923418670892715 100.87967681884766 1278.0937134474516 13191.63245639205 208.92790886759758 131.07308910787106 459.0933633595705 185.09629066288471 133.23212730884552 51.089326083660126
leaf_count=96751 662 336 567 329 394 405 5132 53023 838 527 1849 742 535 205
internal_value=0.000191699 -0.00930934 0.000294487 -0.0168116 -0.0232562 0.000225049 -0.000565948 0.00161309 0.0089286 0.00650846 0.0117332 0.0227097 0.0135232 -0.0116049
internal_weight=40404.1 427.123 39977 344.171 262.468 39836.1 25375.1 14461 1269.39 1168.51 908.495 449.402 318.328 260.017
internal_count=162295 1721 160574 1385 1056 160007 101883 58124 5101 4696 3653 1804 1277 1043
is_linear=0
shrinkage=0.05


Tree=64
num_leaves=15
num_cat=5
split_feature=19 40 34 40 28 34 40 40 34 27 2 40 5 34
split_gain=22.9525 26.2585 19.4433 34.0095 17.7966 16.3027 25.5338 18.4531 16.3165 22.1074 19.7868 15.4313 15.0101 14.3704
threshold=-0.0031971037387847896 0 0.27928131818771368 1 1.0000000180025095e-35 0.22108008712530139 2 3 0.2475826442241669 10.500000000000002 -0.011223316192626951 4 0.06114980764687062 0.19837316870689395
decision_type=2 9 2 9 2 2 9 9 2 2 2 9 2 2
left_child=1 12 4 -4 5 7 8 -2 9 -7 -11 -6 -1 -9
right_child=2 -3 3 -5 11 6 -8 13 -10 10 -12 -13 -14 -15
leaf_value=-0.004970750858385789 0.0018151400913360427 -8.5134440544404561e-05 -0.0013587458431494571 0.0096817431922003819 0.0077047799309712395 -0.010654445312872209 -0.0082038777919763769 -0.0016002787010328257 0.00840673792697527 0.035644295956506131 -0.0019659263106996104 0.0010400806339340718 -0.021306132047513474 0.0044489818437251005
leaf_weight=3457.6642571538687 9059.3730074614286 5224.8108225017786 1312.2932113558054 1471.9860795587301 1293.2467692196369 369.37495866417885 1521.6847613751888 12168.728711545467 500.8244636952877 50.956702768802643 91.34316374361515 2629.2592938840389 142.45633172988892 1062.7192099392414
leaf_count=13880 36330 20986 5279 5923 5242 1483 6111 48818 2010 205 367 10633 575 4266
internal_value=-0.00010343 -0.00235674 0.000527329 0.00451305 0.000140408 -0.000354124 -0.00415018 7.80488e-05 0.00200848 -0.0042263 0.0122209 0.00326798 -0.00563156 -0.0011117
internal_weight=40356.7 8824.93 31531.8 2784.28 28747.5 24825 2534.18 22290.8 1012.5 511.675 142.3 3922.51 3600.12 13231.4
internal_count=162108 35441 126667 11202 115465 99590 10176 89414 4065 2055 572 15875 14455 53084
cat_boundaries=0 2 4 6 8 10
cat_threshold=60252199 66249 1182841652 126624 2520802114 35534 2475860002 13945 1636043049 41440
is_linear=0
shrinkage=0.05


Tree=65
num_leaves=15
num_cat=0
split_feature=36 19 10 22 5 33 33 26 11 34 24 22 12 34
split_gain=20.5068 15.0182 16.6347 14.3307 16.6924 19.6101 14.7632 34.0484 21.4539 15.6975 17.9563 15.3012 14.1216 14.013
threshold=0.084514949470758452 -0.0038527548313140865 -0.012746539898216723 0.44744999706745153 -0.028215702623128888 -0.010270017199218271 -0.010929068084806202 3.5000000000000004 -0.025213237851858136 0.27319271862506872 -35.135499954223626 0.6894499957561494 0.15682332962751391 0.13175997138023379
decision_type=2 2 2 10 2 2 2 2 2 2 2 10 2 2
left_child=1 2 -1 4 5 -3 7 8 -5 10 -10 -11 -9 -4
right_child=-2 3 13 6 -6 -7 -8 12 9 11 -12 -13 -14 -15
leaf_value=0.0070884607673300688 -0.0041218224118013905 0.01310108238072972 0.0011647274672576334 0.018301391903773331 -0.0013007311130644843 0.00085991126281337424 0.0022730760008386887 -0.021903520591413608 0.00093252891461285221 0.016927358751227889 -0.012551380980145233 -0.010396547964014364 -0.00024276337229310575 -0.0036447958724217418
leaf_weight=522.97698645293713 2517.1114782243967 442.2761732339859 2215.9814973175526 154.73540191352367 8982.2437961697578 1225.2045422196388 17809.826206758618 265.38307623565197 713.04483145475388 191.81696218252182 371.699372574687 65.213743343949318 105.06580856442451 4756.5697335153818
leaf_count=2103 10123 1778 8892 623 36077 4926 71543 1068 2860 771 1492 262 423 19106
internal_value=0.000243364 0.000534512 -0.00146864 0.00102994 -0.000446968 0.00413916 0.00182945 -0.00239459 0.000976677 -0.00107805 -0.00371968 0.00990957 -0.0158585 -0.0021158
internal_weight=40339.1 37822 7495.53 30326.5 10649.7 1667.48 19676.8 1866.96 1496.51 1341.77 1084.74 257.031 370.449 6972.55
internal_count=162047 151924 30101 121823 42781 6704 79042 7499 6008 5385 4352 1033 1491 27998
is_linear=0
shrinkage=0.05


Tree=66
num_leaves=15
num_cat=5
split_feature=5 40 32 40 28 34 34 5 40 40 25 26 40 23
split_gain=15.3292 22.3902 14.3248 27.6159 18.1658 17.7521 32.4652 16.229 26.7084 23.793 22.2999 20.4856 15.7989 14.889
threshold=0.079464200884103789 0 0.73499399423599254 1 1.0000000180025095e-35 0.52650606632232677 0.37141688168048864 -0.0064560261089354745 2 3 -0.0059976354241371146 2.5000000000000004 4 0.065792858600616469
decision_type=2 9 2 9 2 2 2 2 9 9 2 2 9 10
left_child=2 -2 4 13 12 6 7 9 10 11 -9 -6 -1 -4
right_child=1 -3 3 -5 5 -7 -8 8 -10 -11 -12 -13 -14 -15
leaf_value=0.00043218226132247058 -0.015737851617105624 -0.000666175154097573 0.0032753281705291178 0.00018588245660725513 -0.0065010533819231213 0.024313992094605979 -0.030733530444092612 0.014798270322346652 0.0057263024304101831 0.014155577445368035 -0.0071818166947013005 0.011213987509652773 -0.0020744995646864435 0.010550093902261755
leaf_weight=13139.862936422229 353.49910162389278 763.22587886452675 1998.0602675378323 7147.6906547099352 396.36808010935783 89.629871770739555 67.651112347841263 124.64892427623272 1216.646925970912 647.6833314448595 1056.1175870895386 269.9726577103138 12027.381340801716 1089.2998996824026
leaf_count=52714 1430 3079 8025 28717 1605 365 273 505 4923 2627 4262 1099 48250 4377
internal_value=0.000126412 -0.00563669 0.000291118 0.00189912 -0.000275752 0.00291154 0.00237116 0.00301646 0.000562189 0.00747135 -0.00476445 0.000688678 -0.000766384 0.0058377
internal_weight=40387.7 1116.72 39271 10235.1 29036 3868.72 3779.09 3711.44 2397.41 1314.02 1180.77 666.341 25167.2 3087.36
internal_count=162251 4509 157742 41119 116623 15659 15294 15021 9690 5331 4767 2704 100964 12402
cat_boundaries=0 2 4 6 8 10
cat_threshold=1107675344 111187 2344751376 271 2314438892 71191 1380741685 63257 1755425446 121970
is_linear=0
shrinkage=0.05


Tree=67
num_leaves=15
num_cat=2
split_feature=27 40 33 26 26 33 34 33 27 34 24 34 40 34
split_gain=22.6309 19.3168 18.5569 41.6932 37.2494 51.5418 35.8963 41.6165 35.5849 47.887 34.5166 34.1582 30.8467 28.3746
threshold=2.5000000000000004 0 -0.00081688800128176798 2.5000000000000004 3.5000000000000004 -0.0023448922438547011 0.083101671189069762 -0.0042435603681951753 9.5000000000000018 0.081074815243482604 -34.423564910888665 0.26033915579319006 1 0.38271926343441015
decision_type=2 9 2 2 2 2 2 2 2 2 2 2 9 2
left_child=1 -1 4 -4 5 6 7 -2 9 -6 13 12 -7 -8
right_child=2 -3 3 -5 8 11 10 -9 -10 -11 -12 -13 -14 -15
leaf_value=0.0011471810232071399 -0.030513090139560994 -0.0046121484918590248 -0.00033106892233969481 0.0042787958755711843 0.028033362979106698 0.0021496457965630841 0.0047425009664603833 0.0041707201666785982 0.0024256117006474062 -0.012154618300285091 -0.003143061728947192 -0.03554741076069632 -0.011899828909890177 -0.014225317232379407
leaf_weight=2205.3276748508215 175.96600989997387 4251.736640393734 12137.726874709129 8223.3311661481857 72.899733901023865 688.60013973712921 6648.5418740063906 163.19861336052418 789.39808113873005 1647.6540840864182 2096.36034758389 98.396794632077217 883.5956894159317 198.3228125423193
leaf_count=8858 707 17082 48723 33124 293 2763 26663 655 3169 6635 8417 395 3548 799
internal_value=6.08105e-05 -0.00265035 0.000578838 0.00153109 -0.000860989 0.000398425 0.00185489 -0.0139913 -0.0063487 -0.0103727 0.00246388 -0.00767259 -0.00581769 0.00418238
internal_weight=40281.1 6457.06 33824 20361.1 13462.9 10953 9282.39 339.165 2509.95 1720.55 8943.23 1670.59 1572.2 6846.86
internal_count=161831 25940 135891 81847 54044 43947 37241 1362 10097 6928 35879 6706 6311 27462
cat_boundaries=0 2 4
cat_threshold=2248196364 40928 1142051314 113256
is_linear=0
shrinkage=0.05


Tree=68
num_leaves=15
num_cat=3
split_feature=27 37 15 40 23 40 34 34 34 27 4 34 40 27
split_gain=15.9247 28.9152 31.1046 28.3764 20.6517 19.3694 18.4146 51.0642 31.647 41.9779 48.9485 43.5202 33.4573 29.3045
threshold=2.5000000000000004 -0.086109705269336687 0.032188342884182937 0 0.24635239690542224 1 0.16646350175142291 0.15315801650285724 0.20656592398881915 7.5000000000000009 0.33486771583557134 0.19970698654651645 2 10.500000000000002
decision_type=2 2 2 9 8 9 2 2 2 2 2 2 9 2
left_child=1 5 3 -3 -4 -1 7 -2 9 11 12 -8 -11 -9
right_child=6 2 4 -5 -6 -7 8 13 -10 10 -12 -13 -14 -15
leaf_value=-0.0021616594719684897 0.00021179466722987038 0.0019113962232733658 -0.019153228623937535 -0.0054240115825903816 0.010722767590877647 0.015965713146370155 -0.0022729859435438888 -0.0043546314855827037 1.4412486851407012e-05 0.013713414125958098 0.023634635171039621 0.019292320819205271 -0.00079255125415225985 -0.017762575679291948
leaf_weight=260.53499881923199 19477.407783553004 2270.5391734987497 437.69277746975422 3112.3841948062181 63.037653028964996 323.9513578414917 1877.7842123806477 1464.6017119437456 8106.7260049581528 726.54466147720814 517.50805541872978 262.13299387693405 859.91564030945301 563.25660203397274
leaf_count=1048 78217 9121 1760 12501 254 1302 7544 5886 32611 2920 2083 1053 3457 2262
internal_value=-0.000125689 -0.00239804 -0.0034539 -0.0023366 -0.0153134 0.00816132 0.000308585 -0.000574935 0.00184701 0.00534235 0.0103487 0.000405178 0.00595095 -0.0081158
internal_weight=40324 6468.14 5883.65 5382.92 500.73 584.486 33855.9 21505.3 12350.6 4243.89 2103.97 2139.92 1586.46 2027.86
internal_count=162019 25986 23636 21622 2014 2350 136033 86365 49668 17057 8460 8597 6377 8148
cat_boundaries=0 2 4 6
cat_threshold=56803606 32424 1750792737 69280 2425939969 111291
is_linear=0
shrinkage=0.05


Tree=69
num_leaves=15
num_cat=6
split_feature=29 40 40 5 39 27 40 37 3 40 40 23 10 40
split_gain=16.1127 24.4026 17.681 12.9665 13.2392 12.8384 16.9109 13.5 24.9931 28.6611 21.3682 16.0853 16.6569 18.6388
threshold=0.34066730737686163 0 1 -0.013550586998462675 -0.29555924236774439 2.5000000000000004 2 -0.036682691425085061 -0.0907003879547119 3 4 -0.28724524378776545 -0.0068300280254334203 5
decision_type=2 9 9 2 2 2 9 2 2 9 9 10 2 9
left_child=1 3 -2 4 -1 6 -4 8 9 -7 -10 -9 13 -13
right_child=2 -3 5 -5 -6 7 -8 11 10 -11 -12 12 -14 -15
leaf_value=-0.0046026607387374685 0.0016250404468749081 0.003387343206314803 -0.0095173540515118213 -0.0029627584473740348 0.0037524866559044421 -0.0063790176108163054 -0.0018147591911869207 -0.0071793472470889482 -0.013113963457087619 0.0077194188351751049 -0.0025735224615466099 0.015570858275245545 -0.00026251588903954061 0.0013024185549223308
leaf_weight=619.83403877913952 6323.3962548077106 7245.1127201020718 1027.9542438387871 3384.9414592832327 1960.1553814709187 643.35912197828293 2318.1325010508299 767.26020132005215 867.39052556455135 782.55164343118668 1104.0649479478598 343.97713153064251 12305.863566562533 658.22229014337063
leaf_count=2495 25399 29123 4132 13602 7880 2589 9314 3085 3485 3146 4434 1383 49424 2646
internal_value=8.98973e-06 0.00144095 -0.000687896 -0.000927311 0.00173824 -0.00139099 -0.00422706 -0.000847329 -0.0036738 0.00136413 -0.00731439 -0.000163684 0.000242965 0.00642514
internal_weight=40352.2 13210 27142.2 5964.93 2579.99 20818.8 3346.09 17472.7 3397.37 1425.91 1971.46 14075.3 13308.1 1002.2
internal_count=162137 53100 109037 23977 10375 83638 13446 70192 13654 5735 7919 56538 53453 4029
cat_boundaries=0 2 4 6 8 10 12
cat_threshold=951539900 18064 1082151065 1560 67898144 59392 658549026 16864 406003750 22563 23472640 73860
is_linear=0
shrinkage=0.05


Tree=70
num_leaves=15
num_cat=2
split_feature=36 40 33 26 26 26 13 12 18 37 3 5 4 40
split_gain=11.8105 21.8219 11.8255 35.9518 27.0989 52.9943 27.49 25.5952 25.4776 35.8315 20.2127 14.7229 28.5708 42.2182
threshold=0.12359945103526117 0 -0.027356095612049099 3.5000000000000004 2.5000000000000004 1.5000000000000002 0.055787794291973121 0.20698132365942004 0.12281997874379159 -0.17913261055946347 0.16145098209381106 -0.024298514239490029 -0.10685086250305174 1
decision_type=2 9 2 2 2 2 2 2 2 2 2 2 2 9
left_child=2 -2 3 4 5 8 -7 -6 9 -1 -11 12 -4 -14
right_child=1 -3 11 -5 7 6 -8 -9 -10 10 -12 -13 13 -15
leaf_value=-0.036235290955299156 0.0038170631062475154 -0.011637724948635141 -0.0035823829825410354 -0.028078380825103 -0.0051597741496543816 -0.010212356500139332 -0.057006789961505613 0.037306498411216839 0.033337212308324475 -0.0013687129072144624 0.032124028793037829 -0.00024025974503857743 0.0095322213237683945 0.00034728700202395381
leaf_weight=57.572780817747116 370.83406031131744 562.89399373531342 1562.76318988204 144.23211048543453 61.704423129558563 67.192447423934937 59.282246693968773 74.660371869802475 54.717124626040459 207.56652392446995 52.317430377006531 31909.046402454376 2110.3811575323343 3059.0621014535427
leaf_count=232 1494 2268 6286 588 248 270 238 301 221 835 210 128181 8484 12296
internal_value=-4.73236e-05 -0.00559014 8.45309e-05 -0.00599369 -0.000789555 -0.0062206 -0.0335181 0.0185525 0.00336392 -0.00222361 0.00583397 0.000207994 0.00233195 0.0041226
internal_weight=40354.2 933.728 39420.5 779.245 635.013 498.649 126.475 136.365 372.174 317.457 259.884 38641.3 6732.21 5169.44
internal_count=162152 3762 158390 3143 2555 2006 508 549 1498 1277 1045 155247 27066 20780
cat_boundaries=0 2 4
cat_threshold=1099311248 3466 1118087702 80524
is_linear=0
shrinkage=0.05


Tree=71
num_leaves=15
num_cat=3
split_feature=11 40 33 26 19 3 3 25 40 18 40 24 28 33
split_gain=12.9924 37.6968 18.2965 36.3636 18.525 13.2313 13.1404 13.6212 13.0717 12.48 25.4768 18.0971 15.9587 26.5266
threshold=0.044526848942041404 0 -0.033596089109778397 1.0000000180025095e-35 -0.00020313262939453122 -0.47519588470458979 -0.063182115554809556 0.006391895469278098 1 0.016475860029459003 2 -37.458391189575188 1.0000000180025095e-35 -0.017450836487114426
decision_type=2 9 2 2 2 2 2 2 9 2 9 2 2 2
left_child=1 -1 3 -2 -5 -4 7 -3 -8 10 -7 -11 -13 -14
right_child=2 6 5 4 -6 9 8 -9 -10 11 -12 12 13 -15
leaf_value=0.010492923256568795 0.012487157885177742 -0.0088014704271357803 0.011727136679087445 -0.032404645353629351 -0.00082594713936052957 -0.0019926072304732785 0.0099764748328242028 0.015821260947271449 -0.0034092346747391748 -0.0036509078868109898 0.004724733766447913 -0.00037345787950202638 0.026872356317816148 0.0023790663825775712
leaf_weight=1122.7004681974649 101.88825462758541 632.46904847025871 239.8609231710434 152.65502129495144 66.679717004299164 2274.2881419360638 332.57784178853035 56.900407925248146 373.4575369656086 3627.5009141862392 3680.7693753689528 23978.481985166669 109.12062752246857 3660.7077822387218
leaf_count=4517 409 2545 968 620 270 9132 1338 229 1501 14568 14778 96247 443 14816
internal_value=0.000271107 0.00374528 3.96356e-05 -0.0117503 -0.0230591 0.000142121 -0.00176053 -0.00666262 0.00300725 6.59896e-05 0.00216355 -0.000332244 0.000102 0.00312402
internal_weight=40410.1 2518.11 37892 321.223 219.335 37570.7 1395.4 689.369 706.035 37330.9 5955.06 31375.8 27748.3 3769.83
internal_count=162381 10130 152251 1299 890 150952 5613 2774 2839 149984 23910 126074 111506 15259
cat_boundaries=0 2 4 6
cat_threshold=1323512386 70295 819488 50536 360186650 9517
is_linear=0
shrinkage=0.05


Tree=72
num_leaves=15
num_cat=5
split_feature=25 40 0 11 40 23 34 40 34 40 28 40 25 34
split_gain=13.6674 40.6783 21.1264 20.9571 14.3612 15.651 13.7095 24.6624 17.9575 21.1904 17.751 14.8128 31.6621 15.6234
threshold=0.0094490367919206637 0 -0.010652780532836912 0.97563108801841747 1 -0.039438094943761819 0.093441840261220946 2 0.094943266361951842 3 1.0000000180025095e-35 4 -6.3151765061775209e-05 0.24529089778661731
decision_type=2 9 2 2 9 10 2 9 2 9 2 9 2 2
left_child=6 2 -2 4 5 -4 7 -1 9 -8 11 12 -10 -13
right_child=1 -3 3 -5 -6 -7 8 -9 10 -11 -12 13 -14 -15
leaf_value=0.0039499391620613682 0.028253701665461546 -0.007823266879317203 -0.0047785679840244193 0.011115211196540936 -0.0057486125618120363 0.013395509601125802 0.026174553806273822 -0.0056022667019383276 -0.0031639688283777445 0.00010592256621481397 0.0033890675902495445 0.0003452803903998393 0.0017743007345464214 0.0047996447020156024
leaf_weight=936.85047335922718 71.737873941659927 1989.4191441237926 211.7521575242281 414.62060359120369 808.42414624989033 257.46019841730595 133.0071457773447 2337.3851182162762 8324.7952642887831 175.95314656198025 4322.0570621937513 12696.118945807219 5312.6803268790245 2325.712693631649
leaf_count=3758 289 8000 852 1670 3250 1037 534 9383 33413 706 17523 50930 21330 9342
internal_value=-8.13516e-05 -0.00295266 0.0025738 0.00141737 -0.00175695 0.00511144 0.00021362 -0.00287077 0.000517518 0.0124196 0.000404006 -4.65041e-05 -0.00123897 0.00103593
internal_weight=40318 3753.41 1763.99 1692.26 1277.64 469.212 36564.6 3274.24 33290.3 308.96 32981.4 28659.3 13637.5 15021.8
internal_count=162017 15098 7098 6809 5139 1889 146919 13141 133778 1240 132538 115015 54743 60272
cat_boundaries=0 2 4 6 8 10
cat_threshold=2440564797 60478 2436894732 2080 677183858 516 1047007781 81048 944320828 65204
is_linear=0
shrinkage=0.05


Tree=73
num_leaves=15
num_cat=3
split_feature=25 40 6 36 15 26 40 40 34 34 27 17 19 15
split_gain=12.2571 34.1142 15.6042 14.6752 13.6448 19.3972 17.1613 13.5402 22.703 17.763 16.6499 14.4381 14.6466 13.6483
threshold=0.0077167111448943624 0 -0.11530902236700057 0.12359945103526117 0.030474128201603893 3.5000000000000004 1 2 0.28794710338115698 0.42717051506042486 1.5000000000000002 0.038446489721536643 -0.0067169368267059317 0.035433605313301093
decision_type=2 9 2 2 2 2 9 9 2 2 2 2 2 2
left_child=3 2 -2 7 5 6 -3 11 13 10 -10 -1 -13 -9
right_child=1 4 -4 -5 -6 -7 -8 8 9 -11 -12 12 -14 -15
leaf_value=0.0019343171945484965 0.0094193876942980006 -0.0084006824271238394 -0.0081590348031167301 -0.0066842939488468249 0.0070415538395058449 0.0084238599546172539 0.0016278816374234461 -0.00065228979002138708 -0.011736280881505932 -0.003118191093491457 0.011420965098335997 -0.014263709050754168 -0.00069232595204728881 -0.0081689985743180447
leaf_weight=15881.741725638509 130.41415713727474 805.95313385128975 1994.1183284670115 711.03753799200058 757.99395309388638 449.72665466368198 882.65238758921623 15633.918702378869 80.83933998644352 395.00929316878319 882.53290741145611 260.1640784740448 800.20795007050037 623.41996961832047
leaf_count=63787 525 3238 8014 2864 3054 1813 3547 62827 325 1595 3551 1047 3222 2508
internal_value=7.10699e-05 -0.00223891 -0.00702507 0.00040033 0.00129595 -0.000744048 -0.00320635 0.000547188 -0.000423291 0.00577369 0.00942205 0.00155571 -0.0040781 -0.000943263
internal_weight=40289.7 5020.86 2124.53 35268.9 2896.33 2138.33 1688.61 34557.8 17615.7 1358.38 963.372 16942.1 1060.37 16257.3
internal_count=161917 20191 8539 141726 11652 8598 6785 138862 70806 5471 3876 68056 4269 65335
cat_boundaries=0 2 4 6
cat_threshold=3398904643 102919 69779596 17792 3465718128 112153
is_linear=0
shrinkage=0.05


Tree=74
num_leaves=15
num_cat=5
split_feature=8 40 37 40 2 40 40 1 27 4 40 37 24 8
split_gain=15.4597 31.2404 21.1546 23.4305 16.8591 20.5192 17.9686 15.1387 13.4764 15.4841 12.4233 12.6754 12.3 11.6317
threshold=72.042133331298842 0 -0.0027349992888048287 1 -0.042661905288696282 2 3 0.051729559898376472 5.5000000000000009 0.16714215278625491 4 0.077786765992641463 -33.852487564086907 24.266116142272953
decision_type=2 9 2 9 2 9 9 2 2 2 9 2 2 2
left_child=2 -2 3 12 6 -6 -5 13 -7 -10 11 -4 -1 -8
right_child=1 -3 10 4 5 8 7 -9 9 -11 -12 -13 -14 -15
leaf_value=-0.002686450661382061 -0.012277851477445336 0.00041366412844007357 0.001196647555056348 0.0056830645650086144 -0.0057227595322694707 -0.0034272796345577411 0.015090885281962389 -0.013926856951686724 -3.8478703828042201e-05 0.010858918877061042 1.0985579554944587e-05 0.0051294231042357469 -0.0083003676536735384 -8.4638979405966374e-05
leaf_weight=3506.5185091197491 764.21112479269505 1287.6021053045988 7015.4240276813507 1938.0632302761078 2208.6895872801542 1000.8412416130304 126.26221658289433 187.1649279743433 837.73911553621292 527.61983777582645 13402.494326487184 2894.7313460856676 1354.2149818390608 3302.697672560811
leaf_count=14094 3080 5182 28190 7792 8867 4018 509 753 3364 2119 53833 11642 5452 13282
internal_value=-0.000164003 -0.00438698 6.2629e-05 -0.00140236 -2.98359e-05 -0.00227663 0.00182024 -0.000268608 0.000963358 0.00419324 0.00100492 0.00234555 -0.00424972 0.000493862
internal_weight=40354.3 2051.81 38302.5 14989.8 10129.1 4574.89 5554.19 3616.12 2366.2 1365.36 23312.6 9910.16 4860.73 3428.96
internal_count=162177 8262 153915 60250 40704 18368 22336 14544 9501 5483 93665 39832 19546 13791
cat_boundaries=0 2 4 6 8 10
cat_threshold=854581390 645 3556923700 20768 187007178 8912 196182216 512 3859667364 6432
is_linear=0
shrinkage=0.05


Tree=75
num_leaves=15
num_cat=6
split_feature=33 40 33 40 6 33 29 40 32 40 40 25 5 40
split_gain=18.7914 23.8086 21.6783 20.1214 17.552 18.0219 14.9536 27.0447 17.6156 32.8722 23.6936 14.6194 15.9963 15.6116
threshold=0.031316934153437621 0 0.021652414463460449 1 -0.01803643815219402 0.029119948856532577 0.34066730737686163 2 0.74305018782615673 3 4 -0.019986770115792748 0.057711862027645118 5
decision_type=2 9 2 9 2 2 2 9 2 9 9 2 2 9
left_child=2 -2 6 -4 -5 -6 7 -1 10 -10 11 -8 -13 -14
right_child=1 -3 3 4 5 -7 8 -9 9 -11 -12 12 13 -15
leaf_value=0.0035467928881184 0.0038060215227749099 -0.019862599342221079 0.017069087814554566 0.01423964569954232 -0.0091097799703990529 0.021467525873294462 0.02553992674563987 -0.0010501887582033066 -0.0021179641900134776 0.0046486521353744205 -0.0033586318895708284 0.00042164407462387445 0.001941757277661847 -0.018951650584353233
leaf_weight=6378.2444338798523 175.81468579173088 248.75298863649368 335.5952375382185 179.4685231000185 318.49958288669586 51.709605887532234 51.406559646129608 6394.6039035916328 3566.5515127032995 3585.2888323664665 9717.3239660561085 8990.8008929640055 155.67836399376392 198.76635533571243
leaf_count=25643 709 1003 1356 726 1284 208 207 25708 14338 14409 39035 36110 627 801
internal_value=-9.14272e-05 -0.0104933 2.03654e-05 0.00773528 0.00158882 -0.00459636 -0.000155425 0.00124741 -0.000837909 0.00127792 -0.00162998 0.000161378 7.83047e-06 -0.0103349
internal_weight=40348.5 424.568 39923.9 885.273 549.678 370.209 39038.7 12772.8 26265.8 7151.84 19114 9396.65 9345.25 354.445
internal_count=162164 1712 160452 3574 2218 1492 156878 51351 105527 28747 76780 37745 37538 1428
cat_boundaries=0 2 4 6 8 10 12
cat_threshold=1549148544 90398 288047235 66986 2400234342 35191 875670183 92374 1889921215 40512 1075906597 4096
is_linear=0
shrinkage=0.05


Tree=76
num_leaves=15
num_cat=1
split_feature=34 40 33 34 33 39 26 33 33 33 33 27 37 37
split_gain=13.3745 19.6124 13.8141 24.3773 14.1258 19.4193 13.1453 14.8447 20.6117 14.8055 17.8123 16.6346 20.8209 15.4712
threshold=0.091051366180181517 0 -0.00093221967108547677 0.074584018439054503 -0.007595404051244258 -0.088478270918130861 3.5000000000000004 0.0051409658044576654 -0.0024100067093968387 0.0072138172108680019 -0.007595404051244258 10.500000000000002 0.034279368817806251 0.085664734244346633
decision_type=2 9 2 2 2 2 2 2 2 2 2 2 2 2
left_child=1 6 3 -3 5 -5 9 8 -8 10 -1 13 -13 -12
right_child=-2 2 -4 4 -6 -7 7 -9 -10 -11 11 12 -14 -15
leaf_value=0.020129979755371199 0.00030587793191809274 0.011787110274142157 -0.0033261665604472665 0.01829497058983327 -0.021425475717666162 -0.021359343047993272 -0.0022572128966493374 -0.01188478293792463 0.03045149228474095 0.015035807021752882 0.00058800716084777334 -0.036756383727086644 0.0012748388078879219 -0.019636204022200308
leaf_weight=71.520525529980659 37375.703500062227 81.58072629570961 973.85579381883144 57.3582573980093 398.88623124361038 56.138703987002373 77.749866545200348 49.829994365572929 117.75565661489964 121.4855732768774 703.18474750220776 78.800461977720261 62.073799178004265 104.13936823606491
leaf_count=287 150232 328 3906 231 1607 226 313 200 472 487 2821 316 249 418
internal_value=4.95999e-05 -0.00318593 -0.00698361 -0.0130107 -0.0170444 -0.00135058 0.00115621 0.0115432 0.0176868 -0.00110294 -0.00309451 -0.00494793 -0.020495 -0.00211943
internal_weight=40330.1 2954.36 1567.82 593.964 512.383 113.497 1386.54 245.336 195.506 1141.2 1019.72 948.198 140.874 807.324
internal_count=162093 11861 6298 2392 2064 457 5563 985 785 4578 4091 3804 565 3239
cat_boundaries=0 2
cat_threshold=744464753 41571
is_linear=0
shrinkage=0.05


Tree=77
num_leaves=15
num_cat=2
split_feature=27 37 34 34 26 34 40 34 40 34 34 34 34 19
split_gain=13.4443 19.4439 22.7377 54.2546 31.4183 23.0027 21.8902 20.2289 19.4042 17.5924 17.4016 17.023 12.9705 12.9363
threshold=2.5000000000000004 -0.19490811228752133 0.25724458694458013 0.27620802819728857 2.5000000000000004 0.32025340199470526 0 0.33257238566875463 1 0.21038374304771426 0.18487794697284701 0.14883933961391452 0.14588565379381183 0.0039426684379577645
decision_type=2 2 2 2 2 2 9 2 9 2 2 2 2 2
left_child=1 -1 6 -4 8 -6 9 -7 -5 10 11 12 -3 -13
right_child=-2 2 3 4 5 7 -8 -9 -10 -11 -12 13 -14 -15
leaf_value=0.023713898352449123 0.00030213462407757794 -0.0078223102676071472 -0.051574832935695182 0.0028537932088770917 0.029310267350331261 -0.023243762912832283 0.0005973042896589277 0.010118417505771991 -0.022222106311911752 0.0076847752784044796 -0.022096071234294409 0.011114477118078963 -0.031237825690919999 -0.0078599699276709813
leaf_weight=66.668523624539375 33830.555928915739 888.63779345154762 68.735282182693481 109.28185786306858 76.065422415733337 68.315858229994774 4000.9871425628662 114.53324674069881 261.63156953454018 197.1494584530592 188.18537762761116 211.35179090499878 59.459573179483414 148.76671598851681
leaf_count=269 135976 3572 276 439 306 275 16076 462 1051 794 756 850 239 598
internal_value=-9.69335e-05 -0.00218629 -0.00247548 -0.0109573 -0.00614538 0.00712882 -0.00142542 -0.00260661 -0.0153963 -0.00616196 -0.00805014 -0.00594941 -0.00945222 0.00326205
internal_weight=40290.3 6459.77 6393.1 698.563 629.828 258.915 5694.54 182.849 370.913 1693.55 1496.4 1308.22 948.097 360.119
internal_count=161939 25963 25694 2809 2533 1043 22885 737 1490 6809 6015 5259 3811 1448
cat_boundaries=0 2 4
cat_threshold=3827106368 24597 1637154944 13864
is_linear=0
shrinkage=0.05


Tree=78
num_leaves=15
num_cat=0
split_feature=33 24 24 26 33 33 9 33 10 34 27 33 39 34
split_gain=11.2192 31.1266 27.2298 32.2935 25.531 28.0201 22.8323 21.4232 19.8991 23.8363 18.8778 22.9772 29.1494 18.211
threshold=-0.00014735659351572392 -35.394817352294915 -35.437702178955071 3.5000000000000004 0.00018213402654509994 0.00074344081804156314 0.0025801106821745638 1.0000000180025095e-35 -0.0084437308833003027 0.074584018439054503 10.500000000000002 0.016640119254589084 -0.47474431991577143 0.092698752880096449
decision_type=2 2 2 2 2 2 2 2 2 2 2 2 2 2
left_child=1 8 3 7 -5 -6 -3 -2 -1 -10 -4 12 -12 -11
right_child=2 6 10 4 5 -7 -8 -9 9 13 11 -13 -14 -15
leaf_value=0.0064131291161696989 0.014341750407835405 -0.0068630564897253889 0.0018481358261615453 -0.026029586199760858 0.02345442354685303 0.0034293205635877915 -0.00081323309672967138 -0.002120019896634033 0.019984244451833166 -0.0072546438719975894 0.045432576646920936 -0.0070400392454928757 0.008839818973337665 0.00023974644298261263
leaf_weight=1303.71379314363 196.17400777339935 3069.0771192908287 7187.0161707997322 64.139304384589195 182.06738993525505 2727.7183404564857 3172.9001439362764 11222.757604077458 139.75554038584232 888.70012658834457 52.429685056209564 214.28912056982517 1246.4908450096846 8704.0419338643551
leaf_count=5244 787 12344 28909 257 730 10991 12751 45073 561 3576 212 867 5027 34938
internal_value=-7.68142e-06 -0.000971272 0.000713112 -0.000621525 0.00401462 0.00472211 -0.00379174 -0.00183062 0.000624503 -0.000153292 0.00292068 0.00798857 0.0104892 -0.000457453
internal_weight=40371.3 17278.2 23093.1 14392.9 2973.93 2909.79 6241.98 11418.9 11036.2 9732.5 8700.23 1513.21 1298.92 9592.74
internal_count=162267 69414 92853 57838 11978 11721 25095 45860 44319 39075 35015 6106 5239 38514
is_linear=0
shrinkage=0.05


Tree=79
num_leaves=15
num_cat=2
split_feature=33 26 33 33 34 34 40 33 33 34 15 40 34 34
split_gain=14.3387 35.3894 34.6529 34.1097 41.5517 35.4579 27.2291 26.2435 44.0133 34.3748 27.3617 30.9195 25.6277 30.5002
threshold=-0.00093221967108547677 3.5000000000000004 -0.0011588088818825779 -0.0032093746121972795 0.22309385985136035 0.14319245517253879 0 -0.027356095612049099 -0.013254566118121145 0.16556695103645327 0.032835733145475395 1 0.27928131818771368 0.32729247212409979
decision_type=2 2 2 2 2 2 9 2 2 2 2 9 2 2
left_child=1 2 -1 7 5 -5 -4 -3 9 -9 11 -10 -11 -14
right_child=-2 3 6 4 -6 -7 -8 8 10 12 -12 -13 13 -15
leaf_value=0.00063980581345245916 0.00097931573384963072 -0.028146751842138086 0.0065508365275487122 0.00038299523592140889 -0.031312002802171834 0.027981624270284635 -0.022243965210060578 -0.0084503201866405683 -0.016025361813300186 0.028340751690512967 -0.033294706549130637 -0.0022996655115178049 -0.029221394891755056 0.019909504320547819
leaf_weight=12681.775500267744 24262.979274168611 152.35293038189411 110.61028198897839 333.69699637591839 63.985188871622086 174.13198782503605 277.1958786547184 241.22425590455532 795.16355296969414 179.98275521397591 121.16494463384151 863.2444930523634 50.619537308812141 68.102794289588928
leaf_count=50917 97551 624 445 1338 258 699 1119 972 3206 724 489 3476 204 274
internal_value=0.000211435 -0.000944458 0.000186647 -0.00579543 0.00516988 0.0100367 -0.014439 -0.00833936 -0.00697845 0.00548151 -0.0107664 -0.00902234 0.0167028 -0.00133234
internal_weight=40376.2 16113.3 13069.6 3043.67 571.814 507.829 387.806 2471.86 2319.5 539.929 1779.57 1658.41 298.705 118.722
internal_count=162296 64745 52481 12264 2295 2037 1564 9969 9345 2174 7171 6682 1202 478
cat_boundaries=0 2 4
cat_threshold=3498226112 1120 1194226330 20542
is_linear=0
shrinkage=0.05


end of trees

feature_importances:
symbol_cat=246
mkt_rv21=154
mkt_ret_1d=145
dow=77
month=74
c_sma10=41
sector_ret_21=36
is_month_end=35
c_vwap=30
ret_5d=28
rel_sector_21=24
overnight_gap=19
macd_hist_norm=18
cs_rank_ret1=18
amihud=17
mom_12_1=15
rsi_14=15
deliv_dev=12
vol_trend=11
ret_63d=10
boll_pctb=10
sma10_sma50=9
rv_63=9
ret_1d=7
ret_21d=7
cs_rank_ret21=6
drawdown_252=6
macd_norm=5
boll_bw=5
beta_252=5
c_sma50=4
parkinson_21=4
range_norm=4
vol_surprise=4
cs_rank_volsurp=4
pct_deliv=3
atr_norm=1
rv_21=1
cs_rank_rv21=1

parameters:
[boosting: gbdt]
[objective: binary]
[metric: binary_logloss]
[tree_learner: serial]
[device_type: cpu]
[data_sample_strategy: bagging]
[data: ]
[valid: ]
[num_iterations: 80]
[learning_rate: 0.05]
[num_leaves: 15]
[num_threads: 4]
[seed: 42]
[deterministic: 1]
[force_col_wise: 0]
[force_row_wise: 1]
[histogram_pool_size: -1]
[max_depth: -1]
[min_data_in_leaf: 200]
[min_sum_hessian_in_leaf: 0.001]
[bagging_fraction: 0.8]
[pos_bagging_fraction: 1]
[neg_bagging_fraction: 1]
[bagging_freq: 1]
[bagging_seed: 400]
[bagging_by_query: 0]
[feature_fraction: 0.7]
[feature_fraction_bynode: 1]
[feature_fraction_seed: 30056]
[extra_trees: 0]
[extra_seed: 12879]
[early_stopping_round: 0]
[early_stopping_min_delta: 0]
[first_metric_only: 0]
[max_delta_step: 0]
[lambda_l1: 0.1]
[lambda_l2: 5]
[linear_lambda: 0]
[min_gain_to_split: 0]
[drop_rate: 0.1]
[max_drop: 50]
[skip_drop: 0.5]
[xgboost_dart_mode: 0]
[uniform_drop: 0]
[drop_seed: 17869]
[top_rate: 0.2]
[other_rate: 0.1]
[min_data_per_group: 100]
[max_cat_threshold: 32]
[cat_l2: 10]
[cat_smooth: 20]
[max_cat_to_onehot: 4]
[top_k: 20]
[monotone_constraints: ]
[monotone_constraints_method: basic]
[monotone_penalty: 0]
[feature_contri: ]
[forcedsplits_filename: ]
[refit_decay_rate: 0.9]
[cegb_tradeoff: 1]
[cegb_penalty_split: 0]
[cegb_penalty_feature_lazy: ]
[cegb_penalty_feature_coupled: ]
[path_smooth: 0]
[interaction_constraints: ]
[verbosity: -1]
[saved_feature_importance_type: 0]
[use_quantized_grad: 0]
[num_grad_quant_bins: 4]
[quant_train_renew_leaf: 0]
[stochastic_rounding: 1]
[linear_tree: 0]
[max_bin: 255]
[max_bin_by_feature: ]
[min_data_in_bin: 3]
[bin_construct_sample_cnt: 200000]
[data_random_seed: 175]
[is_enable_sparse: 1]
[enable_bundle: 1]
[use_missing: 1]
[zero_as_missing: 0]
[feature_pre_filter: 1]
[pre_partition: 0]
[two_round: 0]
[header: 0]
[label_column: ]
[weight_column: ]
[group_column: ]
[ignore_column: ]
[categorical_feature: 40,41]
[forcedbins_filename: ]
[precise_float_parser: 0]
[parser_config_file: ]
[objective_seed: 16083]
[num_class: 1]
[is_unbalance: 0]
[scale_pos_weight: 1]
[sigmoid: 1]
[boost_from_average: 1]
[reg_sqrt: 0]
[alpha: 0.9]
[fair_c: 1]
[poisson_max_delta_step: 0.7]
[tweedie_variance_power: 1.5]
[lambdarank_truncation_level: 30]
[lambdarank_norm: 1]
[label_gain: ]
[lambdarank_position_bias_regularization: 0]
[eval_at: ]
[multi_error_top_k: 1]
[auc_mu_weights: ]
[num_machines: 1]
[local_listen_port: 12400]
[time_out: 120]
[machine_list_filename: ]
[machines: ]
[gpu_platform_id: -1]
[gpu_device_id: -1]
[gpu_use_dp: 0]
[num_gpu: 1]

end of parameters

pandas_categorical:[["ADANIPORTS", "ASIANPAINT", "AXISBANK", "BAJAJ-AUTO", "BAJAJFINSV", "BAJFINANCE", "BHARTIARTL", "BPCL", "BRITANNIA", "CIPLA", "COALINDIA", "DRREDDY", "EICHERMOT", "GAIL", "GRASIM", "HCLTECH", "HDFC", "HDFCBANK", "HEROMOTOCO", "HINDALCO", "HINDUNILVR", "ICICIBANK", "INDUSINDBK", "INFY", "IOC", "ITC", "JSWSTEEL", "KOTAKBANK", "LT", "MARUTI", "MM", "NESTLEIND", "NTPC", "ONGC", "POWERGRID", "RELIANCE", "SBIN", "SHREECEM", "SUNPHARMA", "TATAMOTORS", "TATASTEEL", "TCS", "TECHM", "TITAN", "ULTRACEMCO", "UPL", "VEDL", "WIPRO", "ZEEL"], ["AUTOMOBILE", "CEMENT & CEMENT PRODUCTS", "CONSTRUCTION", "CONSUMER GOODS", "ENERGY", "FERTILISERS & PESTICIDES", "FINANCIAL SERVICES", "IT", "MEDIA & ENTERTAINMENT", "METALS", "PHARMA", "SERVICES", "TELECOM"]]
