tree
version=v4
num_class=1
num_tree_per_iteration=1
label_index=0
max_feature_idx=41
objective=regression
feature_names=ret_1d ret_5d ret_21d ret_63d mom_12_1 c_sma10 c_sma50 sma10_sma50 rsi_14 macd_norm macd_hist_norm boll_pctb boll_bw atr_norm rv_21 rv_63 rv_ratio parkinson_21 range_norm overnight_gap vol_surprise vol_trend pct_deliv deliv_dev amihud c_vwap dow month is_month_end cs_rank_ret1 cs_rank_ret21 cs_rank_rv21 cs_rank_volsurp mkt_ret_1d mkt_rv21 beta_252 rel_sector_21 sector_ret_21 regime drawdown_252 symbol_cat sector_cat
feature_infos=[-0.33539342880249023:0.29050922393798828] [-0.55552577972412109:0.52155399322509766] [-1.0605630874633789:0.81127047538757324] [-1.4420571327209473:1.4301002025604248] [-2.0913701057434082:2.394237756729126] [-0.38960584998130798:0.41373667120933533] [-0.63538634777069092:0.96833759546279907] [-0.55037587881088257:0.62138658761978149] [7.1279511451721191:94.787033081054688] [-0.49298614263534546:0.13874010741710663] [-0.088423416018486023:0.08130134642124176] [-0.51351809501647949:1.5343765020370483] [0.011128954589366913:1.3387584686279297] [0.0074734454974532127:0.24071347713470459] [0.0029149728361517191:0.1116195023059845] [0.0046013034880161285:0.076512239873409271] [0.12147980183362961:1.718988299369812] [0.0038011299911886454:0.1103220209479332] [0:0.5297052264213562] [-0.3765568733215332:0.22702705860137939] [-7.1645965576171875:5.8895869255065918] [0.019823728129267693:11.299847602844238] [0.023600000888109207:1] [-0.66891425848007202:0.81771427392959595] [-39.564857482910156:-22.382728576660156] [-0.11652342975139618:0.13046194612979889] [0:6] [1:12] [0:1] [0.020408162847161293:1] [0.020408162847161293:1] [0.020408162847161293:1] [0.020408162847161293:1] [-0.10609429329633713:0.13886605203151703] [0.060614865273237228:0.73461169004440308] [0.060895074158906937:2.8448631763458252] [-0.51129192113876343:0.50864702463150024] [-0.88394927978515625:0.62341302633285522] [0:2] [-0.88927578926086426:0] -1:35:21:24:43:17:1:8:40:11:30:46:15:9:12:16:47:18:23:39:36:7:25:14:20:33:38:48:2:19:5:13:22:27:37:6:29:45:28:44:41:32:26:42:34:0:4:3:31 -1:6:4:3:0:7:9:10:1:8:12:5:2:11
tree_sizes=1634 1655 1612 1629 1619 1643 1645 1662 1651 1647 1622 1639 1620 1622 1618 1660 1651 1682 1618 1633 1661 1603 1595 1642 1664 1628 1648 1588 1614 1616 1629 1611 1591 1642 1631 1640 1603 1614 1655 1624 1643 1657 1634 1594 1624 1631 1626 1653 1600 1626 1631 1640 1643 1576 1620 1667 1645 1609 1548 1617 1627 1639 1659 1613 1602 1617 1597 1663 1652 1600 1646 1656 1643 1622 1631 1619 1641 1638 1625 1643 1625 1594 1593 1631 1633 1637 1609 1610 1622 1611

Tree=0
num_leaves=15
num_cat=1
split_feature=33 28 34 1 26 34 5 39 33 26 34 40 37 1
split_gain=0.256469 0.0834437 0.075804 0.0705041 0.0651635 0.104633 0.0546393 0.0618134 0.0512882 0.117776 0.0474156 0.0461254 0.043021 0.0359587
threshold=0.0062038460746407518 1.0000000180025095e-35 0.65775698423385631 -0.14700436592102048 2.5000000000000004 0.52650606632232677 0.095630150288343443 -0.50719577074050892 -0.027356095612049099 3.5000000000000004 0.40313921868801122 0 -0.2151408568024635 -0.074965238571166978
decision_type=2 2 2 2 2 2 2 2 2 2 2 9 2 2
left_child=1 2 3 -1 6 10 7 -2 9 12 11 -6 -5 -10
right_child=4 -3 -4 8 5 -7 -8 -9 13 -11 -12 -13 -14 -15
leaf_value=0.0010897911662145255 0.0011663192738124275 0.00078100012161418108 -0.00016782499973300505 3.6957217796219433e-05 0.00095198931399971131 0.0015257587505886996 0.00038282966092716597 0.00075521789358811613 0.00079860871436337967 -0.00028875187805788721 0.00018230018715761009 0.00079453151028382291 0.00068828490565010455 0.00064955126935642221
leaf_weight=913 946 14301 277 294 8356 597 936 26633 4205 464 251 10907 1791 91079
leaf_count=913 946 14301 277 294 8356 597 936 26633 4205 464 251 10907 1791 91079
internal_value=0.000709451 0.000668267 0.000651932 0.000654327 0.00080553 0.000874549 0.000756656 0.000769581 0.000650192 0.00042863 0.000854165 0.000863313 0.000592669 0.000656186
internal_weight=161950 113324 99023 98746 48626 20111 28515 27579 97833 2549 19514 19263 2085 95284
internal_count=161950 113324 99023 98746 48626 20111 28515 27579 97833 2549 19514 19263 2085 95284
cat_boundaries=0 2
cat_threshold=2036863013 84402
is_linear=0
shrinkage=1


Tree=1
num_leaves=15
num_cat=1
split_feature=33 26 1 33 26 5 37 27 40 24 27 33 26 33
split_gain=0.250419 0.0617276 0.0603198 0.0516149 0.127327 0.0441289 0.0422743 0.040428 0.0402265 0.0348788 0.0304631 0.0302894 0.0453486 0.0443657
threshold=0.0062038460746407518 2.5000000000000004 -0.14700436592102048 -0.027356095612049099 3.5000000000000004 0.11830112338066102 -0.2151408568024635 8.5000000000000018 0 -34.266408920288079 6.5000000000000009 -0.00093221967108547677 3.5000000000000004 -0.0032093746121972795
decision_type=2 2 2 2 2 2 2 2 9 2 2 2 2 2
left_child=2 5 7 4 6 9 -4 -1 -3 -2 -6 12 -5 -14
right_child=1 8 3 11 10 -7 -8 -9 -10 -11 -12 -13 13 -15
leaf_value=0.00059292278245882089 2.600103080326462e-05 8.2902139480982374e-05 -0.00062078575441607507 -4.0074445908369253e-05 -0.0014094798303635955 -0.00041003669884199281 -6.3722317851440102e-06 -3.540197169094191e-05 0.00022661133369033398 0.00015872530236639133 -0.0005740388068408396 -8.1606463723120702e-06 -0.00019864855188829391 4.6023832669190044e-05
leaf_weight=621 21512 8962 323 49220 227 508 2033 408 11172 6480 287 48807 9321 2271
leaf_count=621 21512 8962 323 49220 227 508 2033 408 11172 6480 287 48807 9321 2271
internal_value=1.01284e-06 9.59675e-05 -3.96265e-05 -4.31585e-05 -0.000252599 4.83581e-05 -9.38604e-05 0.000339989 0.000163082 5.69274e-05 -0.000962656 -3.76181e-05 -6.11755e-05 -0.000150284
internal_weight=162152 48634 113518 112489 2870 28500 2356 1029 20134 27992 514 109619 60812 11592
internal_count=162152 48634 113518 112489 2870 28500 2356 1029 20134 27992 514 109619 60812 11592
cat_boundaries=0 2
cat_threshold=2191256328 42573
is_linear=0
shrinkage=0.05


Tree=2
num_leaves=15
num_cat=0
split_feature=33 28 34 5 26 24 5 34 26 26 33 26 33 26
split_gain=0.2098 0.0866043 0.0810679 0.0650955 0.063715 0.0448308 0.0473478 0.0436341 0.0506657 0.0565081 0.0597819 0.0500409 0.0384037 0.107237
threshold=0.0067351164761930713 1.0000000180025095e-35 0.65775698423385631 -0.13081236928701398 1.5000000000000002 -35.311147689819329 0.095630150288343443 0.26338146626949316 3.5000000000000004 2.5000000000000004 -0.022489253431558606 1.0000000180025095e-35 -0.027356095612049099 3.5000000000000004
decision_type=2 2 2 2 2 2 2 2 2 2 2 2 2 2
left_child=1 2 3 4 -1 -2 -7 -3 9 10 -9 -12 13 -5
right_child=5 7 -4 12 -6 6 -8 8 -10 -11 11 -13 -14 -15
leaf_value=0.0010776079571200902 5.2120384262023956e-05 0.00010907390626117811 -0.00088806111924895977 -8.5135152424586317e-05 -3.8698854149385757e-05 0.00017157837661369469 -0.0001923969261473615 0.00047085254579356097 -0.00078590060220397979 0.0006327975020630483 -0.00094539898118525519 -0.00010711436170463742 -4.4677924073953193e-05 -0.00091565323672800037
leaf_weight=249 27064 13345 283 2149 240 17752 924 244 270 248 280 522 98153 475
leaf_count=249 27064 13345 283 2149 240 17752 924 244 270 248 280 522 98153 475
internal_value=2.7766e-06 -3.28298e-05 -4.93818e-05 -4.69449e-05 0.00052476 9.35365e-05 0.000153256 7.95538e-05 -0.000168687 -3.35242e-05 -0.000198521 -0.000410022 -4.97945e-05 -0.000238834
internal_weight=162198 116458 101549 101266 489 45740 18676 14909 1564 1294 1046 802 100777 2624
internal_count=162198 116458 101549 101266 489 45740 18676 14909 1564 1294 1046 802 100777 2624
is_linear=0
shrinkage=0.05


Tree=3
num_leaves=15
num_cat=0
split_feature=33 1 33 26 18 26 34 5 34 4 33 34 1 37
split_gain=0.192629 0.0784416 0.0525579 0.125903 0.0524424 0.0503977 0.0762293 0.0599527 0.0442758 0.0398495 0.0353498 0.0297567 0.0222467 0.0294126
threshold=0.0062038460746407518 -0.14700436592102048 -0.033596089109778397 1.5000000000000002 0.11276337876915933 2.5000000000000004 0.52650606632232677 0.083905823528766646 0.40313921868801122 -0.61398339271545399 0.021652414463460449 0.56372356414794933 -0.074965238571166978 -0.0027349992888048287
decision_type=2 2 2 2 2 2 2 2 2 2 2 2 2 2
left_child=1 4 3 -3 -1 7 8 9 10 -2 -7 12 -4 -14
right_child=5 2 11 -5 -6 6 -8 -9 -10 -11 -12 -13 13 -15
leaf_value=0.00012572088767457104 0.00043280666622556689 0.00015047823233747638 7.1848362559865099e-05 -0.00071389046095106422 0.00088639935569066568 0.00011475029521722321 0.00069358294357979111 -0.0002844973065034218 -0.00053231272832612549 4.7840497937695026e-05 0.00035434646665208802 -0.00037446124211883917 -7.2363873360620421e-05 -1.7064303107710095e-05
leaf_weight=660 689 765 4890 908 358 17544 614 1333 243 26424 1713 636 37614 67587
leaf_count=660 689 765 4890 908 358 17544 614 1333 243 26424 1713 636 37614 67587
internal_value=1.35432e-06 -3.42924e-05 -3.82982e-05 -0.000316397 0.000401141 8.47096e-05 0.000145377 4.16185e-05 0.000127686 5.78857e-05 0.00013641 -3.40371e-05 -3.20081e-05 -3.68864e-05
internal_weight=161978 113418 112400 1673 1018 48560 20114 28446 19500 27113 19257 110727 110091 105201
internal_count=161978 113418 112400 1673 1018 48560 20114 28446 19500 27113 19257 110727 110091 105201
is_linear=0
shrinkage=0.05


Tree=4
num_leaves=15
num_cat=4
split_feature=19 34 37 34 39 37 37 5 40 34 3 40 40 40
split_gain=0.0602221 0.052889 0.0365409 0.0450251 0.0377324 0.0533271 0.0275343 0.0222659 0.0232647 0.021528 0.0494406 0.0289941 0.0275494 0.0211908
threshold=0.0029522776603698735 0.28794710338115698 -0.29573123157024378 0.65775698423385631 -0.28508357703685755 0.16840849071741107 -0.0027349992888048287 0.067388791590929045 0 0.31180919706821447 -0.0907003879547119 1 2 3
decision_type=2 2 2 2 2 2 2 2 9 2 2 9 9 9
left_child=6 -2 -3 4 5 13 9 -8 -9 -1 11 -11 -12 -4
right_child=1 2 3 -5 -6 -7 7 8 -10 10 12 -13 -14 -15
leaf_value=-4.8324594810163702e-05 1.9654373999686007e-05 0.00075808833141987665 1.7935173138045232e-05 -0.00057162541971802106 6.1487614732590491e-05 0.00077963332920655975 1.1444239993102948e-06 0 -0.00031376337048633529 0.00023025524815005962 -0.00017299341007235045 -0.00015867754902988639 -0.00066701132239994085 0.0003249685111653399
leaf_weight=32336 61373 247 1008 208 4026 485 54966 1155 1156 680 622 1506 621 1398
leaf_count=32336 61373 247 1008 208 4026 485 54966 1155 1156 680 622 1506 621 1398
internal_value=-5.02973e-07 3.49532e-05 0.000161541 0.000139642 0.00016215 0.000300258 -2.67543e-05 -5.16406e-06 -0.000157046 -6.11854e-05 -0.000180762 -3.48339e-05 -0.000432224 0.000200136
internal_weight=161787 68745 7372 7125 6917 2891 93042 57277 2311 35765 3429 2186 1243 2406
internal_count=161787 68745 7372 7125 6917 2891 93042 57277 2311 35765 3429 2186 1243 2406
cat_boundaries=0 2 4 6 8
cat_threshold=228069811 52514 587469378 17011 110367650 114784 877246754 35844
is_linear=0
shrinkage=0.05


Tree=5
num_leaves=15
num_cat=1
split_feature=33 28 10 34 33 26 40 34 24 34 26 26 33 26
split_gain=0.17791 0.0703231 0.0655762 0.0598228 0.0544912 0.109492 0.0463413 0.0456003 0.0404928 0.0357529 0.0471545 0.0535428 0.0534976 0.0478748
threshold=0.0068816733546555051 1.0000000180025095e-35 -0.020237515680491921 0.65775698423385631 -0.027356095612049099 3.5000000000000004 0 0.37141688168048864 -35.49976730346679 0.26338146626949316 3.5000000000000004 2.5000000000000004 -0.022489253431558606 1.5000000000000002
decision_type=2 2 2 2 2 2 9 2 2 2 2 2 2 2
left_child=1 2 7 4 5 -4 8 -1 -2 -3 11 12 -11 -14
right_child=6 9 3 -5 -6 -7 -8 -9 -10 10 -12 -13 13 -15
leaf_value=0.00012162454927525 6.5644572100482897e-05 9.5251992765653756e-05 -0.00011434608206086286 -0.00076239419838701906 -4.326915377109248e-05 -0.00094762752215019324 3.9982326536264158e-05 0.00082802138390190264 0.00021083620944960647 0.00045292010244216098 -0.0007408455312489093 0.00062024475382472133 -0.00066483738184231226 0.00013373395179948724
leaf_weight=836 9200 13454 2063 291 97983 489 25450 323 10357 240 278 251 525 274
leaf_count=836 9200 13454 2063 291 97983 489 25450 323 10357 240 278 251 525 274
internal_value=2.9553e-07 -3.21694e-05 -4.70756e-05 -5.14239e-05 -4.92784e-05 -0.000277511 8.48017e-05 0.000325496 0.000142752 6.86786e-05 -0.00015573 -2.34007e-05 -0.000185907 -0.000385637
internal_weight=162014 117007 101985 100826 100535 2552 45007 1159 19557 15022 1568 1290 1039 799
internal_count=162014 117007 101985 100826 100535 2552 45007 1159 19557 15022 1568 1290 1039 799
cat_boundaries=0 2
cat_threshold=1567232053 31136
is_linear=0
shrinkage=0.05


Tree=6
num_leaves=15
num_cat=1
split_feature=33 34 1 26 34 3 5 39 33 33 26 40 34 33
split_gain=0.164027 0.07004 0.0535085 0.0515249 0.0814535 0.0408365 0.0399564 0.0504036 0.0370482 0.0346588 0.118252 0.0339476 0.031195 0.0251102
threshold=0.0062038460746407518 0.65775698423385631 -0.14700436592102048 2.5000000000000004 0.52650606632232677 0.21045517921447757 0.089195508509874358 -0.50719577074050892 0.01325996406376362 -0.033596089109778397 1.5000000000000002 0 0.37141688168048864 -0.00093221967108547677
decision_type=2 2 2 2 2 2 2 2 2 2 2 9 2 2
left_child=1 2 11 6 5 -5 7 -2 -7 10 -4 -1 -13 -11
right_child=3 -3 9 4 -6 8 -8 -9 -10 13 -12 12 -14 -15
leaf_value=-0.00019823793671093883 0.00040511567143127402 -0.00081832383978405168 0.00020239086823370381 8.5721735167845615e-05 0.00070436446875138457 0.0001458231391647447 -0.00025821614755036886 3.3163829064985454e-05 0.00048153132853522273 -5.1041307546356784e-05 -0.00065155994939765632 0.00025158497051918467 0.0009506812866108017 -2.9421054174771449e-06
leaf_weight=214 942 278 729 15969 616 2273 1113 26409 1349 61739 885 501 256 48820
leaf_count=214 942 278 729 15969 616 2273 1113 26409 1349 61739 885 501 256 48820
internal_value=8.87288e-07 -3.20297e-05 -3.00174e-05 7.76945e-05 0.000138824 0.000120611 3.41055e-05 4.62288e-05 0.000272726 -3.32639e-05 -0.000263331 0.000338149 0.000492785 -2.98483e-05
internal_weight=162093 113422 113144 48671 20207 19591 28464 27351 3622 112173 1614 971 757 110559
internal_count=162093 113422 113144 48671 20207 19591 28464 27351 3622 112173 1614 971 757 110559
cat_boundaries=0 2
cat_threshold=1078460576 9216
is_linear=0
shrinkage=0.05


Tree=7
num_leaves=15
num_cat=1
split_feature=28 34 1 34 34 34 34 19 34 1 25 34 40 34
split_gain=0.0772821 0.0460646 0.0475167 0.0430097 0.0499431 0.0386158 0.0496263 0.0343772 0.0469078 0.0304629 0.0291577 0.028409 0.0283645 0.0266233
threshold=1.0000000180025095e-35 0.65775698423385631 -0.18122911453247068 0.52650606632232677 0.37141688168048864 0.33257238566875463 0.31180919706821447 -0.002284079790115356 0.28794710338115698 0.01170635223388672 -0.00016994652833091092 0.089960396289825453 0 0.42717051506042486
decision_type=2 2 2 2 2 2 2 2 2 2 2 2 9 2
left_child=1 2 -1 4 5 6 11 13 10 -8 -9 -2 -10 -4
right_child=3 -3 7 -5 -6 -7 9 8 12 -11 -12 -13 -14 -15
leaf_value=0.00044654195897560038 -0.00011375740339160956 -0.00053223586018670901 -4.775795031884835e-05 0.0005434834171251391 -0.00047637040750317828 0.00075916863287713108 -2.3663155702725127e-05 -3.3786988993639335e-05 0.00024001528414686478 -0.00086254963133080296 2.1485002188648692e-05 0.00010976746129742351 4.4692767255431211e-05 -0.00029161846152468967
leaf_weight=559 1513 421 33724 506 392 209 242 52269 2950 212 43799 18650 5257 1163
leaf_count=559 1513 421 33724 506 392 209 242 52269 2950 212 43799 18650 5257 1163
internal_value=7.34942e-07 -1.28373e-05 -1.12175e-05 8.85026e-05 7.72913e-05 8.80645e-05 8.08365e-05 -1.31082e-05 1.21992e-06 -0.000431412 -8.53572e-06 9.27225e-05 0.00011596 -5.60713e-05
internal_weight=161866 140142 139721 21724 21218 20826 20617 139162 104275 454 96068 20163 8207 34887
internal_count=161866 140142 139721 21724 21218 20826 20617 139162 104275 454 96068 20163 8207 34887
cat_boundaries=0 2
cat_threshold=678301837 21680
is_linear=0
shrinkage=0.05


Tree=8
num_leaves=15
num_cat=4
split_feature=33 28 1 18 33 40 2 33 40 27 40 40 5 24
split_gain=0.136639 0.0572723 0.0486256 0.0463704 0.0402206 0.0381488 0.0334087 0.0323762 0.0321661 0.0305003 0.0285895 0.0281171 0.0276757 0.0241667
threshold=0.0062038460746407518 1.0000000180025095e-35 -0.087925434112548814 0.17222019284963611 -0.0092600961215794069 0 -0.2341349124908447 -0.033596089109778397 1 1.5000000000000002 2 3 0.083905823528766646 -36.13636398315429
decision_type=2 2 2 2 2 9 2 2 9 2 9 9 2 2
left_child=1 2 3 7 5 9 11 -1 13 -4 -9 -2 -10 -8
right_child=6 -3 4 -5 -6 -7 8 10 12 -11 -12 -13 -14 -15
leaf_value=-0.00024871458913992042 -6.85947877227806e-05 6.3847209129517225e-05 -0.00056104687249353136 0.0008339433377025226 -3.3628383512890679e-05 -6.3111198733160475e-05 4.3491671374698424e-05 3.9074123970065493e-06 3.9150231696531145e-05 -0.00017699654152524371 0.0002979676334008706 0.00056912112382942275 -0.00024350933654931491 0.0001567361731747845
leaf_weight=609 228 14319 578 214 74711 12946 7828 1800 26759 6176 1580 580 886 12420
leaf_count=609 228 14319 578 214 74711 12946 7828 1800 26759 6176 1580 580 886 12420
internal_value=7.1813e-07 -2.94396e-05 -4.30383e-05 0.000122926 -5.04858e-05 -0.000114138 7.07495e-05 8.25337e-05 6.52212e-05 -0.000210682 0.000143974 0.000389863 2.98572e-05 0.000113168
internal_weight=161634 112933 98614 4203 94411 19700 48701 3989 47893 6754 3380 808 27645 20248
internal_count=161634 112933 98614 4203 94411 19700 48701 3989 47893 6754 3380 808 27645 20248
cat_boundaries=0 2 4 6 8
cat_threshold=1214779431 95392 1365987381 22944 1428224176 93984 201343008 33152
is_linear=0
shrinkage=0.05


Tree=9
num_leaves=15
num_cat=1
split_feature=33 26 33 5 33 39 5 24 5 5 40 36 33 15
split_gain=0.113427 0.0434881 0.116289 0.0806138 0.0798356 0.0495543 0.0372643 0.0427181 0.033951 0.0323149 0.0310715 0.025856 0.0251688 0.0505373
threshold=0.0037542526843026285 3.5000000000000004 -0.0032093746121972795 -0.06711204349994658 -0.027356095612049099 -0.60420480370521534 0.11830112338066102 -34.383867263793938 -0.10686254128813742 0.10481130331754686 0 -0.018325655721127983 -0.013254566118121145 0.029253394342958931
decision_type=2 2 2 2 2 2 2 2 2 2 9 2 2 2
left_child=1 3 4 5 -3 -1 7 11 -7 -5 -10 -2 -6 -14
right_child=6 2 -4 9 12 8 -8 -9 10 -11 -12 -13 13 -15
leaf_value=-0.00031655216171928868 8.2671962783651478e-05 -0.00076769941492654684 2.447136615620156e-05 -2.6586668326041643e-05 -3.0105860903066792e-05 0.00060837409942301156 -0.00027376562441338241 0.00013029175677564569 0.00044671369336898409 -0.00041056406950330771 5.860951512905357e-05 5.4827253202285536e-06 -0.00018040374105508951 -0.0006059882155424088
leaf_weight=370 16652 628 9225 75457 2130 657 864 14531 797 549 1551 31565 6371 796
leaf_count=370 16652 628 9225 75457 2130 657 864 14531 797 549 1551 31565 6371 796
internal_value=-1.53576e-06 -3.51668e-05 -0.000102846 -1.87714e-05 -0.00022164 0.000219985 5.04767e-05 5.50424e-05 0.000288125 -2.94528e-05 0.000195289 3.22499e-05 -0.000183824 -0.000228758
internal_weight=162143 98531 19150 79381 9925 3375 63612 62748 3005 76006 2348 48217 9297 7167
internal_count=162143 98531 19150 79381 9925 3375 63612 62748 3005 76006 2348 48217 9297 7167
cat_boundaries=0 2
cat_threshold=848625904 45146
is_linear=0
shrinkage=0.05


Tree=10
num_leaves=15
num_cat=0
split_feature=33 1 27 33 33 17 28 24 17 33 27 33 1 36
split_gain=0.107327 0.037453 0.0422436 0.0405729 0.055444 0.0391169 0.0375964 0.0347433 0.0281888 0.0268846 0.0377844 0.0288714 0.0236195 0.0221349
threshold=0.003859672113321722 -0.10967993736267088 4.5000000000000009 -0.04587933421134948 -0.031101967208087441 0.053929559886455543 1.0000000180025095e-35 -35.179067611694329 0.042040437459945686 -0.0092600961215794069 1.5000000000000002 -0.0111436964944005 0.1533467769622803 -0.014709734823554753
decision_type=2 2 2 2 2 2 2 2 2 2 2 2 2 2
left_child=1 2 8 -4 -5 6 9 13 -1 10 -3 -12 -9 -2
right_child=7 5 3 4 -6 -7 -8 12 -10 -11 11 -13 -14 -15
leaf_value=0.0002402893427397411 7.09163301098268e-05 -0.0003169532690282126 0.00062541236071425794 -0.0007067227317100527 7.0159514525034507e-05 -0.00029984521310096062 4.9707312472322299e-05 0.00010859254119043206 0.00092915014877513924 -2.9909223106701921e-05 -4.1062086646918448e-05 -0.00019375011206936347 -0.00021931184661245644 -5.6498044496325964e-06
leaf_weight=472 14883 1780 238 275 1238 1407 11655 21867 238 63648 14329 3998 549 25506
leaf_count=472 14883 1780 238 275 1238 1407 11655 21867 238 63648 14329 3998 549 25506
internal_value=-8.05261e-07 -3.31963e-05 0.000158841 2.352e-05 -6.9614e-05 -3.81373e-05 -3.421e-05 5.03154e-05 0.000483079 -4.59496e-05 -9.64562e-05 -7.46872e-05 0.000100292 2.24457e-05
internal_weight=162083 99278 2461 1751 1513 96817 95410 62805 710 83755 20107 18327 22416 40389
internal_count=162083 99278 2461 1751 1513 96817 95410 62805 710 83755 20107 18327 22416 40389
is_linear=0
shrinkage=0.05


Tree=11
num_leaves=15
num_cat=3
split_feature=33 26 17 11 5 40 2 33 39 0 40 25 40 33
split_gain=0.117664 0.0391932 0.0336597 0.0691576 0.0336371 0.0330354 0.0321427 0.0391557 0.0320025 0.0247918 0.020108 0.0222769 0.0192174 0.0316766
threshold=0.0067351164761930713 2.5000000000000004 0.051846021786332137 0.079141762107610716 0.095630150288343443 0 0.021664857864379886 -0.010929068084806202 -0.643823742866516 0.035259246826171882 1 0.021101557649672035 2 -0.017450836487114426
decision_type=2 2 2 2 2 9 2 2 2 2 9 2 9 2
left_child=2 4 -1 -4 8 9 12 -8 -2 -3 -10 -12 13 -5
right_child=1 5 3 6 -6 -7 7 -9 10 -11 11 -13 -14 -15
leaf_value=-2.3790366844479789e-05 0.00050552632567764757 0.00015141180783093304 0.00053307711263865954 -0.0010983427709264138 -0.00026727658031127619 5.3037630952088903e-05 0.0004806023264991231 -0.00031594005432171169 0.00010248903915690852 0.00037316990789213649 1.2634699981783844e-05 -0.00035995786344006418 -0.00026352856037691774 -0.00033534263781860189
leaf_weight=114343 359 8053 263 262 920 8971 237 418 7280 1548 17991 405 790 345
leaf_count=114343 359 8053 263 262 920 8971 237 418 7280 1548 17991 405 790 345
internal_value=-1.0308e-06 6.71052e-05 -2.76662e-05 -0.000216483 2.83468e-05 0.000123066 -0.000316045 -1.86922e-05 3.90346e-05 0.000187667 3.22203e-05 4.06232e-06 -0.000451332 -0.000668211
internal_weight=162185 45527 116658 2315 26955 18572 2052 655 26035 9601 25676 18396 1397 607
internal_count=162185 45527 116658 2315 26955 18572 2052 655 26035 9601 25676 18396 1397 607
cat_boundaries=0 2 4 6
cat_threshold=2104242725 22962 423907376 30752 1281888772 9632
is_linear=0
shrinkage=0.05


Tree=12
num_leaves=15
num_cat=0
split_feature=33 28 34 34 10 1 33 27 34 27 33 33 19 33
split_gain=0.1063 0.041356 0.0380124 0.0328453 0.0862305 0.0327282 0.033219 0.0370679 0.0318389 0.0276185 0.03199 0.0584816 0.0251269 0.0248188
threshold=0.0079302261583507078 1.0000000180025095e-35 0.65775698423385631 0.56372356414794933 -0.0031726215966045852 -0.10967993736267088 -0.0088437395170330984 1.5000000000000002 0.52650606632232677 4.5000000000000009 -0.04587933421134948 -0.031101967208087441 0.0048887729644775399 0.031316934153437621
decision_type=2 2 2 2 2 2 2 2 2 2 2 2 2 2
left_child=1 2 5 13 -5 9 7 -7 -8 12 -11 -12 -1 -2
right_child=3 -3 -4 4 -6 6 8 -9 -10 10 11 -13 -14 -15
leaf_value=0.00019770825206774883 7.3543372925929609e-05 5.2075858711727571e-05 -0.00062223591142974337 0.00098893749193827252 -9.030452642916245e-05 -0.00030252994695127228 -1.9812167921343923e-05 -7.1102834476069094e-05 -0.0004366317547545967 0.00059391543328141171 -0.00077235686459604556 9.4037742025782583e-05 0.00088083871462106024 -0.0001431926049987038
leaf_weight=450 36427 15942 270 335 388 1912 82696 19841 457 220 228 1159 209 1351
leaf_count=450 36427 15942 270 335 388 1912 82696 19841 457 220 228 1159 209 1351
internal_value=-2.74429e-07 -2.29383e-05 -3.41172e-05 7.22202e-05 0.000406249 -3.256e-05 -3.66622e-05 -9.1739e-05 -2.21892e-05 0.000154817 3.91636e-05 -4.7054e-05 0.000426893 6.56423e-05
internal_weight=161885 123384 107442 38501 723 107172 104906 21753 83153 2266 1607 1387 659 37778
internal_count=161885 123384 107442 38501 723 107172 104906 21753 83153 2266 1607 1387 659 37778
is_linear=0
shrinkage=0.05


Tree=13
num_leaves=15
num_cat=0
split_feature=33 34 28 26 34 34 27 5 33 26 37 3 18 34
split_gain=0.082002 0.0412582 0.0395493 0.0381232 0.0516356 0.0408238 0.0344799 0.0340071 0.0424897 0.0544924 0.0457646 0.0329734 0.0328432 0.0292731
threshold=0.0068816733546555051 0.65775698423385631 1.0000000180025095e-35 2.5000000000000004 0.52650606632232677 0.40313921868801122 8.5000000000000018 -0.10686254128813742 -0.027356095612049099 3.5000000000000004 -0.2151408568024635 0.1882436275482178 0.12281997874379159 0.22309385985136035
decision_type=2 2 2 2 2 2 2 2 2 2 2 2 2 2
left_child=1 2 7 6 5 11 12 -1 9 10 -9 -5 -2 -11
right_child=3 -3 -4 4 -6 -7 -8 8 -10 13 -12 -13 -14 -15
leaf_value=0.00026595805145591782 -1.4041542229011921e-05 -0.0006191893854775117 5.4149104726993759e-05 6.8133686816063352e-05 0.00057317246863816337 -0.00058001243428582407 9.6675293691016512e-05 -0.00075415978615522839 -3.0243419948890866e-05 -0.00024855153512384 -3.1036668655392108e-05 0.00023516808392680475 -0.00057995456069335094 -0.0010950094018867471
leaf_weight=936 17186 285 15039 13540 588 213 9201 248 98314 206 1761 3839 256 252
leaf_count=936 17186 285 15039 13540 588 213 9201 248 98314 206 1761 3839 256 252
internal_value=-8.65608e-07 -2.29197e-05 -2.13949e-05 5.66062e-05 0.000112472 9.66309e-05 1.82842e-05 -3.26155e-05 -3.54511e-05 -0.000240483 -0.000124436 0.000105376 -2.2798e-05 -0.000731883
internal_weight=161864 117041 116756 44823 18180 17592 26643 101717 100781 2467 2009 17379 17442 458
internal_count=161864 117041 116756 44823 18180 17592 26643 101717 100781 2467 2009 17379 17442 458
is_linear=0
shrinkage=0.05


Tree=14
num_leaves=15
num_cat=0
split_feature=33 1 24 28 37 33 26 26 17 34 34 3 34 34
split_gain=0.0911286 0.0386872 0.03738 0.0293823 0.0289949 0.0386869 0.0582929 0.0366122 0.0861211 0.0268791 0.0312453 0.0364064 0.0270431 0.0242439
threshold=0.003859672113321722 -0.14700436592102048 -35.437702178955071 1.0000000180025095e-35 -0.0027349992888048287 -0.025705291889607903 3.5000000000000004 2.5000000000000004 0.042798463255167014 0.56372356414794933 0.32729247212409979 -0.14832067489624021 0.31180919706821447 0.32025340199470526
decision_type=2 2 2 2 2 2 2 2 2 2 2 2 2 2
left_child=1 -1 -2 -4 5 6 7 8 -3 10 12 -12 -7 -6
right_child=2 4 3 -5 13 9 -8 -9 -10 -11 11 -13 -14 -15
leaf_value=0.00027990034116180624 1.4986007983055503e-05 -2.1304055959835301e-05 7.0410007169187632e-05 0.00022001034839355576 -1.6589027422852665e-05 -5.241999395683327e-05 -0.00073750654639711611 0.00029038872946215408 -0.00088249894064273786 -0.00040239340680067227 0.0004282103390963789 -0.0001057124778350199 -0.0004863758933701161 0.00017493369900812932
leaf_weight=989 37438 1161 21632 3925 57559 34218 505 395 388 543 720 546 361 1693
leaf_count=989 37438 1161 21632 3925 57559 34218 505 395 388 543 720 546 361 1693
internal_value=-1.46502e-08 -2.99405e-05 4.69718e-05 9.36195e-05 -3.31296e-05 -6.673e-05 -0.000259428 -0.000131097 -0.000242383 -5.35897e-05 -4.8111e-05 0.000194496 -5.71647e-05 -1.1018e-05
internal_weight=162073 99078 62995 25557 98089 38837 2449 1944 1549 36388 35845 1266 34579 59252
internal_count=162073 99078 62995 25557 98089 38837 2449 1944 1549 36388 35845 1266 34579 59252
is_linear=0
shrinkage=0.05


Tree=15
num_leaves=15
num_cat=3
split_feature=33 40 33 1 40 37 1 40 28 33 39 22 33 4
split_gain=0.0768141 0.0316335 0.0289537 0.0276486 0.0422682 0.0321037 0.0257361 0.0255719 0.0242984 0.0365753 0.0217745 0.0303673 0.0205387 0.0203784
threshold=0.003859672113321722 0 0.01127318060025573 -0.074965238571166978 1 -0.0027349992888048287 0.12532067298889163 2 1.0000000180025095e-35 -0.017450836487114426 -0.50719577074050892 0.4382500052452088 -0.025705291889607903 -0.29543781280517573
decision_type=2 9 2 2 9 2 2 9 2 2 2 8 2 2
left_child=3 2 -2 4 -1 7 -3 -5 -7 -10 11 -6 -9 -11
right_child=1 6 -4 5 10 8 -8 12 9 13 -12 -13 -14 -15
leaf_value=0.00027155268301311264 3.8956120506105614e-05 1.1384652719299555e-05 0.00013781423886304075 -2.9780577854721243e-05 2.023925779467136e-05 -2.5188595428633922e-05 -0.00037184005131711366 -0.00036221213563241594 0.00060044054782107956 -0.00025789902969518882 3.87282705938896e-05 -0.0005980846950934004 -0.00010381545609422887 7.2719310606552922e-05
leaf_weight=1856 19618 30865 12104 17069 424 51101 439 821 311 493 3668 345 16850 6341
leaf_count=1856 19618 30865 12104 17069 424 51101 439 821 311 493 3668 345 16850 6341
internal_value=-1.49727e-06 4.16394e-05 7.68261e-05 -2.89331e-05 7.21939e-05 -3.58344e-05 5.79033e-06 -7.39032e-05 -1.30385e-05 7.31164e-05 -1.08711e-05 -0.000252774 -0.000116137 4.79665e-05
internal_weight=162305 63026 31722 99279 6293 92986 31304 34740 58246 7145 4437 769 17671 6834
internal_count=162305 63026 31722 99279 6293 92986 31304 34740 58246 7145 4437 769 17671 6834
cat_boundaries=0 2 4 6
cat_threshold=1567232183 31138 580329540 37403 3398683339 34381
is_linear=0
shrinkage=0.05


Tree=16
num_leaves=15
num_cat=2
split_feature=28 34 34 34 34 34 26 10 40 19 34 39 40 4
split_gain=0.0463603 0.0414617 0.0332282 0.0716707 0.0381593 0.0456271 0.0266558 0.0263143 0.0399028 0.0287211 0.0317156 0.0387711 0.0295348 0.0273785
threshold=1.0000000180025095e-35 0.65775698423385631 0.42717051506042486 0.37141688168048864 0.33257238566875463 0.31180919706821447 1.5000000000000002 -0.017174256965517994 0 -0.002284079790115356 0.28794710338115698 -0.36350455880165095 1 -0.31815862655639643
decision_type=2 2 2 2 2 2 2 2 9 2 2 2 9 2
left_child=1 7 3 4 5 -2 -3 8 13 -9 -11 12 -12 -1
right_child=2 6 -4 -5 -6 -7 -8 9 -10 10 11 -13 -14 -15
leaf_value=-0.00059068765702144496 7.0805533230306546e-05 -0.00088834816323601863 0.00042432991622251776 -0.00074743614343198404 0.00072234987336672091 -0.00043093885667540017 -7.5141087844465146e-05 -5.2530710969330487e-05 0.00031189134180605564 -7.4578690791272256e-06 0.0005165779353782197 2.7724363290981463e-05 0.00012335094372911823 3.3940709306813416e-05
leaf_weight=202 20384 215 631 268 216 456 215 34096 1539 95395 811 5552 1304 1080
leaf_count=202 20384 215 631 268 216 456 215 34096 1539 95395 811 5552 1304 1080
internal_value=-5.64478e-07 -1.11606e-05 6.69606e-05 5.60542e-05 6.66934e-05 5.94863e-05 -0.000498776 -9.60924e-06 0.000141271 -1.2754e-05 3.58765e-07 9.82088e-05 0.000280374 -6.20252e-05
internal_weight=162364 140409 21955 21324 21056 20840 430 139979 2821 137158 103062 7667 2115 1282
internal_count=162364 140409 21955 21324 21056 20840 430 139979 2821 137158 103062 7667 2115 1282
cat_boundaries=0 2 4
cat_threshold=550008994 40146 685981829 1161
is_linear=0
shrinkage=0.05


Tree=17
num_leaves=15
num_cat=4
split_feature=33 40 28 10 33 33 39 40 25 33 40 37 40 5
split_gain=0.0754167 0.0372626 0.0342054 0.0251598 0.0435695 0.0416621 0.0512701 0.0349976 0.0213481 0.0187982 0.0237071 0.0229211 0.0229946 0.0184771
threshold=0.0080699631944298762 0 1.0000000180025095e-35 -0.017174256965517994 -0.027356095612049099 -0.04587933421134948 -0.54920116066932667 1 -0.019986770115792748 -0.00093221967108547677 2 -0.083293147385120378 3 0.052310615777969367
decision_type=2 9 2 2 2 2 2 9 2 2 9 2 9 2
left_child=2 -2 3 5 7 -1 -7 -5 -8 10 -6 12 -11 -13
right_child=1 -3 -4 4 9 6 8 -9 -10 11 -12 13 -14 -15
leaf_value=0.00078727987827215758 -8.4606013817084158e-06 9.6235524115387134e-05 4.8375705704682412e-05 -0.00046525015507305168 -2.7907405029935679e-06 -0.0005782296143164408 0.00055651368362917683 -7.6369512189957114e-05 7.8114319061024418e-05 -0.00036798702381780169 -7.3236740125764307e-05 1.045011482559743e-05 -2.98536319650838e-05 -0.00010098760704129465
leaf_weight=220 12680 25268 16146 1011 18503 260 292 1452 1280 837 34508 44374 1338 4054
leaf_count=220 12680 25268 16146 1011 18503 260 292 1452 1280 837 34508 44374 1338 4054
internal_value=-5.10834e-07 6.11471e-05 -1.93803e-05 -2.95458e-05 -3.29412e-05 0.000143203 6.12034e-05 -0.000240835 0.000171631 -2.79398e-05 -4.87594e-05 -6.0279e-06 -0.000164641 1.00875e-06
internal_weight=162223 37948 124275 108129 106077 2052 1832 2463 1572 103614 53011 50603 2175 48428
internal_count=162223 37948 124275 108129 106077 2052 1832 2463 1572 103614 53011 50603 2175 48428
cat_boundaries=0 2 4 6 8
cat_threshold=59812672 34373 476807716 90466 177242452 36429 1801572390 18099
is_linear=0
shrinkage=0.05


Tree=18
num_leaves=15
num_cat=0
split_feature=33 34 1 26 33 27 39 17 28 39 26 34 37 27
split_gain=0.0626318 0.0385821 0.0345226 0.0465416 0.039816 0.0543492 0.0346622 0.0345294 0.0368593 0.0325869 0.0322892 0.0379211 0.0315654 0.032838
threshold=0.0068816733546555051 0.65775698423385631 -0.10967993736267088 3.5000000000000004 -0.04587933421134948 8.5000000000000018 -0.39911472797393793 0.038446489721536643 1.0000000180025095e-35 -0.52757641673088063 2.5000000000000004 0.54255059361457836 -0.043001214042305939 1.5000000000000002
decision_type=2 2 2 2 2 2 2 2 2 2 2 2 2 2
left_child=1 2 3 4 -1 -6 -7 8 -4 -2 -11 -12 -9 -14
right_child=9 -3 7 -5 5 6 -8 12 -10 10 11 -13 13 -15
leaf_value=0.00090134775811971505 0.00028046986635432789 -0.00060049838000594087 -2.46839193689008e-05 -0.00028203277368701928 0.00036525326737370283 -0.00068167938913393301 0.00012447587341073455 -0.00026492682859799579 6.2890478162418205e-05 7.3603772588429436e-06 8.4716645688991091e-05 0.00061763766475033397 -0.000520646238040393 -2.3968107964972726e-06
leaf_weight=223 1505 279 94097 453 1275 235 279 2640 13746 25654 17365 339 328 3976
leaf_count=223 1505 279 94097 453 1275 235 279 2640 13746 25654 17365 339 328 3976
internal_value=1.23021e-06 -1.79229e-05 -1.64684e-05 0.000168263 0.000272573 0.000189115 -0.00023748 -2.04862e-05 -1.34727e-05 5.15148e-05 4.34208e-05 9.5375e-05 -0.000128601 -4.36103e-05
internal_weight=162394 117531 117252 2465 2012 1789 514 114787 107843 44863 43358 17704 6944 4304
internal_count=162394 117531 117252 2465 2012 1789 514 114787 107843 44863 43358 17704 6944 4304
is_linear=0
shrinkage=0.05


Tree=19
num_leaves=15
num_cat=0
split_feature=33 28 12 36 5 7 28 4 25 33 36 15 25 6
split_gain=0.0541031 0.0271682 0.0335051 0.022075 0.0198692 0.0159099 0.0154909 0.0154269 0.015209 0.019527 0.0147659 0.0135785 0.0135591 0.0299316
threshold=0.010302874725311996 1.0000000180025095e-35 0.37706764042377477 0.038116380572319038 0.11830112338066102 -0.14392056316137311 1.0000000180025095e-35 0.74365293979644786 0.0070209682453423747 -0.022489253431558606 -0.07527983188629149 0.03133670240640641 1.0000000180025095e-35 -0.23324834555387494
decision_type=2 2 2 2 2 2 2 2 2 2 2 2 2 2
left_child=3 4 7 6 10 -5 12 -3 9 -8 -2 -10 -1 -14
right_child=1 2 -4 5 -6 -7 8 -9 11 -11 -12 -13 13 -15
leaf_value=-2.4302058640790153e-05 0.00016290144447094371 0.00012100737645549436 0.00077344852120567783 -0.00046483866454989642 -0.00025415745166676023 -4.8020298014620764e-05 0.00045304222340723755 0.00055509903921544684 -3.7183185803115013e-05 5.4777618453604308e-05 3.7083584321953579e-05 -0.00047755641228342519 0.00060601268070225255 1.1012304976961141e-05
leaf_weight=56365 2678 3482 229 229 532 26977 315 222 1350 12477 19998 203 208 36915
leaf_count=56365 2678 3482 229 229 532 26977 315 222 1350 12477 19998 203 208 36915
internal_value=1.36632e-06 6.58039e-05 0.000187645 -1.15497e-05 4.49044e-05 -5.17973e-05 -1.34701e-06 0.000149086 4.69681e-05 6.51487e-05 5.21956e-05 -9.93036e-05 -8.81619e-06 1.45619e-05
internal_weight=162180 27141 3933 135039 23208 27206 107833 3704 14345 12792 22676 1553 93488 37123
internal_count=162180 27141 3933 135039 23208 27206 107833 3704 14345 12792 22676 1553 93488 37123
is_linear=0
shrinkage=0.05


Tree=20
num_leaves=15
num_cat=4
split_feature=33 1 4 17 24 40 40 1 39 1 40 40 19 36
split_gain=0.0479409 0.0299225 0.0301396 0.0298472 0.0270937 0.0261822 0.0238017 0.0187906 0.0207936 0.0169485 0.0192145 0.0180505 0.0157485 0.0155897
threshold=0.0037542526843026285 -0.14700436592102048 -0.08494925498962401 0.053929559886455543 -35.479543685913079 0 1 0.082772970199584975 -0.54920116066932667 0.099281311035156264 2 3 -0.0045787096023559562 -0.018325655721127983
decision_type=2 2 2 2 2 9 9 2 2 2 9 9 2 2
left_child=1 2 -1 9 13 12 -6 8 -8 11 -11 -3 -5 -2
right_child=4 3 -4 5 6 -7 7 -9 -10 10 -12 -13 -14 -15
leaf_value=-4.5906878950239974e-05 4.9909832219471843e-05 2.9433255477835532e-06 0.00049120160668071101 -0.00083804217420834946 0.00012685830825359744 -7.3709968200048274e-05 0.00045654371466524355 -0.00015082553187944678 3.7798520439603569e-05 -1.4151889924976159e-05 -0.0003410982060626863 -4.0791811543338156e-05 -0.00026811133937823832 -1.816236150753394e-05
leaf_weight=456 12800 46123 559 237 11210 949 301 1294 13503 996 870 47864 333 24410
leaf_count=456 12800 46123 559 237 11210 949 301 1294 13503 996 870 47864 333 24410
internal_value=-1.0997e-06 -2.29903e-05 0.000245956 -2.58576e-05 3.27284e-05 -0.000245725 7.15748e-05 3.00643e-05 4.74535e-05 -2.23085e-05 -0.000171662 -1.92811e-05 -0.000510133 5.12324e-06
internal_weight=161905 98387 1015 97372 63518 1519 26308 15098 13804 95853 1866 93987 570 37210
internal_count=161905 98387 1015 97372 63518 1519 26308 15098 13804 95853 1866 93987 570 37210
cat_boundaries=0 2 4 6 8
cat_threshold=1228935236 47360 1953108069 29603 1567639697 19768 2862002554 35413
is_linear=0
shrinkage=0.05


Tree=21
num_leaves=15
num_cat=0
split_feature=19 37 17 5 12 30 20 37 6 0 39 27 27 19
split_gain=0.0302354 0.0326107 0.0209768 0.0185589 0.0154035 0.0159082 0.0145142 0.0144647 0.0226334 0.0195756 0.0229007 0.0149723 0.0146085 0.0131202
threshold=0.0013583302497863772 -0.24520463496446607 0.039508858695626266 0.11830112338066102 0.60304099321365368 0.065248228609561934 0.12634676694869998 -0.0085919843986630422 -0.11151826009154318 0.028159856796264652 -0.36350455880165095 5.5000000000000009 11.500000000000002 0.02770262956619263
decision_type=2 2 2 2 2 2 2 2 2 2 2 2 2 2
left_child=2 6 -1 7 5 -4 -2 8 12 -9 11 -11 -3 -10
right_child=1 3 4 -5 -6 -7 -8 9 13 10 -12 -13 -14 -15
leaf_value=-1.4854006651708729e-05 0.0001561999498335856 7.6521755161570532e-05 0.00023104456852057151 -0.00020148981986866903 -0.00053256556587445822 -0.00012451863177628664 0.00067191807839767081 2.4914235234043357e-05 -1.9438505517827596e-05 0.00067314872954568356 8.7631005214714269e-05 0.00012540852823574961 0.0004787327552546037 -0.00020718378062464378
leaf_weight=71785 364 3506 324 938 217 4595 257 50485 22139 293 5772 265 244 975
leaf_count=71785 364 3506 324 938 217 4595 257 50485 22139 293 5772 265 244 975
internal_value=7.72757e-07 2.13118e-05 -2.1922e-05 1.85886e-05 -0.000119627 -9.98725e-05 0.000381278 2.11272e-05 -8.95508e-06 3.54386e-05 0.000118501 0.000425326 0.000104626 -2.76174e-05
internal_weight=162159 85238 76921 84617 5136 4919 621 83679 26864 56815 6330 558 3750 23114
internal_count=162159 85238 76921 84617 5136 4919 621 83679 26864 56815 6330 558 3750 23114
is_linear=0
shrinkage=0.05


Tree=22
num_leaves=15
num_cat=0
split_feature=33 26 3 33 1 39 33 33 26 18 39 26 26 1
split_gain=0.0438442 0.0358253 0.0374585 0.0297832 0.025634 0.02435 0.0235141 0.0219366 0.133293 0.0363031 0.0227451 0.0436075 0.0538768 0.0222443
threshold=0.0067351164761930713 2.5000000000000004 0.22012519836425784 0.015035798773169519 0.091662406921386733 -0.54920116066932667 0.017447159625589851 -0.033596089109778397 1.5000000000000002 0.11276337876915933 -0.47474431991577143 3.5000000000000004 2.5000000000000004 -0.074965238571166978
decision_type=2 2 2 2 2 2 2 2 2 2 2 2 2 2
left_child=7 4 -3 -4 5 6 -2 8 9 -1 -10 12 -12 -9
right_child=1 2 3 -5 -6 -7 -8 13 10 -11 11 -13 -14 -15
leaf_value=7.4020633765306551e-05 0.00066327047427930342 6.2450999271315013e-05 0.0001469750407009426 0.0004832705684968961 -0.00017425926122829256 1.0555451565086267e-05 1.8842094852743685e-05 8.2215396788186398e-05 -0.001038838364617138 0.00082620467992802695 -0.00063714471546521612 -0.00090114433059941892 0.00035408485464605001 -1.8020892164470061e-05
leaf_weight=712 280 15348 2251 975 1846 24567 315 5812 214 210 272 311 261 108927
leaf_count=712 280 15348 2251 975 1846 24567 315 5812 214 210 272 311 261 108927
internal_value=4.1403e-07 4.20266e-05 9.54837e-05 0.000250752 5.06705e-06 1.84539e-05 0.000333436 -1.57951e-05 -0.000180787 0.000254268 -0.000564035 -0.000432349 -0.000143685 -1.28966e-05
internal_weight=162301 45582 18574 3226 27008 25162 595 116719 1980 922 1058 844 533 114739
internal_count=162301 45582 18574 3226 27008 25162 595 116719 1980 922 1058 844 533 114739
is_linear=0
shrinkage=0.05


Tree=23
num_leaves=15
num_cat=2
split_feature=33 40 34 33 5 26 40 25 37 33 17 34 33 7
split_gain=0.0494286 0.0316059 0.0260744 0.0244654 0.0214064 0.0622817 0.0330056 0.0300556 0.0300239 0.0411657 0.0312686 0.0230261 0.0443938 0.0238961
threshold=0.0079302261583507078 0 0.65775698423385631 0.034509127959609039 -0.06711204349994658 3.5000000000000004 1 -0.010194679722189902 -0.0078413682058453543 -0.025705291889607903 0.050163097679615028 0.32025340199470526 -0.022489253431558606 -0.037550745531916611
decision_type=2 9 2 2 2 2 9 2 2 2 2 2 2 2
left_child=2 -2 4 -3 5 6 -1 -7 9 10 -6 -10 -13 -14
right_child=1 3 -4 -5 8 7 -8 -9 11 -11 -12 12 13 -15
leaf_value=0.00042381971420116346 9.6409019045282446e-05 1.5184089709711067e-05 -0.00049546501543975511 -0.00031925584215894697 -0.00020457735981329762 -0.00063598067157035203 8.2136477937754234e-05 0 -5.0220757125743736e-06 -4.3045662352985527e-05 -0.00084159658430156689 0.00063127606124663087 -0.00028380635919773324 0.00015700937418612336
leaf_weight=1026 18501 19582 278 557 1456 363 2429 392 77544 37805 228 405 401 1223
leaf_count=1026 18501 19582 278 557 1456 363 2429 392 77544 37805 228 405 401 1223
internal_value=-7.67418e-08 4.92457e-05 -1.55441e-05 5.60628e-06 -1.44011e-05 9.61468e-05 0.000186976 -0.00031142 -1.83559e-05 -5.39965e-05 -0.000296021 -6.03831e-07 0.000165391 4.45562e-05
internal_weight=162190 38640 123550 20139 123272 4210 3455 755 119062 39489 1684 79573 2029 1624
internal_count=162190 38640 123550 20139 123272 4210 3455 755 119062 39489 1684 79573 2029 1624
cat_boundaries=0 2 4
cat_threshold=1566928949 31136 571973701 32971
is_linear=0
shrinkage=0.05


Tree=24
num_leaves=15
num_cat=3
split_feature=33 34 39 19 37 40 6 34 5 40 28 33 34 40
split_gain=0.0378899 0.0263078 0.0235047 0.0472248 0.0210557 0.0245128 0.0298132 0.0208955 0.0265802 0.0278369 0.0199914 0.0449878 0.0231038 0.0193776
threshold=0.01127318060025573 0.65775698423385631 -0.52757641673088063 0.018812537193298343 -0.0027349992888048287 0 -0.20637330412864682 0.54255059361457836 0.079464200884103789 1 1.0000000180025095e-35 -0.017450836487114426 0.26338146626949316 2
decision_type=2 2 2 2 2 9 2 2 2 9 2 2 2 9
left_child=1 4 3 -2 5 -1 -7 8 10 -10 -6 -12 -13 -4
right_child=2 -3 13 -5 7 6 -8 -9 9 -11 11 12 -14 -15
leaf_value=-8.6485482868237456e-05 4.5567633653181066e-05 -0.00047931277533013296 -2.4979941158533704e-07 0.00072474281019590224 -1.1551216248316505e-06 0.00033619975209613388 -1.8140747203153266e-05 0.00048095090767247197 8.0930802763194351e-05 -0.00027148696842718744 0.00064444143145616804 7.0834765157691757e-05 -0.00024209740613678738 9.1554735936270513e-05
leaf_weight=16183 791 295 11426 387 72461 598 34586 225 802 1693 328 10228 615 11345
leaf_count=16183 791 295 11426 387 72461 598 34586 225 802 1693 328 10228 615 11345
internal_value=-1.13112e-06 -1.1236e-05 5.6883e-05 0.000275039 -1.01797e-05 -3.55382e-05 -1.19259e-05 4.84828e-06 3.5186e-06 -0.000157032 8.3772e-06 7.06291e-05 5.25214e-05 4.53198e-05
internal_weight=161963 138014 23949 1178 137719 51367 35184 86352 86127 2495 83632 11171 10843 22771
internal_count=161963 138014 23949 1178 137719 51367 35184 86352 86127 2495 83632 11171 10843 22771
cat_boundaries=0 2 4 6
cat_threshold=1214795828 20896 84938900 16394 2746587984 34383
is_linear=0
shrinkage=0.05


Tree=25
num_leaves=15
num_cat=1
split_feature=33 34 26 33 37 24 26 33 33 37 33 37 1 40
split_gain=0.0410211 0.0278643 0.0442342 0.0288528 0.0536947 0.0251243 0.0226175 0.0882559 0.0446697 0.0686628 0.0441139 0.0400499 0.0341241 0.0286188
threshold=0.0037542526843026285 0.56372356414794933 1.5000000000000002 0.031316934153437621 -0.070980519056320177 -35.353290557861321 3.5000000000000004 -0.0032093746121972795 -0.04587933421134948 -0.12213392555713652 -0.027356095612049099 -0.29573123157024378 -0.074965238571166978 0
decision_type=2 2 2 2 2 2 2 2 2 2 2 2 2 9
left_child=6 3 -3 5 -5 -2 8 10 9 -1 -8 -10 13 -13
right_child=1 2 -4 4 -6 -7 7 -9 11 -11 -12 12 -14 -15
leaf_value=0.0010363397756190556 7.4774613651154441e-06 -0.00011806975927973953 0.00065330829604176739 -0.00068916630993878141 0 7.3461086402563022e-05 -0.00058084390615205481 4.1116420635746263e-05 -0.00061974164478440939 -9.5742951570675587e-05 -0.00014478058378543639 0.00028701267455946521 -1.7654385650376055e-05 2.5841580211046504e-05
leaf_weight=252 38195 300 441 392 956 23373 625 9294 265 263 9253 1669 74111 2936
leaf_count=252 38195 300 441 392 956 23373 625 9294 265 263 9253 1669 74111 2936
internal_value=-4.44913e-08 3.12161e-05 0.000335609 2.75253e-05 -0.000200366 3.26119e-05 -2.02639e-05 -6.90394e-05 -8.43429e-06 0.000453231 -0.000173157 -1.15364e-05 -9.38612e-06 0.00012247
internal_weight=162325 63657 741 62916 1348 61568 98668 19172 79496 515 9878 78981 78716 4605
internal_count=162325 63657 741 62916 1348 61568 98668 19172 79496 515 9878 78981 78716 4605
cat_boundaries=0 2
cat_threshold=706183220 45835
is_linear=0
shrinkage=0.05


Tree=26
num_leaves=15
num_cat=1
split_feature=28 33 26 10 4 33 27 10 33 33 15 33 33 40
split_gain=0.0342777 0.0254985 0.0423101 0.0548702 0.0430763 0.0422588 0.0567557 0.0381393 0.0307465 0.0323549 0.0460198 0.0294115 0.0674237 0.0259583
threshold=1.0000000180025095e-35 -0.00093221967108547677 3.5000000000000004 -0.011167725082486866 -0.31815862655639643 -0.023949026130139824 5.5000000000000009 -0.020237515680491921 -0.0032093746121972795 -0.013254566118121145 0.029253394342958931 -0.010472902096807955 -0.011629135347902773 0
decision_type=2 2 2 2 2 2 2 2 2 2 2 2 2 9
left_child=1 2 3 4 -1 6 -4 -6 9 -7 11 12 -11 -9
right_child=-2 -3 5 -5 7 8 -8 13 -10 10 -12 -13 -14 -15
leaf_value=-0.00026840506942469054 5.8273535302077556e-05 8.5946497621224477e-06 -0.001146899889524352 -2.9938646749861037e-05 0.00058123921839183966 4.3096113933663809e-05 -0.00016906558785295274 -5.7122068039617248e-05 8.0030521801776136e-05 -8.1465467647495415e-05 -0.00058110001283112503 -8.6350186045459256e-05 -0.00088511978978688332 0.00026624074864449427
leaf_weight=474 21848 83017 226 42480 645 1849 465 950 1949 756 683 4616 408 1656
leaf_count=474 21848 83017 226 42480 645 1849 465 950 1949 756 683 4616 408 1656
internal_value=0 -9.05185e-06 -3.47683e-05 -1.3697e-05 0.000169975 -0.000123162 -0.000502004 0.00023574 -9.69307e-05 -0.000139049 -0.000191925 -0.000144611 -0.000370017 0.000147363
internal_weight=162022 140174 57157 46205 3725 10952 691 3251 10261 8312 6463 5780 1164 2606
internal_count=162022 140174 57157 46205 3725 10952 691 3251 10261 8312 6463 5780 1164 2606
cat_boundaries=0 2
cat_threshold=352328338 95392
is_linear=0
shrinkage=0.05


Tree=27
num_leaves=15
num_cat=0
split_feature=33 26 34 3 34 26 34 34 3 33 34 19 34 37
split_gain=0.0391866 0.0373086 0.0292505 0.0331441 0.030207 0.0481745 0.0270803 0.0253114 0.0248158 0.0395855 0.0272078 0.022914 0.0217596 0.0203865
threshold=0.01127318060025573 2.5000000000000004 0.54255059361457836 0.18576836585998538 0.32340516149997717 3.5000000000000004 0.29890131950378424 0.29548001289367681 -0.19284319877624509 0.029119948856532577 0.14588565379381183 0.015724003314971927 0.28275980055332189 -0.0027349992888048287
decision_type=2 2 2 2 2 2 2 2 2 2 2 2 2 2
left_child=13 8 3 4 6 -6 12 -5 9 11 -10 -2 -3 -1
right_child=1 2 -4 7 5 -7 -8 -9 10 -11 -12 -13 -14 -15
leaf_value=-3.614032395042906e-05 0.00018919563595284417 9.5507341717925907e-05 0.00058400835488958388 0.00020284249057964598 0.00030405329856158402 -0.00053742433011981646 0.00060321649809013268 0.0006594950090857782 9.744383298588335e-05 -0.00032459977111635421 -6.440481560796905e-05 0.00070524729373098245 -0.0003657688491918769 3.4762013119128695e-06
leaf_weight=51829 907 6147 346 1832 251 476 252 381 3635 280 8974 301 258 86423
leaf_count=51829 907 6147 346 1832 251 476 252 381 3635 280 8974 301 258 86423
internal_value=-1.06416e-06 5.78144e-05 0.000131976 0.000114863 6.30298e-05 -0.000239977 9.70265e-05 0.000285026 5.12309e-06 0.000198152 -1.73296e-05 0.00032428 7.58758e-05 -1.13402e-05
internal_weight=162292 24040 9943 9597 7384 727 6657 2213 14097 1488 12609 1208 6405 138252
internal_count=162292 24040 9943 9597 7384 727 6657 2213 14097 1488 12609 1208 6405 138252
is_linear=0
shrinkage=0.05


Tree=28
num_leaves=15
num_cat=5
split_feature=36 34 0 40 4 40 28 34 41 34 36 40 40 34
split_gain=0.0274654 0.0201097 0.0280101 0.0409668 0.0266465 0.0226776 0.0208522 0.0262812 0.0163352 0.0156006 0.015524 0.0164666 0.0164439 0.0146825
threshold=0.0052471321541816005 0.28794710338115698 0.018280744552612308 0 0.78046202659606945 1 1.0000000180025095e-35 0.26338146626949316 2 0.089960396289825453 0.12359945103526117 3 4 0.22309385985136035
decision_type=2 2 2 9 2 9 2 2 1 2 2 9 9 2
left_child=1 6 4 -4 5 -3 13 9 -6 -8 12 -12 -2 -1
right_child=10 2 3 -5 8 -7 7 -9 -10 -11 11 -13 -14 -15
leaf_value=8.3608212506259229e-06 1.3665054934227191e-05 0.00020477179825213548 0.00058117758921271312 0.00010110184355189655 0 -1.8482433522621462e-06 -0.00011515342455173262 -0.00034355874282562284 -0.00058305469886479671 0.00010188054506521052 -1.2598819324275197e-05 -0.00022303188199927234 -3.9495522020985853e-05 -6.0800571170462043e-05
leaf_weight=68337 23865 1941 630 1602 212 3999 872 360 251 10712 1869 1965 36797 8638
leaf_count=68337 23865 1941 630 1602 212 3999 872 360 251 10712 1869 1965 36797 8638
internal_value=5.09389e-07 1.72765e-05 9.01753e-05 0.000242888 3.60133e-05 6.52842e-05 1.01363e-05 7.1593e-05 -0.000325516 8.5069e-05 -2.47737e-05 -0.000122516 -1.85041e-05 5.31254e-07
internal_weight=162050 97554 8635 2232 6403 5940 88919 11944 463 11584 64496 3834 60662 76975
internal_count=162050 97554 8635 2232 6403 5940 88919 11944 463 11584 64496 3834 60662 76975
cat_boundaries=0 2 4 5 7 9
cat_threshold=1296175108 480 1381097670 16385 5649 27269760 19850 1749301688 35856
is_linear=0
shrinkage=0.05


Tree=29
num_leaves=15
num_cat=2
split_feature=33 26 34 40 3 18 1 40 18 33 26 19 37 27
split_gain=0.0305394 0.0321234 0.0291208 0.0284722 0.0261268 0.0239668 0.0206966 0.0274566 0.0236109 0.0210518 0.0600622 0.0360286 0.0331319 0.026162
threshold=0.01127318060025573 2.5000000000000004 0.65775698423385631 0 -0.16386914253234861 0.10509435832500459 -0.14700436592102048 1 0.11276337876915933 -0.027356095612049099 3.5000000000000004 0.00045436620712280279 -0.11159890517592429 6.5000000000000009
decision_type=2 2 2 9 2 2 2 9 2 2 2 2 2 2
left_child=2 4 6 -3 -2 -6 7 -1 -9 10 11 12 -8 -12
right_child=1 3 -4 -5 5 -7 9 8 -10 -11 13 -13 -14 -15
leaf_value=-0.0002403036652263088 0.00017838146036219899 2.0974074845960463e-05 -0.00051417438780091047 0.00019436464192717066 -1.223441056390868e-05 -0.00044257887712850639 -0.00047391433437538359 0.00014896343643072826 0.00073934014420156834 -8.4606314909066806e-06 -0.0010271578839908652 0.00025613412752156512 0 -0.0002775481503414175
leaf_weight=238 1820 4260 282 5558 11862 329 566 534 268 133791 233 717 1023 286
leaf_count=238 1820 4260 282 5558 11862 329 566 534 268 133791 233 717 1023 286
internal_value=-1.65164e-06 5.05747e-05 -1.07116e-05 0.000119908 1.6081e-06 -2.44348e-05 -9.62523e-06 0.000211803 0.000351446 -1.13552e-05 -0.000146415 -3.42383e-05 -0.000168791 -0.00063021
internal_weight=161767 23829 137938 9818 14011 12191 137656 1040 802 136616 2825 2306 1589 519
internal_count=161767 23829 137938 9818 14011 12191 137656 1040 802 136616 2825 2306 1589 519
cat_boundaries=0 2 4
cat_threshold=2258618640 104005 84414624 8192
is_linear=0
shrinkage=0.05


Tree=30
num_leaves=15
num_cat=0
split_feature=33 34 24 10 18 26 33 27 33 34 5 38 33 5
split_gain=0.0285831 0.0278633 0.0240603 0.0235404 0.0229745 0.0203664 0.0662917 0.059338 0.0973882 0.0314416 0.0304948 0.0281169 0.0407811 0.0389887
threshold=0.0023881980450823907 0.65775698423385631 -35.437702178955071 -0.027472550049424168 0.12281997874379159 3.5000000000000004 -0.0032093746121972795 9.5000000000000018 -0.033596089109778397 0.16698457300662997 -0.06711204349994658 1.0000000180025095e-35 -0.012931485660374163 -0.037873350083827965
decision_type=2 2 2 2 2 2 2 2 2 2 2 2 2 2
left_child=1 3 -2 -1 -4 10 7 8 -7 -9 -5 -10 -13 -14
right_child=2 -3 4 5 -6 6 -8 9 11 -11 -12 12 13 -15
leaf_value=0.0003558653543138013 -1.6651834207028861e-06 -0.00051165658103666278 6.3406319850287771e-05 0.00015231785277421082 -0.00024597343158298498 -0.0012200743074802535 4.3739321441723251e-05 -8.8777320654962835e-05 -7.4168396443821726e-05 0.00026207739259068787 -1.5804064938471175e-05 -5.476258995690029e-05 -0.00087266895889979556 -0.00031279094878385705
leaf_weight=410 44454 284 28398 2800 602 237 7291 1640 2930 1029 68080 1366 376 2255
leaf_count=410 44454 284 28398 2800 602 237 7291 1640 2930 1029 68080 1366 376 2255
internal_value=-1.69407e-06 -2.08256e-05 2.13397e-05 -1.91636e-05 5.67703e-05 -2.09878e-05 -6.996e-05 -0.000154754 -0.000229797 4.48576e-05 -9.08187e-06 -0.000194339 -0.000280978 -0.000396204
internal_weight=162152 88698 73454 88414 29000 88004 17124 9833 7164 2669 70880 6927 3997 2631
internal_count=162152 88698 73454 88414 29000 88004 17124 9833 7164 2669 70880 6927 3997 2631
is_linear=0
shrinkage=0.05


Tree=31
num_leaves=15
num_cat=0
split_feature=28 37 34 34 34 1 39 34 34 18 34 34 22 11
split_gain=0.0319952 0.0360251 0.035651 0.0225551 0.0588783 0.0432908 0.026385 0.0210251 0.0533644 0.036377 0.0315692 0.0301408 0.0424657 0.0311519
threshold=1.0000000180025095e-35 0.13992410898208621 0.32025340199470526 0.52650606632232677 0.31180919706821447 0.029324293136596683 -0.34108425676822657 0.42717051506042486 0.38271926343441015 0.12281997874379159 0.28794710338115698 0.45017996430397039 0.87225002050399791 0.079141762107610716
decision_type=2 2 2 2 2 2 2 2 2 2 2 2 8 2
left_child=7 3 -3 4 -2 6 -6 8 9 10 -1 12 -9 -13
right_child=1 2 -4 -5 5 -7 -8 11 -10 -11 -12 13 -14 -15
leaf_value=-1.1874117239843014e-05 4.9630424005649809e-05 0.00018737151227703335 0.00089822258828303975 0.00038940857005714076 0.00033510701877941283 -0.00082790418605235101 -0.00035984569024239332 -0.00086942775711485408 0.00036431267309314382 -0.00028652882824802185 9.3321482862810225e-05 0.00038901729578049208 4.3246179922356357e-05 -0.0001180398474868845
leaf_weight=126511 19205 1146 213 447 211 320 353 292 962 1161 7547 327 205 3142
leaf_count=126511 19205 1146 213 447 211 320 353 292 962 1161 7547 327 205 3142
internal_value=-2.18335e-07 5.59534e-05 0.000305335 3.91365e-05 3.09988e-05 -0.000366154 -9.04071e-05 -9.03134e-06 -5.68564e-06 -8.3683e-06 -5.91141e-06 -0.000122502 -0.000486331 -6.83125e-05
internal_weight=162042 21895 1359 20536 20089 884 564 140147 136181 135219 134058 3966 497 3469
internal_count=162042 21895 1359 20536 20089 884 564 140147 136181 135219 134058 3966 497 3469
is_linear=0
shrinkage=0.05


Tree=32
num_leaves=15
num_cat=0
split_feature=33 26 34 34 34 33 39 33 34 27 27 13 1 26
split_gain=0.0246069 0.0400202 0.0309251 0.0367446 0.0497943 0.0492372 0.0307816 0.0667256 0.0229969 0.0202384 0.0198659 0.0211992 0.0168631 0.0238764
threshold=0.01127318060025573 2.5000000000000004 0.54255059361457836 0.32729247212409979 0.29890131950378424 0.016640119254589084 -0.50719577074050892 0.017054353840649131 0.14588565379381183 8.5000000000000018 2.5000000000000004 0.04864295385777951 0.088467359542846694 1.0000000180025095e-35
decision_type=2 2 2 2 2 2 2 2 2 2 2 2 2 2
left_child=12 6 3 4 -3 -6 7 -2 -8 -9 11 -10 -1 -14
right_child=1 2 -4 -5 5 -7 8 9 10 -11 -12 -13 13 -15
leaf_value=-5.3876282571012113e-06 0.001041000898419005 0.00010459292217873613 0.0005973757977054807 -0.00021619318999454115 0.0011662099707469328 0.00017092842848727348 8.0199533849658309e-05 0.00030418046390239158 -0.00013570093794752604 -0.00026771771628584438 -4.1084306267477696e-05 -0.00066513408434881662 -0.00034405976002441479 -4.809076967804204e-05
leaf_weight=133455 212 8224 332 795 223 309 3608 304 818 303 8505 259 834 3991
leaf_count=133455 212 8224 332 795 223 309 3608 304 818 303 8505 259 834 3991
internal_value=-6.22517e-07 4.61946e-05 0.000123243 0.000105934 0.000135859 0.000604409 -7.82874e-06 0.000288146 -2.66877e-05 1.06776e-05 -6.74773e-05 -0.000270127 -8.7491e-06 -0.000100587
internal_weight=162172 23892 9883 9551 8756 532 14009 819 13190 607 9582 1077 138280 4825
internal_count=162172 23892 9883 9551 8756 532 14009 819 13190 607 9582 1077 138280 4825
is_linear=0
shrinkage=0.05


Tree=33
num_leaves=15
num_cat=1
split_feature=28 34 34 39 34 34 1 34 40 36 34 34 34 11
split_gain=0.0247476 0.0235505 0.0450788 0.0267631 0.0255893 0.0410173 0.0218255 0.0217316 0.0204656 0.0194151 0.0168011 0.0288938 0.03165 0.0297382
threshold=1.0000000180025095e-35 0.52650606632232677 0.37141688168048864 -0.28508357703685755 0.33257238566875463 0.31180919706821447 0.01170635223388672 0.087557714432477965 0 0.042392311617732055 0.28794710338115698 0.42717051506042486 0.38271926343441015 -0.011831531301140783
decision_type=2 2 2 2 2 2 2 2 9 2 2 2 2 2
left_child=9 2 4 -3 5 7 -7 -2 -9 10 -1 12 13 -12
right_child=1 3 -4 -5 -6 6 -8 8 -10 -11 11 -13 -14 -15
leaf_value=-4.3434255691739608e-06 -0.00014805811846436035 0.00081330667325799078 -0.00048912806896721499 6.1326853067726758e-05 0.00058766697503517774 -5.4411711056353017e-05 -0.00077676953107032071 0.00012281172513308139 1.8297873253506335e-05 -4.6705383483958124e-05 -0.00035987521741053522 -6.8852994057031524e-05 0.00043206439241630536 0.00010968989635060649
leaf_weight=104882 1201 210 386 301 217 228 219 9288 9727 25579 349 2828 729 5785
leaf_count=104882 1201 210 386 301 217 228 219 9288 9727 25579 349 2828 729 5785
internal_value=3.56237e-07 4.99671e-05 4.15945e-05 0.000384936 5.17599e-05 4.57491e-05 -0.000424058 5.64867e-05 6.97043e-05 -7.31819e-06 1.43321e-06 6.44372e-05 0.0001201 8.18877e-05
internal_weight=161929 21777 21266 511 20880 20663 447 20216 19015 140152 114573 9691 6863 6134
internal_count=161929 21777 21266 511 20880 20663 447 20216 19015 140152 114573 9691 6863 6134
cat_boundaries=0 2
cat_threshold=1631910325 80288
is_linear=0
shrinkage=0.05


Tree=34
num_leaves=15
num_cat=3
split_feature=36 0 37 5 26 40 27 37 25 15 19 40 10 40
split_gain=0.0243882 0.0189843 0.0222694 0.017563 0.0187086 0.0161133 0.0153073 0.0214104 0.0175646 0.0171185 0.0160937 0.0151077 0.0118534 0.0171882
threshold=-0.015940302982926365 0.022404670715332035 -0.14102766662836072 0.11830112338066102 2.5000000000000004 0 2.5000000000000004 -0.17913261055946347 0.032910941168665893 0.039811199530959136 0.0075253248214721688 1 -0.015225294046103953 2
decision_type=2 2 2 2 2 9 2 2 2 2 2 9 2 9
left_child=1 11 -3 6 -5 -4 7 -2 12 -9 -11 -1 13 -8
right_child=3 2 5 4 -6 -7 8 9 -10 10 -12 -13 -14 -15
leaf_value=4.6589305890789841e-05 0.0003880312051344364 0.00049488023467643026 0.00016986630502396926 -0.00035692195108925429 5.0236785380599827e-05 -4.0537086296528647e-06 -8.218081782715672e-05 -5.3794167948110728e-05 -0.00040695846835431574 -0.00052049299679620363 0 -6.9264108510496539e-06 -5.2140070633287202e-06 0.00028821600502346921
leaf_weight=23017 258 358 2704 751 417 2511 476 15628 265 383 227 30548 83712 800
leaf_count=23017 258 358 2704 751 417 2511 476 15628 265 383 227 30548 83712 800
internal_value=-3.17853e-07 2.52375e-05 0.000113171 -1.50515e-05 -0.000207701 8.55607e-05 -1.27808e-05 -5.68853e-05 -4.18535e-06 -6.43796e-05 -0.000324802 1.59857e-05 -2.84677e-06 0.000147967
internal_weight=162055 59138 5573 102917 1168 5215 101749 16496 85253 16238 610 53565 84988 1276
internal_count=162055 59138 5573 102917 1168 5215 101749 16496 85253 16238 610 53565 84988 1276
cat_boundaries=0 2 4 6
cat_threshold=1239646228 53563 2395459626 4684 411062369 20736
is_linear=0
shrinkage=0.05


Tree=35
num_leaves=15
num_cat=2
split_feature=33 26 40 40 26 33 33 27 27 33 13 33 27 5
split_gain=0.023373 0.0283246 0.0184253 0.018219 0.0173209 0.0739919 0.0467218 0.034164 0.0283294 0.0281281 0.0458107 0.0546706 0.026768 0.0264468
threshold=0.01127318060025573 2.5000000000000004 0 1 3.5000000000000004 -0.027356095612049099 -0.0032093746121972795 9.5000000000000018 8.5000000000000018 -0.011629135347902773 0.048242729157209403 -0.010472902096807955 6.5000000000000009 -0.06711204349994658
decision_type=2 2 9 9 2 2 2 2 2 2 2 2 2 2
left_child=4 2 -2 -3 13 12 7 8 9 -7 11 -11 -6 -1
right_child=1 3 -4 -5 5 6 -8 -9 -10 10 -12 -13 -14 -15
leaf_value=0.00013151078850115241 5.8701253774905217e-05 1.4253142171917829e-05 -5.5602144905653829e-05 0.00015945258689709573 -0.0009712233630026194 6.8999680722018871e-06 1.7512777521828169e-05 3.5879357157341062e-05 -0.00048089437177659984 -0.00091244299038285024 -0.00064331560128525031 -9.7255586523192241e-05 -0.00027968255400360282 -3.5122372961370311e-06
leaf_weight=3748 6875 3367 7205 6507 259 2029 17458 2488 706 217 551 3315 372 107156
leaf_count=3748 6875 3367 7205 6507 259 2029 17458 2488 706 217 551 3315 372 107156
internal_value=1.27926e-07 4.57514e-05 0 0.000110654 -7.73948e-06 -4.33426e-05 -3.04734e-05 -0.000120993 -0.000178956 -0.000142897 -0.000218477 -0.000149972 -0.000576798 1.01151e-06
internal_weight=162253 23954 14080 9874 138299 27395 26764 9306 6818 6112 4083 3532 631 110904
internal_count=162253 23954 14080 9874 138299 27395 26764 9306 6818 6112 4083 3532 631 110904
cat_boundaries=0 2 4
cat_threshold=208093887 97440 2726578482 38469
is_linear=0
shrinkage=0.05


Tree=36
num_leaves=15
num_cat=0
split_feature=28 37 34 5 1 34 34 34 27 7 26 34 22 34
split_gain=0.0267788 0.0254478 0.0272756 0.0209481 0.0208915 0.041858 0.0236198 0.0208947 0.0253717 0.0269337 0.0174373 0.0167855 0.0153556 0.0150293
threshold=1.0000000180025095e-35 0.13992410898208621 0.32025340199470526 0.11830112338066102 0.028240680694580082 0.29890131950378424 0.42717051506042486 0.26033915579319006 6.5000000000000009 -0.040309090167284005 1.5000000000000002 0.16556695103645327 0.60074999928474437 0.42717051506042486
decision_type=2 2 2 2 2 2 2 2 2 2 2 2 8 2
left_child=3 4 10 13 6 -6 7 11 9 -9 -3 -2 -5 -1
right_child=1 2 -4 12 5 -7 -8 8 -10 -11 -12 -13 -14 -15
leaf_value=-4.4648907103016502e-06 3.9324104299947075e-05 -6.4995846679544479e-05 0.00079218608314875465 -0.00031234394759470613 -1.6704611008427652e-06 -0.00047870955123597875 0.00045739199892504031 -0.00076786641470937683 8.06377010085667e-05 -4.6486541738807095e-05 0.0003252506029726163 0.00016589382362404702 0.00013191927633559556 -0.00010598325766253084
leaf_weight=135509 10189 470 205 927 4813 506 375 253 546 293 657 3606 225 3749
leaf_count=135509 10189 470 205 927 4813 506 375 253 546 293 657 3606 225 3749
internal_value=-9.81692e-07 5.03843e-05 0.00026238 -9.03521e-06 3.63607e-05 -4.83976e-05 6.62337e-05 5.58945e-05 -0.000152718 -0.000393761 0.000158518 7.28197e-05 -0.000221057 -7.2375e-06
internal_weight=162323 21913 1332 140410 20581 5319 15262 14887 1092 546 1127 13795 1152 139258
internal_count=162323 21913 1332 140410 20581 5319 15262 14887 1092 546 1127 13795 1152 139258
is_linear=0
shrinkage=0.05


Tree=37
num_leaves=15
num_cat=0
split_feature=28 34 34 34 39 34 33 18 26 34 34 34 33 34
split_gain=0.0227237 0.0274172 0.0364143 0.0358306 0.0296973 0.0262452 0.0195889 0.0270304 0.0240609 0.0350292 0.0619748 0.0567237 0.0817687 0.0730958
threshold=1.0000000180025095e-35 0.52650606632232677 0.37141688168048864 0.33257238566875463 -0.29555924236774439 0.31180919706821447 -0.00093221967108547677 0.12281997874379159 3.5000000000000004 0.22309385985136035 0.21516799926757815 0.37141688168048864 -0.025705291889607903 0.45017996430397039
decision_type=2 2 2 2 2 2 2 2 2 2 2 2 2 2
left_child=6 2 3 5 -3 -2 8 -8 -1 10 -10 12 -11 -13
right_child=1 4 -4 -5 -6 -7 7 -9 9 11 -12 13 -14 -15
leaf_value=-1.4698377052158429e-05 4.8148807991437524e-05 0.00087215415434282204 -0.00043737059401201126 0.00067161426292027741 7.6220538823037768e-05 -0.00034275684607097207 1.0058713020564091e-05 -0.00029312107009139528 -8.7676352599012452e-05 -0.0013495077052560968 0.00047900430670332609 0.00080513507895582604 -0.00028396814351328589 -0.00041982696513736211
leaf_weight=46230 20292 203 389 223 307 431 82248 736 8668 213 504 232 1212 241
leaf_count=46230 20292 203 389 223 307 431 82248 736 8668 213 504 232 1212 241
internal_value=-7.67524e-07 4.66283e-05 3.76588e-05 4.68217e-05 0.000408134 3.96968e-05 -8.18503e-06 7.29201e-06 -3.06854e-05 -9.69613e-05 -5.57485e-05 -0.000292823 -0.000450896 0.000172677
internal_weight=162129 21845 21335 20946 510 20723 140284 82984 57300 11070 9172 1898 1425 473
internal_count=162129 21845 21335 20946 510 20723 140284 82984 57300 11070 9172 1898 1425 473
is_linear=0
shrinkage=0.05


Tree=38
num_leaves=15
num_cat=4
split_feature=5 36 37 27 34 34 34 4 40 40 40 40 34 34
split_gain=0.0307475 0.0216453 0.0180651 0.0143402 0.0182115 0.024389 0.0185018 0.0183695 0.0146738 0.0136934 0.013685 0.0133669 0.0131817 0.0124159
threshold=0.11830112338066102 -0.0065712518990039817 0.084614545106887831 2.5000000000000004 0.18380971252918246 0.14883933961391452 0.20823624730110171 -0.56245064735412587 0 1 2 3 0.14588565379381183 0.32025340199470526
decision_type=2 2 2 2 2 2 2 2 9 9 9 9 2 2
left_child=1 2 11 4 5 12 -6 -8 -9 -5 -7 -1 -3 -4
right_child=-2 3 13 9 6 10 7 8 -10 -11 -12 -13 -14 -15
leaf_value=3.7419702162735028e-05 -0.00024462251019107131 -5.077983767457178e-05 6.2436145625138192e-05 -4.0147656313721368e-05 -0.00030250156474324311 0.00022951557199828263 -0.00036661890755463754 0.00016727616341948403 -9.3121448172146535e-05 7.1661140033866781e-06 1.7485068094898805e-06 -1.1166592624748775e-05 -0.00032800675418206846 0.0002523481296475059
leaf_weight=25631 1275 7044 11266 21006 1304 1210 468 698 2163 55761 1537 31364 462 953
leaf_count=25631 1275 7044 11266 21006 1304 1210 468 698 2163 55761 1537 31364 462 953
internal_value=-5.10764e-07 1.40048e-06 2.25334e-05 -1.45043e-05 -5.94448e-05 -2.16666e-05 -0.000141858 -7.7073e-05 -2.74077e-05 -5.72144e-06 0.000104967 1.06012e-05 -6.8716e-05 7.77542e-05
internal_weight=162142 160867 69214 91653 14886 10253 4633 3329 2861 76767 2747 56995 7506 12219
internal_count=162142 160867 69214 91653 14886 10253 4633 3329 2861 76767 2747 56995 7506 12219
cat_boundaries=0 2 4 6 8
cat_threshold=76943372 16448 2182987780 20677 878987365 62612 3400773658 4716
is_linear=0
shrinkage=0.05


Tree=39
num_leaves=15
num_cat=3
split_feature=33 34 11 33 40 34 1 40 34 40 34 26 33 27
split_gain=0.0242023 0.0252807 0.0667101 0.0387826 0.0226494 0.0207437 0.0221753 0.0358994 0.0214686 0.0190801 0.0181256 0.0231489 0.0366508 0.0278745
threshold=0.003859672113321722 0.56372356414794933 0.3412900716066361 0.042630769312381751 0 0.65775698423385631 -0.13013088703155515 1 0.37141688168048864 2 0.13325186073780063 3.5000000000000004 -0.0045521701686084262 9.5000000000000018
decision_type=2 2 2 2 9 2 2 9 2 9 2 2 2 2
left_child=5 3 -3 4 -2 6 7 -1 -9 -8 -11 -12 13 -13
right_child=1 2 -4 -5 -6 -7 9 8 -10 10 11 12 -14 -15
leaf_value=-0.00017093783668077893 6.6130349035640199e-05 0.0008049176167199525 -0.00012802307478918321 -0.00047149619598339061 1.326320247859047e-06 -0.00044493039158373339 1.6132552820024916e-05 0.00019138583559176646 0.00072567530104480395 -2.4787899572552824e-06 -3.6089724116236515e-05 -0.00031481284133283373 -1.5187994699163446e-05 0
leaf_weight=468 20081 355 391 394 41487 278 28116 678 283 29150 32471 2969 3503 959
leaf_count=468 20081 355 391 394 41487 278 28116 678 283 29150 32471 2969 3503 959
internal_value=-1.38266e-06 2.28812e-05 0.000311682 1.92986e-05 2.25586e-05 -1.68221e-05 -1.55418e-05 0.000179322 0.000353188 -1.84681e-05 -3.26266e-05 -5.45307e-05 -0.000134361 -0.000239213
internal_weight=161583 62708 746 61962 61568 98875 98597 1429 961 97168 69052 39902 7431 3928
internal_count=161583 62708 746 61962 61568 98875 98597 1429 961 97168 69052 39902 7431 3928
cat_boundaries=0 2 4 6
cat_threshold=1883377717 22696 268988576 73786 579895762 33348
is_linear=0
shrinkage=0.05


Tree=40
num_leaves=15
num_cat=3
split_feature=36 0 40 14 40 5 21 35 33 19 40 25 25 33
split_gain=0.0197286 0.0157796 0.021479 0.0158074 0.015353 0.0134618 0.0136931 0.015221 0.0124192 0.011052 0.0101148 0.0105979 0.00960327 0.00983909
threshold=-0.0060000335797667495 0.03049719333648682 0 0.038300747051835067 1 0.11830112338066102 2.5130103826522832 1.2598313093185427 0.0023881980450823907 0.014778137207031252 2 0.032910941168665893 -0.034965539351105683 -0.033596089109778397
decision_type=2 2 9 2 9 2 2 2 2 2 9 2 2 2
left_child=1 4 3 -3 -1 10 7 -7 -6 -5 -2 12 -12 -14
right_child=5 2 -4 9 8 6 -8 -9 -10 -11 11 -13 13 -15
leaf_value=4.6979362771401771e-05 1.696064915824449e-05 0.00014375800586146411 -6.9211436645220583e-06 0.0002310525330193903 -2.6557957599430436e-05 -0.00052960736170349243 5.712288830513572e-05 -6.6325640372356798e-05 2.818729267733268e-05 0.00073595175852253448 0.00030065586301498113 -0.0003574692097230335 -0.00019921861225384127 -1.9479340454293268e-05
leaf_weight=24043 22335 1556 1756 287 24129 382 357 382 18115 232 225 231 772 67364
leaf_count=24043 22335 1556 1756 287 24129 382 357 382 18115 232 225 231 772 67364
internal_value=8.68742e-07 2.08786e-05 0.000119665 0.000227892 1.50853e-05 -1.43199e-05 -0.000186454 -0.000306406 -2.96259e-06 0.00047116 -1.21326e-05 -2.16787e-05 -2.0448e-05 -2.16037e-05
internal_weight=162166 70118 3831 2075 66287 92048 1121 764 42244 519 90927 68592 68361 68136
internal_count=162166 70118 3831 2075 66287 92048 1121 764 42244 519 90927 68592 68361 68136
cat_boundaries=0 2 4 6
cat_threshold=1839431700 49596 2383642898 4716 1749028976 3600
is_linear=0
shrinkage=0.05


Tree=41
num_leaves=15
num_cat=5
split_feature=1 36 0 40 40 34 2 27 37 25 40 40 40 34
split_gain=0.0255935 0.0161032 0.0178978 0.0225301 0.0124358 0.0113816 0.011376 0.0208273 0.0120921 0.0166536 0.0166317 0.0164926 0.0142261 0.0128615
threshold=0.18306839466094973 -0.018935018219053742 0.027501344680786136 0 1 0.28794710338115698 -0.2341349124908447 8.5000000000000018 -0.016672660596668717 0.017156458459794525 2 3 4 0.32025340199470526
decision_type=2 2 2 9 9 2 2 2 2 2 9 9 9 2
left_child=1 2 4 5 -1 -4 7 -3 9 10 -8 -11 13 -10
right_child=-2 6 3 -5 -6 -7 8 -9 12 11 -12 -13 -14 -15
leaf_value=-1.8148133347166296e-05 -0.0003236196632141362 0.00048872147163580399 0.00016649712903584076 -4.181327758320769e-06 3.2523734242554323e-05 0.00045287679277578269 4.6457000684641835e-06 -8.1055591270725078e-05 1.5383303317275944e-05 -0.00053334284733590231 -6.8206925881997364e-05 -9.4564022388497792e-05 -2.3510670415964412e-05 0.0001950589406047838
leaf_weight=18962 609 310 1469 1672 33039 507 15618 299 34984 310 15470 800 36827 1027
leaf_count=18962 609 310 1469 1672 33039 507 15618 299 34984 310 15470 800 36827 1027
internal_value=-1.41509e-06 -1.57549e-07 2.15776e-05 0.000128726 1.39531e-05 0.000242235 -1.16544e-05 0.000202453 -1.2953e-05 -3.84736e-05 -3.1472e-05 -0.000229064 -1.60115e-06 2.06669e-05
internal_weight=161903 161294 55649 3648 52001 1976 105645 609 105036 32198 31088 1110 72838 36011
internal_count=161903 161294 55649 3648 52001 1976 105645 609 105036 32198 31088 1110 72838 36011
cat_boundaries=0 2 4 6 8 10
cat_threshold=1235386420 54203 1632897184 50226 334900185 42688 729668 49154 4232599726 52792
is_linear=0
shrinkage=0.05


Tree=42
num_leaves=15
num_cat=3
split_feature=28 36 1 34 34 26 9 40 40 26 9 40 33 33
split_gain=0.0166494 0.0173706 0.0170731 0.0244659 0.0228039 0.0188018 0.0182123 0.016173 0.0152233 0.0147337 0.0144757 0.0136352 0.0134914 0.0115993
threshold=1.0000000180025095e-35 0.070504456758499159 0.028240680694580082 0.42717051506042486 0.31180919706821447 1.0000000180025095e-35 0.039047215133905418 0 1 4.5000000000000009 0.010550017468631269 2 0.031316934153437621 0.0067351164761930713
decision_type=2 2 2 2 2 2 2 9 9 2 2 9 2 2
left_child=1 9 3 6 5 11 7 -2 -7 13 -6 -4 -3 -1
right_child=2 12 4 -5 10 8 -8 -9 -10 -11 -12 -13 -14 -15
leaf_value=-9.3343153256425153e-06 0.00011315216885082452 -5.4878218265910905e-05 3.1292368070978072e-05 0.00045179044511466668 -0.00051244386005828231 0.00014062466855018489 0.00036633101246872561 5.7605024093556157e-06 -4.6158727820120593e-05 -0.00025734995659792384 0 -0.00031088443920041951 -0.00042866832358333655 2.4586740319932803e-05
leaf_weight=92441 5708 12384 448 402 372 2214 461 9342 2074 554 216 711 246 34641
leaf_count=92441 5708 12384 448 402 372 2214 461 9342 2074 554 216 711 246 34641
internal_value=-4.22573e-07 -6.78992e-06 4.00346e-05 6.72861e-05 -3.09902e-05 1.49132e-07 5.68562e-05 4.6926e-05 4.9389e-05 -1.21392e-06 -0.000325453 -0.00017716 -6.27212e-05 -4.79035e-08
internal_weight=162214 140266 21948 15913 6035 5447 15511 15050 4288 127636 588 1159 12630 127082
internal_count=162214 140266 21948 15913 6035 5447 15511 15050 4288 127636 588 1159 12630 127082
cat_boundaries=0 2 4 6
cat_threshold=1614918015 73824 3708451380 129552 143995232 27171
is_linear=0
shrinkage=0.05


Tree=43
num_leaves=15
num_cat=0
split_feature=28 34 34 34 34 1 34 34 34 2 18 34 10 16
split_gain=0.0228306 0.0234082 0.051442 0.0305683 0.0230787 0.0283289 0.0209436 0.0163696 0.0484267 0.038361 0.0350845 0.0291874 0.0390588 0.035373
threshold=1.0000000180025095e-35 0.42717051506042486 0.37141688168048864 0.33257238566875463 0.31180919706821447 0.01170635223388672 0.089960396289825453 0.42717051506042486 0.32025340199470526 -0.1451303958892822 0.10509435832500459 0.54255059361457836 -0.0053143384866416446 1.3049746751785281
decision_type=2 2 2 2 2 2 2 2 2 2 2 2 2 2
left_child=7 2 3 4 6 -6 -2 8 -1 -10 -11 -9 -13 -14
right_child=1 -3 -4 -5 5 -7 -8 11 9 10 -12 12 13 -15
leaf_value=-1.000715330609569e-05 -0.00012995688158551341 0.00035150344439586166 -0.00064343165872046758 0.00062886323813258474 4.1196756576675275e-05 -0.00074683161857168811 6.3563089716409324e-05 -0.00024305369690218005 0.00044716204274468157 0.00012769922708332648 -0.00044659237164307563 0.00042837722460666743 0.00020352897695999369 -0.00028375946286546445
leaf_weight=131494 1491 615 267 220 231 200 18718 1986 907 3354 281 461 595 951
leaf_count=131494 1491 615 267 220 231 200 18718 1986 907 3354 281 461 595 951
internal_value=0 4.76715e-05 3.85093e-05 4.76296e-05 4.10413e-05 -0.000317381 4.90094e-05 -7.3936e-06 -4.42442e-06 0.000155933 8.13781e-05 -0.000107167 2.50831e-05 -9.29443e-05
internal_weight=161771 21742 21127 20860 20640 431 20209 140029 136036 4542 3635 3993 2007 1546
internal_count=161771 21742 21127 20860 20640 431 20209 140029 136036 4542 3635 3993 2007 1546
is_linear=0
shrinkage=0.05


Tree=44
num_leaves=15
num_cat=1
split_feature=37 2 27 34 26 34 13 1 30 41 34 11 23 34
split_gain=0.0168368 0.0153803 0.020776 0.0244453 0.0431742 0.0339588 0.016916 0.0162369 0.0139045 0.0148994 0.01322 0.0128467 0.0127701 0.0263335
threshold=-0.0027349992888048287 -0.14017939567565915 10.500000000000002 0.56372356414794933 2.5000000000000004 0.50087584555149089 0.067219264805316939 -0.097309947013854967 0.74478939175605785 0 0.54255059361457836 0.10343629121780397 -0.017680944874882695 0.42717051506042486
decision_type=2 2 2 2 2 2 2 2 2 1 2 2 8 2
left_child=1 2 3 5 -5 12 -3 -4 10 -10 -2 -8 13 -1
right_child=8 6 7 4 -6 -7 11 -9 9 -11 -12 -13 -14 -15
leaf_value=-2.3253259165679418e-05 2.4805004248513146e-05 -2.5221184765446996e-05 -8.6987719627493933e-05 0.00074890100324113051 -0.00010987525845704255 -0.00045170140465702424 0.00016125617685475938 0.0003446287396630465 6.6073021971270055e-06 -6.7776617102156291e-05 0.00040118858978653951 -0.00022983696071506227 7.1247040899538331e-05 -0.00061479949157852319
leaf_weight=2474 66781 49768 265 289 272 414 222 873 25649 9070 231 1623 3843 201
leaf_count=2474 66781 49768 265 289 272 414 222 873 25649 9070 231 1623 3843 201
internal_value=4.42427e-07 -2.04727e-05 4.10423e-05 1.00485e-05 0.000326398 -1.50494e-05 -3.08595e-05 0.000239805 1.28777e-05 -1.27054e-05 2.62069e-05 -0.000179767 1.22436e-05 -7.06319e-05
internal_weight=161975 60244 8631 7493 561 6932 51613 1138 101731 34719 67012 1845 6518 2675
internal_count=161975 60244 8631 7493 561 6932 51613 1138 101731 34719 67012 1845 6518 2675
cat_boundaries=0 1
cat_threshold=719
is_linear=0
shrinkage=0.05


Tree=45
num_leaves=15
num_cat=3
split_feature=1 40 33 26 40 39 33 34 27 26 37 34 33 40
split_gain=0.0167273 0.0282162 0.0170058 0.0264768 0.0248609 0.0166708 0.0367218 0.0173043 0.0170106 0.0203583 0.0140839 0.0311052 0.0328505 0.0200106
threshold=0.099281311035156264 0 0.01127318060025573 2.5000000000000004 1 -0.52757641673088063 0.022423637099564079 0.14588565379381183 2.5000000000000004 1.5000000000000002 -0.0027349992888048287 0.32025340199470526 -0.022489253431558606 2
decision_type=2 9 2 2 9 2 2 2 2 2 2 2 2 9
left_child=2 -2 10 5 -5 6 -4 -7 9 -9 13 -12 -13 -1
right_child=1 -3 3 4 -6 7 -8 8 -10 -11 11 12 -14 -15
leaf_value=-6.4387397446062083e-05 -0.00023332272138637934 5.1598255784833326e-06 0.00063485519156493322 1.8754391231817048e-05 0.00018410769904799403 7.8656349755268652e-05 -0.00019943954013658673 -9.2357103739528927e-05 -2.5971982047875981e-05 -0.00059167263733418424 4.2122657804721906e-06 0.00061176546754324772 9.7535306342760817e-05 0
leaf_weight=19343 2021 3080 298 4336 4969 3530 218 740 7847 297 81965 397 1543 31927
leaf_count=19343 2021 3080 298 4336 4969 3530 218 740 7847 297 81965 397 1543 31927
internal_value=1.03912e-07 -8.89298e-05 3.02362e-06 4.35569e-05 0.000107862 -2.35693e-06 0.000274254 -1.43629e-05 -5.19095e-05 -0.000242314 -3.6081e-06 8.96429e-06 0.00020664 -2.42796e-05
internal_weight=162511 5101 157410 22235 9305 12930 516 12414 8884 1037 135175 83905 1940 51270
internal_count=162511 5101 157410 22235 9305 12930 516 12414 8884 1037 135175 83905 1940 51270
cat_boundaries=0 2 4 6
cat_threshold=717736450 114368 2744437555 38476 3362279732 23968
is_linear=0
shrinkage=0.05


Tree=46
num_leaves=15
num_cat=2
split_feature=5 19 37 34 34 40 4 34 4 33 34 16 40 21
split_gain=0.0201945 0.0153478 0.0344962 0.0230695 0.0153352 0.0262534 0.0192636 0.0139554 0.013079 0.02041 0.012994 0.0154813 0.0124111 0.0154264
threshold=0.11830112338066102 -0.0047420859336853019 -0.29573123157024378 0.65775698423385631 0.28794710338115698 0 -0.36184644699096674 0.29890131950378424 0.17561388015747073 0.031316934153437621 0.40313921868801122 0.89383807778358471 1 2.1961480379104619
decision_type=2 2 2 2 2 9 2 2 2 2 2 2 9 2
left_child=1 -1 -3 4 -4 8 10 -8 9 -6 11 -7 -2 -14
right_child=12 2 3 -5 5 6 7 -9 -10 -11 -12 -13 13 -15
leaf_value=-3.1738905146848302e-05 -6.0858366687753518e-06 0.00050962510070462822 3.3962823528706363e-06 -0.00046108564029790754 8.7876143308872836e-05 0.00019526288012714955 0.00031820879596311936 4.9799669305156493e-05 -0.00012185444921857933 -0.0003553139263607565 5.8567213500971385e-06 0.00064621628361250113 -0.00051632255129962655 -1.8847604930399847e-05
leaf_weight=28625 547 338 121750 257 2942 424 590 3049 1743 277 259 429 448 271
leaf_count=28625 547 338 121750 257 2942 424 590 3049 1743 277 259 429 448 271
internal_value=-1.27967e-07 1.41138e-06 8.63585e-06 7.29304e-06 8.26421e-06 6.87348e-05 0.00015258 9.50665e-05 -1.08959e-05 4.76962e-05 0.000336412 0.000430333 -0.000198675 -0.000332556
internal_weight=161949 160683 132058 131720 131463 9713 4751 3639 4962 3219 1112 853 1266 719
internal_count=161949 160683 132058 131720 131463 9713 4751 3639 4962 3219 1112 853 1266 719
cat_boundaries=0 2 4
cat_threshold=51444720 81043 469766304 16800
is_linear=0
shrinkage=0.05


Tree=47
num_leaves=15
num_cat=1
split_feature=27 37 15 37 37 28 26 37 27 13 37 40 36 26
split_gain=0.0152211 0.0367452 0.0280083 0.0159567 0.0153632 0.0147648 0.0268418 0.0275559 0.0259461 0.0245881 0.0232972 0.016444 0.0163237 0.0153446
threshold=2.5000000000000004 -0.19490811228752133 0.039811199530959136 -0.086109705269336687 -0.028086220845580098 1.0000000180025095e-35 1.0000000180025095e-35 0.13992410898208621 5.5000000000000009 0.058645782992243774 -0.1000806763768196 0 0.10269655659794809 4.5000000000000009
decision_type=2 2 2 2 2 2 2 2 2 2 2 9 2 2
left_child=1 -1 -3 -4 -5 12 -7 8 10 -10 -8 -12 13 -2
right_child=5 2 3 4 -6 6 7 -9 9 -11 11 -13 -14 -15
leaf_value=0.00053967250975160024 3.4759261272058634e-06 -3.1457465989765723e-05 5.3482313509891083e-05 -0.000751837652688125 -0.00025068419855818139 -7.6570662252157431e-05 -0.00055699531282135835 0.0003379550878240889 8.0461344809942684e-05 0.00040982431993138676 -0.00014818806632478117 6.5927721599052925e-05 -9.2059432072398416e-05 -0.00026071419494800847
leaf_weight=267 112752 24348 258 216 738 3513 210 947 9196 610 1481 2198 4786 547
leaf_count=267 112752 24348 258 216 738 3513 210 947 9196 610 1481 2198 4786 547
internal_value=-1.86027e-06 -3.70719e-05 -4.33965e-05 -0.000278019 -0.000372695 4.77921e-06 4.6761e-05 7.67089e-05 5.81622e-05 0.000101658 -5.02171e-05 -1.92159e-05 -1.63465e-06 2.14486e-06
internal_weight=162067 25827 25560 1212 954 136240 18155 14642 13695 9806 3889 3679 118085 113299
internal_count=162067 25827 25560 1212 954 136240 18155 14642 13695 9806 3889 3679 118085 113299
cat_boundaries=0 2
cat_threshold=247185412 55172
is_linear=0
shrinkage=0.05


Tree=48
num_leaves=15
num_cat=0
split_feature=33 26 33 1 27 33 18 27 33 24 37 21 33 27
split_gain=0.0148672 0.040031 0.0372207 0.0353172 0.0342146 0.0374392 0.0335707 0.0316076 0.0306019 0.0302395 0.0301121 0.0222748 0.0219771 0.0278543
threshold=-0.00098927016369998433 3.5000000000000004 -0.027356095612049099 -0.059072494506835931 9.5000000000000018 -0.033596089109778397 0.099111035466194167 6.5000000000000009 -0.0011588088818825779 -34.941493988037102 -0.10721068456768988 1.2813791632652285 -0.0032093746121972795 9.5000000000000018
decision_type=2 2 2 2 2 2 2 2 2 2 2 2 2 2
left_child=1 3 7 4 6 -6 -1 -3 -5 11 -8 -2 13 -4
right_child=9 2 12 8 5 -7 10 -9 -10 -11 -12 -13 -14 -15
leaf_value=0.00012340084692372109 8.5288940436119841e-06 -0.00089574073633494279 -0.00016497019481982381 -9.0126366463060941e-06 -0.00071544558365309048 0 0.00083940080833647948 -0.0001579889826502444 -0.00029179589143098629 5.6344567212119919e-05 9.0556938046270602e-05 -6.3353545425175647e-05 6.233473851255027e-05 2.7864706905183813e-05
leaf_weight=4520 56815 260 6833 43959 204 1409 333 373 975 28061 252 13280 2182 2520
leaf_count=4520 56815 260 6833 43959 204 1409 333 373 975 28061 252 13280 2182 2520
internal_value=2.27803e-07 -1.85261e-05 -0.000100096 6.01003e-07 0.000107577 -9.09406e-05 0.000171307 -0.000473497 -1.52917e-05 1.24726e-05 0.000528798 -5.02197e-06 -7.89759e-05 -0.000112493
internal_weight=161976 63820 12168 51652 6718 1613 5105 633 44934 98156 585 70095 11535 9353
internal_count=161976 63820 12168 51652 6718 1613 5105 633 44934 98156 585 70095 11535 9353
is_linear=0
shrinkage=0.05


Tree=49
num_leaves=15
num_cat=2
split_feature=19 34 37 39 40 12 3 1 18 4 37 27 40 27
split_gain=0.0157989 0.0186692 0.0281146 0.0356266 0.0226399 0.0160565 0.0156619 0.013529 0.0228003 0.0134849 0.012994 0.0248942 0.0262068 0.0153703
threshold=0.0029522776603698735 0.28275980055332189 0.16840849071741107 -0.28846584260463709 0 0.60304099321365368 -0.22615313529968259 -0.18122911453247068 0.12281997874379159 0.14713811874389651 -0.10721068456768988 10.500000000000002 1 4.5000000000000009
decision_type=2 2 2 2 9 2 2 2 2 2 2 2 9 2
left_child=5 -2 4 -4 -3 7 9 -1 10 -6 11 12 -9 -14
right_child=1 2 3 -5 6 -7 -8 8 -10 -11 -12 -13 13 -15
leaf_value=0.00029511792195875973 7.0615515709202409e-06 -5.5907769718989337e-05 0.00064032658408905271 2.3144824782724845e-05 0.00018178823961013192 -0.0004082440199227466 7.1076810280060965e-05 -0.00027377557835881649 -0.00028526738868769208 0.00062500745174757025 -8.4410049794486832e-06 0.00019819019583225243 0.00017275521533119899 -0.00010900126870912876
leaf_weight=346 61379 2769 489 478 707 255 3022 1907 772 253 87006 618 695 1538
leaf_count=346 61379 2769 489 478 707 255 3022 1907 772 253 87006 618 695 1538
internal_value=-1.71044e-06 1.63693e-05 8.96915e-05 0.000342078 5.25736e-05 -1.51774e-05 0.000129055 -1.40225e-05 -1.52483e-05 0.000306409 -1.29068e-05 -9.34253e-05 -0.000138349 -1.87991e-05
internal_weight=162234 69097 7718 967 6751 93137 3982 92882 92536 960 91764 4758 4140 2233
internal_count=162234 69097 7718 967 6751 93137 3982 92882 92536 960 91764 4758 4140 2233
cat_boundaries=0 2 4
cat_threshold=386446114 68932 1751849604 1918
is_linear=0
shrinkage=0.05


Tree=50
num_leaves=15
num_cat=4
split_feature=33 40 10 13 27 40 24 40 40 36 37 13 35 37
split_gain=0.0181058 0.0179607 0.0177249 0.0221718 0.0205235 0.0165591 0.0162105 0.0147742 0.0141568 0.0139217 0.0137138 0.0126816 0.0161849 0.0144719
threshold=0.0037542526843026285 0 -0.02270611189305782 0.08939924463629724 9.5000000000000018 1 -36.153848648071282 2 3 -0.082351218909025178 -0.055899735540151589 0.043690908700227744 1.369431793689728 -0.088399585336446748
decision_type=2 9 2 2 2 9 2 9 9 2 2 2 2 2
left_child=2 6 4 7 8 -5 10 11 -1 -3 -2 -4 13 -13
right_child=1 9 3 5 -6 -7 -8 -9 -10 -11 -12 12 -14 -15
leaf_value=0 -0.00013983612993450007 9.8842317375055368e-05 -2.418709555467236e-05 -0.00051983045745390059 -0.00018811282195029718 -6.8806614579836043e-05 8.897074150183164e-05 7.3382774372777464e-07 0.00051953044363672407 -9.8980999643940105e-06 2.9054911804875808e-05 -0.00032148951685111984 3.7130871219517426e-06 -0.00010478297174790332
leaf_weight=210 1357 3209 24800 358 217 546 14258 64889 421 34877 10009 1057 2282 3349
leaf_count=210 1357 3209 24800 358 217 546 14258 64889 421 34877 10009 1057 2282 3349
internal_value=2.76256e-07 2.1061e-05 -1.31676e-05 -1.52047e-05 0.000213376 -0.000261273 5.34143e-05 -1.28313e-05 0.000359703 -5.92801e-07 8.39848e-06 -4.09273e-05 -0.000102252 -0.00015821
internal_weight=161839 63710 98129 97281 848 904 25624 96377 631 38086 11366 31488 6688 4406
internal_count=161839 63710 98129 97281 848 904 25624 96377 631 38086 11366 31488 6688 4406
cat_boundaries=0 2 4 6 8
cat_threshold=1967259709 88488 1281364000 65536 359137824 21923 16810144 82176
is_linear=0
shrinkage=0.05


Tree=51
num_leaves=15
num_cat=5
split_feature=5 40 9 0 7 37 40 19 25 40 33 40 10 40
split_gain=0.01437 0.0277428 0.0153703 0.0143775 0.0213876 0.0204512 0.0234461 0.0201775 0.0162316 0.0147044 0.0126031 0.0124135 0.0182119 0.0138247
threshold=0.083905823528766646 0 -0.018102237023413178 0.033145427703857429 -0.12133216857910155 -0.030037155374884602 1 0.022593200206756595 0.026797010563313964 2 0.01614882051944733 3 -0.011167725082486866 4
decision_type=2 9 2 2 2 2 9 2 2 9 2 9 2 9
left_child=3 -2 -3 11 7 8 -7 10 9 -6 -5 12 13 -1
right_child=1 2 -4 4 5 6 -8 -9 -10 -11 -12 -13 -14 -15
leaf_value=8.4227361525166474e-06 5.8111205780865214e-05 -0.00062391872364357464 -0.00016472061171606971 0.00039359924888600519 0.00016507236439687763 0.00019065047274096706 -1.0011911725817503e-05 0.00072530673631958451 -0.00052244173777925556 -0.00015991839136967982 -8.4363548979529918e-05 -1.5428232225544176e-05 7.3848043583627054e-06 0.00019567249061586069
leaf_weight=1818 1642 209 1990 251 504 2775 2956 220 206 1005 268 73936 72158 2324
leaf_count=1818 1642 209 1990 251 504 2775 2956 220 206 1005 268 73936 72158 2324
internal_value=3.36861e-07 -9.51238e-05 -0.000210992 2.68584e-06 6.72056e-05 4.08657e-05 8.66753e-05 0.000323823 -0.000109116 -4.78495e-05 0.000138798 -7.98096e-07 1.33136e-05 0.000115292
internal_weight=162262 3841 2199 158421 8185 7446 5731 739 1715 1509 519 150236 76300 4142
internal_count=162262 3841 2199 158421 8185 7446 5731 739 1715 1509 519 150236 76300 4142
cat_boundaries=0 2 4 6 8 10
cat_threshold=95948816 16819 1571426356 22960 1853096452 10280 169081071 101984 168843296 33856
is_linear=0
shrinkage=0.05


Tree=52
num_leaves=15
num_cat=4
split_feature=19 37 34 34 39 6 40 34 40 40 2 40 30 17
split_gain=0.0178801 0.0234918 0.020066 0.0170239 0.0285861 0.0338312 0.0180073 0.0152516 0.0177696 0.0137587 0.0137256 0.0114958 0.0109104 0.00995247
threshold=-0.00060421228408813466 -0.29573123157024378 0.65775698423385631 0.28794710338115698 -0.26339066028594965 0.12112770974636079 0 0.35636444389820104 1 2 -0.14017939567565915 3 0.86576578021049511 0.037083325907588012
decision_type=2 2 2 2 2 2 9 2 9 9 2 9 2 2
left_child=9 -2 3 13 5 6 -5 11 -9 -1 -8 -6 -7 -3
right_child=1 2 -4 4 7 12 10 8 -10 -11 -12 -13 -14 -15
leaf_value=3.1688284167322471e-06 0.00043254228623607689 1.0157113598397851e-05 -0.00043629625021051298 -5.9094554785520711e-07 0.00020035037588882283 0.00068386160480029038 0.0004325572889168075 -0.00029724645379672321 1.219599463965774e-05 -4.8135482236061717e-05 0.00011901446285169735 -1.4674318094400014e-06 0.00021222031273586883 -6.475163600683333e-05
leaf_weight=25589 328 96322 244 1672 1041 391 566 763 1083 26337 1087 1991 240 4630
leaf_count=25589 328 96322 244 1672 1041 391 566 763 1083 26337 1087 1991 240 4630
internal_value=1.39176e-06 1.2805e-05 1.14887e-05 1.25493e-05 7.91402e-05 0.000178935 0.0001129 -8.68362e-07 -0.000115001 -2.27674e-05 0.000228989 6.70485e-05 0.000515414 6.66898e-06
internal_weight=162284 110358 110030 109786 8834 3956 3325 4878 1846 51926 1653 3032 631 100952
internal_count=162284 110358 110030 109786 8834 3956 3325 4878 1846 51926 1653 3032 631 100952
cat_boundaries=0 2 4 6 8
cat_threshold=2101385568 36548 461496548 16538 1452315518 112740 2093498476 241
is_linear=0
shrinkage=0.05


Tree=53
num_leaves=15
num_cat=0
split_feature=5 19 29 28 37 26 34 26 27 26 34 33 37 33
split_gain=0.0158377 0.015783 0.0146038 0.0135705 0.0229698 0.0187859 0.0162128 0.0447679 0.0672697 0.0342571 0.0222916 0.0206239 0.0228605 0.0373633
threshold=0.14177136123180392 0.012937128543853762 0.023532669059932235 1.0000000180025095e-35 0.13992410898208621 1.5000000000000002 0.26033915579319006 3.5000000000000004 6.5000000000000009 2.5000000000000004 0.22534774243831637 0.0092000644654035586 -0.10362648963928221 -0.0088437395170330984
decision_type=2 2 2 2 2 2 2 2 2 2 2 2 2 2
left_child=2 -2 -1 -4 6 -6 10 9 -9 11 -5 12 -8 -14
right_child=1 -3 3 4 5 -7 7 8 -10 -11 -12 -13 13 -15
leaf_value=-0.00011791936123588769 -0.00048214540492028547 2.218046050347459e-06 -4.0194582431654734e-06 2.6536572689234314e-05 8.6597664718748602e-07 0.00040284633390669624 -0.00066017984868214832 -0.0010896704677398653 0 0.00045440365929809765 0.00025359260553590345 0.00021132571221133754 0.00038661137290472492 -0.00034884757078137816
leaf_weight=2587 336 292 137216 16731 511 756 220 249 313 364 1160 385 266 461
leaf_count=2587 336 292 137216 16731 511 756 220 249 313 364 1160 385 266 461
internal_value=-1.17808e-06 -0.000250794 -1.6698e-07 1.72549e-06 3.87601e-05 0.000245293 2.54673e-05 -9.99931e-05 -0.000485088 2.57262e-05 4.16044e-05 -8.89415e-05 -0.000216735 -7.21192e-05
internal_weight=161847 628 161219 158632 21416 1267 20149 2258 562 1696 17891 1332 947 727
internal_count=161847 628 161219 158632 21416 1267 20149 2258 562 1696 17891 1332 947 727
is_linear=0
shrinkage=0.05


Tree=54
num_leaves=15
num_cat=6
split_feature=36 40 23 40 17 2 40 40 18 40 37 20 40 4
split_gain=0.0123616 0.0131103 0.00944769 0.0113579 0.0119912 0.0116198 0.012801 0.011 0.0138711 0.00904475 0.00877314 0.0144029 0.00876234 0.00971544
threshold=-2.1144514583681936e-08 0 0.026997627690434459 1 0.045289052650332458 -0.18870115280151364 2 3 0.05624774098396302 4 0.094504773616790785 0.19403184205293658 5 0.0064985752105712899
decision_type=2 9 10 9 2 2 9 9 2 9 2 2 9 2
left_child=2 -2 3 5 10 6 -1 -6 -9 -4 -5 -12 13 -13
right_child=1 -3 9 4 7 -7 -8 8 -10 -11 11 12 -14 -15
leaf_value=-1.1625625844385255e-05 7.2880413613746612e-06 -3.3465373771023469e-05 6.200803843318031e-05 -2.6866806430659257e-05 2.3681281293264251e-05 1.866623163871616e-05 0.00034103639445784764 0 -0.00044961170661253746 8.9115568730633327e-06 -9.6158720428429288e-06 0.00056456068794474184 4.0788412110695399e-05 0.00015200856743009493
leaf_weight=413 38994 39611 16183 21744 400 22630 582 259 489 16417 2880 255 640 437
leaf_count=413 38994 39611 16183 21744 400 22630 582 259 489 16417 2880 255 640 437
internal_value=1.00084e-06 -1.31892e-05 1.44464e-05 8.48216e-07 -2.11328e-05 2.62747e-05 0.000193623 -0.00017929 -0.000290366 3.54498e-05 -1.392e-05 5.16832e-05 0.000187502 0.000309722
internal_weight=161934 78605 83329 50729 27104 23625 995 1148 748 32600 25956 4212 1332 692
internal_count=161934 78605 83329 50729 27104 23625 995 1148 748 32600 25956 4212 1332 692
cat_boundaries=0 2 4 6 8 10 12
cat_threshold=954604026 85016 2251536470 45166 67110912 4202 17302400 16528 2060043153 43880 151535776 83328
is_linear=0
shrinkage=0.05


Tree=55
num_leaves=15
num_cat=5
split_feature=5 30 40 40 37 40 37 40 5 0 0 1 40 37
split_gain=0.0216301 0.0111468 0.0223364 0.0142336 0.0121033 0.0224259 0.0115798 0.0100547 0.0100105 0.00956591 0.00903051 0.00896247 0.0108184 0.00925585
threshold=0.14177136123180392 0.74478939175605785 0 1 -0.033828737214207642 2 0.091845598071813597 3 0.05349815450608731 0.017567992210388187 0.019785642623901371 -0.010759592056274412 4 0.21734592318534854
decision_type=2 2 9 9 2 9 2 9 2 2 2 2 9 2
left_child=1 3 8 -1 5 -4 -5 10 -3 -8 -6 12 -9 -13
right_child=-2 2 4 6 7 -7 9 11 -10 -11 -12 13 -14 -15
leaf_value=3.290316707007798e-05 -0.00029229601954574241 -6.1178420847179469e-05 -0.00026105087748880273 -9.6480836819562752e-06 2.7677990230566367e-05 2.5469930078088513e-05 2.5018311674484331e-05 0.00016638050070505613 -0.00020010904186680339 0.00016333517038158413 0.00015197253589648637 -1.6257366608574543e-05 -9.1387697700145689e-06 -0.00022119509216697716
leaf_weight=42158 623 9616 1186 69491 6478 1520 5973 1477 1552 1623 1945 15775 2017 572
leaf_count=42158 623 9616 1186 69491 6478 1520 5973 1477 1552 1623 1945 15775 2017 572
internal_value=5.29087e-07 1.69951e-06 -2.03666e-05 9.53955e-06 1.35085e-06 -9.93824e-05 -3.17805e-06 1.11883e-05 -8.09414e-05 5.53176e-05 5.69783e-05 -8.03289e-06 6.42097e-05 -2.37996e-05
internal_weight=162006 161383 42138 119245 30970 2706 77087 28264 11168 7596 8423 19841 3494 16347
internal_count=162006 161383 42138 119245 30970 2706 77087 28264 11168 7596 8423 19841 3494 16347
cat_boundaries=0 2 4 6 8 10
cat_threshold=35858498 74310 176265319 74336 1154011188 51248 335548464 18576 1623490825 33792
is_linear=0
shrinkage=0.05


Tree=56
num_leaves=15
num_cat=2
split_feature=1 40 33 26 34 34 34 1 33 40 33 27 34 33
split_gain=0.0142865 0.0276917 0.0158702 0.0363067 0.0558245 0.0761411 0.0461033 0.0405528 0.0313448 0.031146 0.0304068 0.0433775 0.0310418 0.059029
threshold=0.099281311035156264 0 -0.00093221967108547677 3.5000000000000004 0.22309385985136035 0.23668733984231952 0.21837690472602847 -0.074965238571166978 -0.0032093746121972795 1 -0.0090544903650879843 4.5000000000000009 0.37141688168048864 -0.023949026130139824
decision_type=2 9 2 2 2 2 2 2 2 9 2 2 2 2
left_child=2 -2 3 7 6 -6 8 9 -5 -1 11 -7 13 -13
right_child=1 -3 -4 4 5 10 -8 -9 -10 -11 -12 12 -14 -15
leaf_value=5.7400990517772708e-06 -0.00021894174827060865 1.5703679637817089e-05 1.7881813026496794e-05 -0.00010811407180972607 -0.0012384992165691356 0.00042087383375509805 0.00053876677545937172 -9.8339069731336988e-06 0.00011631475766255956 0.00027376122214755125 -0.00056901825367690025 -0.0011249733730748467 0.00011296418392930134 -0.00014713932723198732
leaf_weight=2104 2098 3020 93746 7615 203 300 324 46813 1931 2325 479 215 384 577
leaf_count=2104 2098 3020 93746 7615 203 300 324 46813 1931 2325 479 215 384 577
internal_value=2.08841e-06 -8.00241e-05 4.79921e-06 -1.45059e-05 -9.26803e-05 -0.000323085 -4.16597e-05 3.7536e-06 -6.21552e-05 0.000148346 -0.000222564 -0.000105212 -0.000244866 -0.000424252
internal_weight=162134 5118 157016 63270 12028 2158 9870 51242 9546 4429 1955 1476 1176 792
internal_count=162134 5118 157016 63270 12028 2158 9870 51242 9546 4429 1955 1476 1176 792
cat_boundaries=0 2 4
cat_threshold=848275810 113280 1430281104 85224
is_linear=0
shrinkage=0.05


Tree=57
num_leaves=15
num_cat=2
split_feature=33 26 18 34 39 4 36 20 40 40 22 18 6 24
split_gain=0.0147058 0.0902428 0.0382131 0.0392976 0.0299685 0.0163269 0.0118043 0.0126744 0.0163662 0.0150424 0.0108553 0.0107432 0.0220382 0.013426
threshold=-0.033596089109778397 1.5000000000000002 0.12281997874379159 0.37141688168048864 -0.49063582718372339 0.51376318931579601 -0.084300871938467012 0.17627818882465365 0 1 0.63435000181198131 0.12281997874379159 -0.045715697109699242 -33.590524673461907
decision_type=2 2 2 2 2 2 2 2 9 9 8 2 2 2
left_child=1 2 3 -1 -3 10 7 8 -2 -9 -6 -8 -13 -14
right_child=6 4 -4 -5 5 -7 11 9 -10 -11 -12 12 13 -15
leaf_value=0.00028668631651959263 -7.3432844369701123e-05 -0.001007981002663998 0.00081701930570989793 -0.0004984389711012525 8.4074889368432307e-07 -0.0006413360341884309 -2.8861138082689434e-06 0.00021459743791253568 7.4703471335425936e-05 2.6632733597123405e-05 -0.0004293252143536629 -0.00044541696423454732 -0.00019369507027508997 0.00019563261654463512
leaf_weight=512 3379 202 202 224 369 265 146612 2029 4106 2394 216 415 451 425
leaf_count=512 3379 202 202 224 369 265 146612 2029 4106 2394 216 415 451 425
internal_value=-2.01597e-06 -0.000136933 0.00021548 3.92366e-05 -0.00045542 -0.000313131 -3.00433e-07 4.75462e-05 7.15914e-06 0.000114678 -0.000151808 -4.18795e-06 -0.000147591 0
internal_weight=161801 1990 938 736 1052 850 159811 11908 7485 4423 585 147903 1291 876
internal_count=161801 1990 938 736 1052 850 159811 11908 7485 4423 585 147903 1291 876
cat_boundaries=0 2 4
cat_threshold=759194132 19635 2247012884 17191
is_linear=0
shrinkage=0.05


Tree=58
num_leaves=15
num_cat=0
split_feature=5 19 34 37 37 27 27 34 26 26 37 34 3 8
split_gain=0.0168536 0.0134618 0.0184281 0.0224771 0.0231405 0.0286317 0.0274939 0.025763 0.0240215 0.0349782 0.0198778 0.0146257 0.0207326 0.0136167
threshold=0.11830112338066102 -0.002284079790115356 0.28794710338115698 -0.29573123157024378 0.089094512164592757 5.5000000000000009 3.5000000000000004 0.29890131950378424 2.5000000000000004 3.5000000000000004 -0.02017109468579292 0.65775698423385631 -0.1158778667449951 65.967021942138686
decision_type=2 2 2 2 2 2 2 2 2 2 2 2 2 2
left_child=1 -1 -3 -4 7 6 -6 8 10 -10 -5 12 -9 -8
right_child=-2 2 3 4 5 -7 13 11 9 -11 -12 -13 -14 -15
leaf_value=-2.3476769354922774e-05 -0.00018065865449517858 4.03263262050883e-06 0.00052272484791616406 0.00069761760282024618 0 2.409032024092581e-05 0.00073947264318918672 0.00010173478112378756 -0.00041710868371525462 0.00044847990433966815 0.00010549036550836604 -0.00039665744067772925 -8.7424224445549936e-05 0.00025161268749902122
leaf_weight=40504 1276 110878 272 346 309 1095 448 2574 256 205 279 243 3294 275
leaf_count=40504 1276 110878 272 346 309 1095 448 2574 256 205 279 243 3294 275
internal_value=0 1.42162e-06 9.83472e-06 7.63178e-05 6.2486e-05 0.000207412 0.00039605 1.8846e-05 0.000243023 -2.07824e-05 0.000444164 -2.03417e-05 -3.58224e-06 0.000563781
internal_weight=162254 160978 120474 9596 9324 2127 1032 7197 1086 461 625 6111 5868 723
internal_count=162254 160978 120474 9596 9324 2127 1032 7197 1086 461 625 6111 5868 723
is_linear=0
shrinkage=0.05


Tree=59
num_leaves=15
num_cat=1
split_feature=27 15 34 34 34 34 26 26 26 1 33 33 40 16
split_gain=0.015768 0.0203373 0.0167282 0.0176716 0.0278229 0.0195189 0.0194945 0.0201328 0.0180987 0.0238727 0.0196202 0.0277466 0.0172355 0.0167078
threshold=2.5000000000000004 0.039811199530959136 0.11646003648638727 0.17925817519426349 0.19837316870689395 0.19227895885705951 1.5000000000000002 3.5000000000000004 2.5000000000000004 -0.070198297500610338 0.013033179566264154 0.0060520377010107049 0 1.0443231463432314
decision_type=2 2 2 2 2 2 2 2 2 2 2 2 9 2
left_child=1 2 -1 -4 5 6 -5 -8 10 -10 11 -6 -11 -3
right_child=-2 13 3 4 8 -7 7 -9 9 12 -12 -13 -14 -15
leaf_value=-0.00010548171222615429 6.7771699556838271e-06 -0.00034748415643978681 3.4192453749477635e-05 9.7584206148908117e-05 -0.00010478149658721815 -0.00047632955712951369 -0.00056304780159220191 7.9563668610660429e-06 0.00051632112371984386 0.00018141818484870953 -0.0003696342287795748 0.00029604167159346886 -0.0001022476539958934 3.013576953908251e-05
leaf_weight=5147 136025 903 11795 539 2447 586 336 251 290 1009 512 516 1091 397
leaf_count=5147 136025 903 11795 539 2447 586 336 251 290 1009 512 516 1091 397
internal_value=0 -3.58405e-05 -2.53688e-05 -3.80363e-06 -6.35945e-05 -0.000240761 -0.000112181 -0.000312437 -1.08665e-05 9.39462e-05 -8.44217e-05 -3.29132e-05 3.2155e-05 -0.00022866
internal_weight=161844 25819 24519 19372 7577 1712 1126 587 5865 2390 3475 2963 2100 1300
internal_count=161844 25819 24519 19372 7577 1712 1126 587 5865 2390 3475 2963 2100 1300
cat_boundaries=0 2
cat_threshold=1782350406 26568
is_linear=0
shrinkage=0.05


Tree=60
num_leaves=15
num_cat=2
split_feature=19 33 34 34 7 39 37 2 31 17 33 33 40 40
split_gain=0.0150286 0.0245084 0.0287532 0.0333951 0.0286714 0.0184673 0.0175007 0.0257528 0.017223 0.0154623 0.0231904 0.0806194 0.0178855 0.0147389
threshold=0.0029522776603698735 -0.018726279027760025 0.38271926343441015 0.32025340199470526 -0.0834636054933071 -0.643823742866516 -0.11159890517592429 0.057328462600708015 0.49489796161651617 0.038446489721536643 -0.04587933421134948 -0.038633381947875016 0 1
decision_type=2 2 2 2 2 2 2 2 2 2 2 2 9 9
left_child=9 2 3 8 -4 6 -3 -8 -2 -1 -11 -12 -13 -7
right_child=1 5 4 -5 -6 13 7 -9 -10 10 11 12 -14 -15
leaf_value=-6.9181132150702572e-06 -2.7512045903609588e-06 0.00054323839066533508 0.00012576643958245732 -0.00044850481607383759 0.00093483557600974692 3.7052215343576694e-05 -0.00023411388197386234 0.00047107321304382105 0.00033418495080224982 0.00034282555873965833 -0.0010773339406672129 -0.00015262710414543974 2.4530978596859482e-05 -1.0581612802581961e-05
leaf_weight=86796 669 310 244 242 225 28466 297 218 791 286 204 3196 2484 37538
leaf_count=86796 669 310 244 242 225 28466 297 218 791 286 204 3196 2484 37538
internal_value=6.69266e-07 1.83767e-05 0.000183688 8.39931e-05 0.000530228 1.29183e-05 0.000247551 5.64364e-05 0.000176899 -1.24198e-05 -8.89366e-05 -0.000111045 -7.4544e-05 9.89127e-06
internal_weight=161966 69000 2171 1702 469 66829 825 515 1460 92966 6170 5884 5680 66004
internal_count=161966 69000 2171 1702 469 66829 825 515 1460 92966 6170 5884 5680 66004
cat_boundaries=0 2 4
cat_threshold=1750818992 95672 1019684908 14505
is_linear=0
shrinkage=0.05


Tree=61
num_leaves=15
num_cat=4
split_feature=1 40 37 39 3 34 40 37 30 40 40 1 39 0
split_gain=0.0130042 0.0228791 0.0110211 0.0344547 0.0210747 0.0215941 0.0161541 0.0115891 0.00997416 0.015322 0.0145423 0.0210599 0.0127754 0.00951914
threshold=0.12532067298889163 0 0.076760526746511473 -0.49063582718372339 -0.17755842208862302 0.32025340199470526 1 0.25675357878208166 0.74047619104385387 2 3 -0.18122911453247068 -0.47474431991577143 -0.048613786697387688
decision_type=2 9 2 2 2 2 9 2 2 9 9 2 2 2
left_child=2 -2 8 4 -4 -6 7 -5 10 -10 11 -1 -11 -13
right_child=1 -3 3 6 5 -7 -8 -9 9 12 -12 13 -14 -15
leaf_value=0.00049554239691242086 3.5194810089992241e-05 -0.00026025702492769783 0 6.408080114821489e-05 0.00023506721702498605 0.00086794700506791613 -1.6778905708228865e-05 -0.00024068748471870149 4.7372896585928018e-06 -0.00046403950168219722 -1.6383149483972888e-05 -0.00015215155849807141 -6.3780797798598319e-05 2.2092539180986813e-05
leaf_weight=229 1263 1291 355 13593 379 241 15880 308 13354 202 54888 786 13522 45904
leaf_count=229 1263 1291 355 13593 379 241 15880 308 13354 202 54888 786 13522 45904
internal_value=-1.46647e-06 -0.000113293 2.94751e-07 2.72155e-05 0.000319224 0.000494049 1.74355e-05 5.68436e-05 -6.09139e-06 -3.30645e-05 1.03492e-06 2.15164e-05 -7.01521e-05 1.90362e-05
internal_weight=162195 2554 159641 30756 975 620 29781 13901 128885 27078 101807 46919 13724 46690
internal_count=162195 2554 159641 30756 975 620 29781 13901 128885 27078 101807 46919 13724 46690
cat_boundaries=0 2 4 6 8
cat_threshold=1160798388 23602 2894650172 21045 2975748281 7577 3393694027 74314
is_linear=0
shrinkage=0.05


Tree=62
num_leaves=15
num_cat=5
split_feature=36 10 40 7 22 40 40 40 23 25 40 39 9 34
split_gain=0.0114383 0.0106967 0.0135777 0.0174643 0.0107645 0.0112195 0.0105205 0.00937649 0.00919126 0.00967504 0.0115205 0.0102081 0.00820507 0.00954786
threshold=0.039836883544921882 -0.018548121675848957 0 -0.037550745531916611 0.51534998416900646 1 2 3 0.022000013850629333 -0.0017473981715738771 4 -0.52757641673088063 0.0033919902052730326 0.32025340199470526
decision_type=2 2 9 2 8 9 9 9 10 2 9 2 2 2
left_child=6 -2 3 4 5 -3 -1 -6 12 -10 11 -11 -8 -14
right_child=1 2 -4 -5 7 -7 8 -9 9 10 -12 -13 13 -15
leaf_value=2.5801603123286888e-05 0.00029401680010140632 -0.00073710113953051474 -9.2875735163801652e-06 -5.7587209627388015e-05 0.00011484031770807695 -0.0001838323601396691 -3.5550519440693512e-05 -0.00029474668163848185 -1.5525778597433171e-05 0.00042160234730426746 1.4023554974297677e-06 6.7883838891122584e-05 -2.201677562156556e-06 0.0001740781456931462
leaf_weight=39578 246 201 21525 8975 227 265 30138 290 15430 210 11216 9555 23413 788
leaf_count=39578 246 201 21525 8975 227 265 30138 290 15430 210 11216 9555 23413 788
internal_value=-2.24612e-06 -2.91858e-05 -3.19163e-05 -8.02092e-05 -0.000281167 -0.000457934 4.27499e-06 -0.000109399 -5.06132e-06 1.42993e-05 3.64702e-05 7.61364e-05 -1.81274e-05 3.36632e-06
internal_weight=162057 31729 31483 9958 983 466 130328 517 90750 36411 20981 9765 54339 24201
internal_count=162057 31729 31483 9958 983 466 130328 517 90750 36411 20981 9765 54339 24201
cat_boundaries=0 2 4 6 8 10
cat_threshold=2254667796 37474 71434240 32770 1241718970 610 4325376 4610 878711557 27032
is_linear=0
shrinkage=0.05


Tree=63
num_leaves=15
num_cat=0
split_feature=28 34 25 33 34 26 34 33 33 25 33 11 33 34
split_gain=0.0122579 0.0197346 0.015143 0.0177305 0.0111303 0.0221777 0.0125465 0.0361308 0.0768976 0.0384879 0.0596806 0.0575507 0.0447207 0.0472435
threshold=1.0000000180025095e-35 0.087557714432477965 -0.0056598957162350408 -0.022489253431558606 0.65775698423385631 1.5000000000000002 0.32025340199470526 0.015504895709455015 0.014381004497408869 0.0022110572317615156 -0.038633381947875016 0.10343629121780397 -0.010929068084806202 0.45017996430397039
decision_type=2 2 2 2 2 2 2 2 2 2 2 2 2 2
left_child=4 -2 3 -3 6 -6 -1 8 9 10 -8 -11 -12 -14
right_child=1 2 -4 -5 5 -7 7 -9 -10 11 12 -13 13 -15
leaf_value=-6.2060281631873799e-06 -0.00015820126593419568 0.00054293003183043126 2.6665891874917377e-05 0.00010588580585988035 -0.00061687661712568219 7.7754060188064102e-05 -0.0005111788335578955 -0.00010259485312301646 0.0010388073910437808 0.0010644996481868527 0.00029445509984092914 0.00017255110574501676 0.0001037709428028515 -0.0004026533452284218
leaf_weight=131796 1207 250 16493 3935 212 219 489 2435 218 207 1394 1447 1290 703
leaf_count=131796 1207 250 16493 3935 212 219 489 2435 218 207 1394 1447 1290 703
internal_value=2.12995e-06 3.69498e-05 4.86182e-05 0.000133804 -3.26276e-06 -0.000255609 -2.44096e-06 5.75557e-05 0.000126299 8.85173e-05 9.59841e-07 0.000290065 7.70187e-05 -7.29205e-05
internal_weight=162295 21885 20678 4185 140410 431 139979 8183 5748 5530 3876 1654 3387 1993
internal_count=162295 21885 20678 4185 140410 431 139979 8183 5748 5530 3876 1654 3387 1993
is_linear=0
shrinkage=0.05


Tree=64
num_leaves=15
num_cat=2
split_feature=19 34 25 40 4 30 34 34 34 40 19 4 18 16
split_gain=0.0142277 0.0164185 0.0198738 0.0160704 0.0146784 0.0139873 0.0126378 0.0126073 0.0223648 0.0201417 0.01465 0.0141563 0.0122493 0.0119063
threshold=-0.0028416216373443599 0.28794710338115698 -0.02546282950788736 0 -0.85110545158386219 0.70241516828536998 0.38271926343441015 0.40313921868801122 0.54255059361457836 1 0.0074188709259033212 -0.29543781280517573 0.065949477255344405 1.0695773959159853
decision_type=2 2 2 9 2 2 2 2 2 9 2 2 2 2
left_child=-1 4 6 5 -2 -4 -3 11 9 -9 -10 -5 13 -13
right_child=1 2 3 7 -6 -7 -8 8 10 -11 -12 12 -14 -15
leaf_value=-2.8715038925108896e-05 -0.00027924245037889544 8.2545771958610943e-05 3.5698412175797619e-05 0.00032161572377764044 2.208913313058929e-06 -0.00016223091825430405 0.0005870836845340634 -0.00047213349722218775 -7.4551813751909022e-05 0 0.00037363305145243672 3.5362520820289915e-05 -0.00013601919386265865 0.00027516510244301426
leaf_weight=37307 460 263 2973 1006 114188 1258 290 323 268 669 468 1204 445 986
leaf_count=37307 460 263 2973 1006 114188 1258 290 323 268 669 468 1204 445 986
internal_value=-1.59998e-06 6.46634e-06 6.73995e-05 4.99044e-05 1.02391e-06 -2.20414e-05 0.000358982 0.00010734 -8.4655e-07 -0.000158318 0.000204286 0.000160282 9.63005e-05 0.000145987
internal_weight=162108 124801 10153 9600 114648 4231 553 5369 1728 992 736 3641 2635 2190
internal_count=162108 124801 10153 9600 114648 4231 553 5369 1728 992 736 3641 2635 2190
cat_boundaries=0 2 4
cat_threshold=42072944 126016 1010827268 131
is_linear=0
shrinkage=0.05


Tree=65
num_leaves=15
num_cat=0
split_feature=36 33 10 18 10 19 2 12 10 34 34 33 34 33
split_gain=0.0141173 0.0118319 0.0104043 0.0134538 0.0108475 0.0106233 0.0112616 0.00923251 0.00901915 0.0329291 0.016821 0.0221145 0.0366557 0.018092
threshold=0.0052471321541816005 0.034509127959609039 -0.020237515680491921 0.086960218846797957 -0.013282381929457186 0.038002789020538337 -0.16295599937438962 0.1641991659998894 -0.0090527320280671102 0.54255059361457836 0.29890131950378424 0.017447159625589851 0.32025340199470526 -0.0064823471475392571
decision_type=2 2 2 2 2 2 2 2 2 2 2 2 2 2
left_child=8 2 -2 4 -4 6 -6 -7 9 10 -1 12 -12 -14
right_child=1 -3 3 -5 5 7 -8 -9 -10 -11 11 -13 13 -15
leaf_value=6.5374577237697516e-05 0.00028365187932966756 -0.00027294160770581933 -0.00021096835849392892 -0.00013835275359284934 -0.00029013431082063648 -6.9388055570473077e-06 -1.0570669350374153e-05 0.00041660137948897112 6.8277809933192874e-06 0.0006104929798030227 -0.00045915361256232824 -0.00045068452717688377 -6.1532306547572358e-06 0.00044619010103142824
leaf_weight=9831 282 448 680 2214 359 202 60198 266 85715 256 325 360 578 333
leaf_count=9831 282 448 680 2214 359 202 60198 266 85715 256 325 360 578 333
internal_value=4.60099e-07 -1.76213e-05 -1.57406e-05 -1.71618e-05 -1.27215e-05 -1.04134e-05 -1.23344e-05 0.00022508 1.25134e-05 5.37789e-05 4.06078e-05 -0.000108554 -3.46154e-06 0.000155267
internal_weight=162047 64649 64201 63919 61705 61025 60557 468 97398 11683 11427 1596 1236 911
internal_count=162047 64649 64201 63919 61705 61025 60557 468 97398 11683 11427 1596 1236 911
is_linear=0
shrinkage=0.05


Tree=66
num_leaves=15
num_cat=0
split_feature=5 26 28 34 34 34 34 33 33 4 35 37 34 34
split_gain=0.0133831 0.0131047 0.0118556 0.0197903 0.0258931 0.0205614 0.018943 0.0186177 0.0175551 0.0170596 0.0164477 0.0166648 0.0163928 0.0193172
threshold=0.11830112338066102 3.5000000000000004 1.0000000180025095e-35 0.52650606632232677 0.37141688168048864 0.33257238566875463 0.31180919706821447 -0.010472902096807955 0.0080699631944298762 0.23317265510559085 1.369431793689728 -0.10362648963928221 0.22309385985136035 0.26516750454902654
decision_type=2 2 2 2 2 2 2 2 2 2 2 2 2 2
left_child=2 -2 -1 4 5 6 7 10 -5 -9 11 -4 -11 -14
right_child=1 -3 3 8 -6 -7 -8 9 -10 12 -12 -13 13 -15
leaf_value=-2.4820818845343904e-06 -0.00022944934596370861 0.00018536082189269802 -0.00027620668482654229 7.2832099810811075e-05 -0.00036886864013426727 0.00052647450882517164 -0.00029502888727962951 -1.4623079963324962e-05 0.00068115018412832071 5.6808868297546374e-05 0.00055680630120635074 0.00019462238927354751 0.00048702733271346671 -2.0762160790588769e-05
leaf_weight=139318 1093 213 208 302 393 209 425 11077 218 6485 269 1275 497 269
leaf_count=139318 1093 213 208 302 393 209 425 11077 218 6485 269 1275 497 269
internal_value=1.50501e-06 -0.000157534 2.83146e-06 3.72843e-05 2.94751e-05 3.73613e-05 3.2005e-05 3.92474e-05 0.00034144 2.40242e-05 0.000195134 0.000124519 8.37222e-05 0.000303241
internal_weight=162251 1306 160945 21627 21107 20714 20505 20080 520 18328 1752 1483 7251 766
internal_count=162251 1306 160945 21627 21107 20714 20505 20080 520 18328 1752 1483 7251 766
is_linear=0
shrinkage=0.05


Tree=67
num_leaves=15
num_cat=1
split_feature=27 33 5 40 33 34 33 33 26 27 33 33 34 38
split_gain=0.0137022 0.0183572 0.02965 0.0179345 0.0178937 0.0154217 0.0165251 0.0142744 0.0255172 0.0308449 0.0388345 0.0286735 0.0295241 0.0263489
threshold=2.5000000000000004 -0.010929068084806202 -0.06711204349994658 0 -0.010270017199218271 0.19011478871107104 -0.02138486877083778 -0.00081688800128176798 3.5000000000000004 9.5000000000000018 -0.033596089109778397 -0.0022526250686496492 0.26033915579319006 1.0000000180025095e-35
decision_type=2 2 2 9 2 2 2 2 2 2 2 2 2 2
left_child=1 2 -1 -4 -3 -5 -7 8 11 10 -10 -2 -13 -12
right_child=7 4 3 5 -6 6 -8 -9 9 -11 13 12 -14 -15
leaf_value=0.00023178241500473293 1.7947932310225433e-05 0.00043678856988722532 -3.8185022347483199e-05 -0.00014502108775687252 -2.1753895789399682e-05 -0.00020196476965543054 -0.00064420270761125786 1.8328890329503527e-05 -0.00078165464107061121 4.1524466321954701e-05 -1.7986798594223506e-05 -7.1389664160518646e-05 -0.00056030211058363322 -0.00021824352058253782
leaf_weight=458 37837 209 1257 1027 22046 460 483 81847 230 3169 3230 5784 326 3468
leaf_count=458 37837 209 1257 1027 22046 460 483 81847 230 3169 3230 5784 326 3468
internal_value=-1.19105e-06 -3.45124e-05 -0.000137995 -0.000192301 -1.71259e-05 -0.000286119 -0.000435954 5.13385e-06 -1.47567e-05 -8.64222e-05 -0.000145656 1.60291e-06 -9.87301e-05 -0.000122504
internal_weight=161831 25940 3685 3227 22255 1970 943 135891 54044 10097 6928 43947 6110 6698
internal_count=161831 25940 3685 3227 22255 1970 943 135891 54044 10097 6928 43947 6110 6698
cat_boundaries=0 2
cat_threshold=2249244874 53068
is_linear=0
shrinkage=0.05


Tree=68
num_leaves=15
num_cat=3
split_feature=27 37 15 40 34 34 37 4 40 34 40 34 34 27
split_gain=0.0115422 0.035297 0.0304874 0.0178765 0.0133147 0.0448121 0.0222331 0.0165641 0.0123069 0.0121672 0.0146607 0.0119441 0.0447001 0.0243734
threshold=2.5000000000000004 -0.19490811228752133 0.039811199530959136 0 0.18487794697284701 0.19837316870689395 -0.079009000211954103 0.17284560203552249 1 0.15181507170200351 2 0.16453924775123599 0.15918332338333133 9.5000000000000018
decision_type=2 2 2 9 2 2 2 2 9 2 9 2 2 2
left_child=1 -1 4 -4 6 7 -3 -6 -7 -8 -11 12 -2 -14
right_child=11 2 3 -5 5 8 9 -9 -10 10 -12 -13 13 -15
leaf_value=0.00051808430844182084 -1.6961928121268965e-07 0.00023327419786362013 -3.0295922483804006e-05 -0.0004414057550284308 -0.00020562468603377198 4.2947591784667162e-05 -4.0293290934034217e-05 -0.00060471482994373668 -0.00010305855893557597 0.00018679527484841596 -1.2179561109618424e-05 2.3397849505604587e-05 -8.264900309055147e-05 -0.00037996153423465256
leaf_weight=282 82170 936 475 712 760 3014 12764 453 2701 1432 2457 50819 1913 1131
leaf_count=282 82170 936 475 712 760 3014 12764 453 2701 1432 2457 50819 1913 1131
internal_value=-1.61007e-06 -3.21629e-05 -3.84938e-05 -0.000285862 -2.62577e-05 -8.49677e-05 -2.83103e-06 -0.000360642 -2.5318e-05 -1.64678e-05 6.03967e-05 4.19057e-06 -7.20609e-06 -0.000195197
internal_weight=162019 25986 25704 1187 24517 6928 17589 1213 5715 16653 3889 136033 85214 3044
internal_count=162019 25986 25704 1187 24517 6928 17589 1213 5715 16653 3889 136033 85214 3044
cat_boundaries=0 2 4 6
cat_threshold=1074311200 99336 775180645 27118 874561679 80052
is_linear=0
shrinkage=0.05


Tree=69
num_leaves=15
num_cat=1
split_feature=5 19 37 40 27 13 19 13 4 20 27 4 27 27
split_gain=0.0134051 0.01164 0.0229541 0.0125653 0.0109806 0.0164555 0.0153896 0.0110163 0.0227195 0.0129907 0.011662 0.0112575 0.0216538 0.0319094
threshold=0.11830112338066102 0.00062531232833862316 -0.29573123157024378 0 11.500000000000002 0.052250476554036147 0.0076420903205871591 0.080057684332132353 -0.26684331893920893 0.29924865067005163 6.5000000000000009 -0.61398339271545399 2.5000000000000004 5.5000000000000009
decision_type=2 2 2 9 2 2 2 2 2 2 2 2 2 2
left_child=1 3 -3 -1 7 -6 -7 11 10 -10 -9 12 -4 -14
right_child=-2 2 4 -5 5 6 -8 8 9 -11 -12 -13 13 -15
leaf_value=-3.7435555279714045e-05 -0.00016048037227912667 0.0004531762187732917 -0.00012374576931398131 5.5254682180916062e-06 4.5306193353316413e-05 -1.4044594553737662e-05 0.00046399316919390124 -8.1331369414810222e-05 -8.7230515859212189e-05 0.0003770047120647732 -0.00059168645242360218 6.8461939676454904e-06 0.00060092042268651384 0
leaf_weight=30281 1271 292 440 38463 7278 230 469 218 541 200 304 81268 434 448
leaf_count=30281 1271 292 440 38463 7278 230 469 218 541 200 304 81268 434 448
internal_value=8.89405e-07 2.20041e-06 1.38453e-05 -1.33317e-05 1.23692e-05 6.84787e-05 0.000300614 6.9681e-06 -0.000139046 3.30538e-05 -0.000390831 9.26982e-06 0.000153904 0.000297967
internal_weight=162137 160866 92122 68744 91830 7977 699 83853 1263 741 522 82590 1322 882
internal_count=162137 160866 92122 68744 91830 7977 699 83853 1263 741 522 82590 1322 882
cat_boundaries=0 2
cat_threshold=828860544 26011
is_linear=0
shrinkage=0.05


Tree=70
num_leaves=15
num_cat=3
split_feature=28 37 40 25 40 33 40 26 26 26 13 37 33 39
split_gain=0.0113037 0.0187443 0.0218942 0.0146331 0.017475 0.0135932 0.0185595 0.0123458 0.0167791 0.0219559 0.0251806 0.0150585 0.0204427 0.014136
threshold=1.0000000180025095e-35 0.13992410898208621 0 0.0070209682453423747 1 0.011513045057654383 2 1.0000000180025095e-35 3.5000000000000004 2.5000000000000004 0.050813151523470886 -0.1000806763768196 -0.0064823471475392571 -0.30664493143558497
decision_type=2 2 9 2 9 2 9 2 2 2 2 2 2 2
left_child=-1 3 -3 5 -5 7 -7 11 9 -9 -11 -2 -13 -10
right_child=1 2 -4 4 -6 6 -8 8 13 10 -12 12 -14 -15
leaf_value=-4.9448305053003228e-06 -0.00048270261183946771 0.00045326859071070138 3.4533107804571012e-05 5.707081321753462e-05 -0.00018246654578164337 0.00030873456488636177 9.3473959504545852e-06 2.2884991104322049e-05 -0.00038042387287780667 0.00013619407858526424 0.00061905064403211692 0.00022334762933517522 -0.00010719801806521146 -1.9364942569169552e-05
leaf_weight=140221 201 549 784 1295 1741 1030 1110 6384 303 2832 304 584 2192 2622
leaf_count=140221 201 549 784 1295 1741 1030 1110 6384 303 2832 304 584 2192 2622
internal_value=2.45298e-07 3.36511e-05 0.000215423 2.15956e-05 -7.91347e-05 3.93114e-05 0.000157643 2.25216e-05 4.46457e-05 7.70479e-05 0.000185504 -6.82089e-05 -3.55851e-05 -5.90588e-05
internal_weight=162152 21931 1333 20598 3036 17562 2140 15422 12445 9520 3136 2977 2776 2925
internal_count=162152 21931 1333 20598 3036 17562 2140 15422 12445 9520 3136 2977 2776 2925
cat_boundaries=0 2 4 6
cat_threshold=1170743424 57730 1914010160 41144 1531716589 71960
is_linear=0
shrinkage=0.05


Tree=71
num_leaves=15
num_cat=3
split_feature=10 25 33 24 40 40 10 18 40 33 26 19 33 7
split_gain=0.0115704 0.0167504 0.00892355 0.0172786 0.017399 0.0141695 0.0113512 0.0114703 0.0102267 0.0100853 0.0297284 0.0319959 0.0176329 0.026511
threshold=0.024745664559304718 0.0049652946181595334 0.003859672113321722 -35.374715805053704 0 1 -0.011167725082486866 0.073142960667610182 2 -0.027356095612049099 3.5000000000000004 0.00045436620712280279 -0.04587933421134948 -0.04405261576175689
decision_type=2 2 2 2 9 9 2 2 9 2 2 2 2 2
left_child=2 -2 5 8 -5 6 7 -1 -4 10 11 12 -7 -14
right_child=1 -3 3 4 -6 9 -8 -9 -10 -11 -12 -13 13 -15
leaf_value=5.3676777785817312e-05 -0.00040032810149918637 0.00013714401373916824 -2.9096095981103356e-05 9.9587767348121616e-05 1.3419808295059331e-05 0.0001940786767625921 5.9018110330968926e-06 0.00032434381575061435 2.2705583719938264e-05 -2.2162407641820993e-05 -0.00056517213857569266 0.00032976333381858698 -0.00060482063686149025 -5.3473147250437717e-06
leaf_weight=1679 411 202 20399 10007 14520 208 45950 535 17788 49177 336 402 378 389
leaf_count=1679 411 202 20399 10007 14520 208 45950 535 17788 49177 336 402 378 389
internal_value=4.37703e-07 -0.000215449 1.29332e-06 1.60778e-05 4.88393e-05 -8.01705e-06 1.13484e-05 0.000121919 -4.83714e-06 -2.64398e-05 -0.000146056 -3.84954e-05 -0.000196341 -0.000309266
internal_weight=162381 613 161768 62714 24527 99054 48164 2214 38187 50890 1713 1377 975 767
internal_count=162381 613 161768 62714 24527 99054 48164 2214 38187 50890 1713 1377 975 767
cat_boundaries=0 2 4 6
cat_threshold=1483739244 27570 2861802490 33357 1270376564 109333
is_linear=0
shrinkage=0.05


Tree=72
num_leaves=15
num_cat=3
split_feature=5 28 37 26 25 27 40 34 40 34 40 37 34 34
split_gain=0.0140757 0.0099256 0.0174397 0.0183719 0.0166905 0.0231764 0.0206364 0.0170386 0.0153801 0.0139219 0.0123292 0.0112589 0.0106413 0.0260277
threshold=0.14177136123180392 1.0000000180025095e-35 0.13992410898208621 1.5000000000000002 0.0070209682453423747 7.5000000000000009 0 0.087557714432477965 1 0.2515543550252915 2 -0.043001214042305939 0.13175997138023379 0.12464647740125658
decision_type=2 2 2 2 2 2 9 2 9 2 9 2 2 2
left_child=1 12 4 -4 7 6 11 -3 -7 -5 -9 -6 13 -1
right_child=-2 2 3 9 5 8 -8 10 -10 -11 -12 -13 -14 -15
leaf_value=-1.9354650690424954e-06 -0.00023242972348745273 -0.00014924377015567854 -7.008105170084659e-06 0.00021719882439421028 -0.00071634235104812614 0.00030595866117679262 -5.8093359807588069e-05 -1.1815512953068378e-07 -5.6621334088788215e-05 0.00071671633423501331 8.7914807896592587e-05 -0.00025677373868554141 -1.5304546134215093e-05 9.429100600110766e-05
leaf_weight=44529 647 1105 535 557 229 451 1095 6537 736 212 9734 471 86860 8319
leaf_count=44529 647 1105 535 557 229 451 1095 6537 736 212 9734 471 86860 8319
internal_value=-5.68513e-07 3.37305e-07 3.18539e-05 0.000209174 2.02018e-05 -8.8476e-05 -0.000202407 3.91604e-05 7.97434e-05 0.000365107 5.23045e-05 -0.000412375 -4.51458e-06 1.31248e-05
internal_weight=162017 161370 21662 1304 20358 2982 1795 17376 1187 769 16271 700 139708 52848
internal_count=162017 161370 21662 1304 20358 2982 1795 17376 1187 769 16271 700 139708 52848
cat_boundaries=0 2 4 6
cat_threshold=476741892 88720 1142476804 100536 2519794260 50719
is_linear=0
shrinkage=0.05


Tree=73
num_leaves=15
num_cat=3
split_feature=8 40 37 39 3 34 40 34 5 39 11 6 40 37
split_gain=0.00872104 0.0218107 0.0159307 0.0266597 0.0207856 0.0189965 0.0153869 0.0115526 0.0130918 0.0104798 0.0285438 0.0195349 0.021753 0.0175545
threshold=72.443504333496108 0 0.076760526746511473 -0.49063582718372339 -0.17276930809020993 0.32025340199470526 1 0.32025340199470526 0.025009003467857841 -0.47474431991577143 0.18993973731994632 -0.15393348038196561 2 -0.13356655836105344
decision_type=2 9 2 2 2 2 9 2 2 2 2 2 9 2
left_child=2 -2 9 4 -4 -6 7 -5 -9 10 -1 12 -11 -12
right_child=1 -3 3 6 5 -7 -8 8 -10 11 13 -13 -14 -15
leaf_value=-0.00024306990777391447 3.4383004142511264e-05 -0.00013345118994961231 0 5.3779565153641314e-05 0.00021460345309419262 0.00078710570500722477 -1.1116577701895641e-05 0.00049654742124547325 3.2091263920127819e-05 -4.5761823367428014e-05 0.00019796359708304186 -6.0742784720016859e-06 0.00025018553874689892 -6.5173801620933689e-05
leaf_weight=1696 3643 4023 417 11984 404 262 13421 323 330 987 896 119870 1549 2112
leaf_count=1696 3643 4023 417 11984 404 262 13421 323 330 987 896 119870 1549 2112
internal_value=-1.1495e-06 -5.32007e-05 1.40658e-06 3.62028e-05 0.000279174 0.000451461 2.58611e-05 6.54743e-05 0.000271456 -5.98503e-06 -7.92248e-05 -3.12649e-06 0.000133978 1.17465e-05
internal_weight=161917 7666 154251 27141 1083 666 26058 12637 653 127110 4704 122406 2536 3008
internal_count=161917 7666 154251 27141 1083 666 26058 12637 653 127110 4704 122406 2536 3008
cat_boundaries=0 2 4 6
cat_threshold=1023429488 16698 3164133428 55012 1594240 116016
is_linear=0
shrinkage=0.05


Tree=74
num_leaves=15
num_cat=4
split_feature=8 40 37 40 37 8 40 24 40 8 18 29 13 27
split_gain=0.0102553 0.0202455 0.0135411 0.0157343 0.0210427 0.0141316 0.0135662 0.0125244 0.0116221 0.0150658 0.0111988 0.0101776 0.00895935 0.0143833
threshold=72.443504333496108 0 -0.0027349992888048287 1 -0.12213392555713652 32.33983230590821 2 -32.977815628051751 3 56.543291091918952 0.071428641676902785 0.78647416830062877 0.047465253621339805 10.500000000000002
decision_type=2 9 2 9 2 2 9 2 9 2 2 2 2 2
left_child=2 -2 3 12 5 6 -5 -4 9 -9 -8 -11 -1 -14
right_child=1 -3 7 4 -6 -7 10 8 -10 11 -12 -13 13 -15
leaf_value=-2.5842226614133079e-05 -0.00016043875874847518 6.026349249941902e-06 7.1587575525940676e-06 1.8719632890849732e-05 -5.6325740557607259e-06 5.5880891295126795e-05 0.00025052143419242401 1.8556852436864951e-05 4.1410036509556098e-05 0.0001984077422467328 0.00072251987210173666 0.00058711762100351885 -0.00011606639538511855 8.3250292098737563e-05
leaf_weight=21795 2919 4701 83143 364 27507 2258 421 775 9479 614 223 276 6689 1013
leaf_count=21795 2919 4701 83143 364 27507 2258 421 775 9479 614 223 276 6689 1013
internal_value=-7.22452e-07 -5.73517e-05 2.03891e-06 -1.64332e-05 8.44636e-06 0.000128404 0.000284848 1.38999e-05 6.37201e-05 0.000185874 0.000419509 0.000327145 -4.25441e-05 -8.91656e-05
internal_weight=162177 7620 154557 60270 30773 3266 1008 94287 11144 1665 644 890 29497 7702
internal_count=162177 7620 154557 60270 30773 3266 1008 94287 11144 1665 644 890 29497 7702
cat_boundaries=0 2 4 6 8
cat_threshold=314548367 111237 4251537844 20912 8652800 42048 73662656 21634
is_linear=0
shrinkage=0.05


Tree=75
num_leaves=15
num_cat=2
split_feature=33 27 34 33 34 25 36 5 40 40 25 10 19 7
split_gain=0.0119915 0.0257841 0.0327276 0.019702 0.0436794 0.0294868 0.0118325 0.0119124 0.0237866 0.0125958 0.0122778 0.0120592 0.0108147 0.0211542
threshold=-0.033596089109778397 1.5000000000000002 0.50087584555149089 -0.04587933421134948 0.33931286633014685 -0.0009834589436650274 -0.027408706955611702 0.067388791590929045 0 1 -0.00022217437799554315 0.017397078685462478 -0.0015757083892822263 -0.047242546454071992
decision_type=2 2 2 2 2 2 2 2 9 9 2 2 2 2
left_child=1 -1 3 4 -3 12 -2 9 10 -8 11 -9 13 -5
right_child=6 2 -4 5 -6 -7 7 8 -10 -11 -12 -13 -14 -15
leaf_value=-0.0006433457971775704 2.3116662046501239e-05 -0.00013929815949867942 -0.00052037816155943949 -0.00044123591394628481 0.00084649286046970657 -0.00048596310668311298 1.433971142710352e-05 0 -0.00017970492828541635 -1.9931918687127839e-05 8.3387187145285684e-05 -0.00034672504388622385 0.00032907318336125721 0.00022596257110553842
leaf_weight=208 46881 224 310 201 205 306 53391 678 2856 53724 2244 378 289 269
leaf_count=208 46881 224 310 201 205 306 53391 678 2856 53724 2244 378 289 269
internal_value=4.12139e-07 -0.000120702 -5.60657e-05 3.83565e-05 0.000324572 -7.3241e-05 1.96864e-06 -6.74067e-06 -7.4381e-05 -2.80335e-06 1.58888e-05 -0.0001224 8.86998e-05 -5.0486e-05
internal_weight=162164 2012 1804 1494 429 1065 160152 113271 6156 107115 3300 1056 759 470
internal_count=162164 2012 1804 1494 429 1065 160152 113271 6156 107115 3300 1056 759 470
cat_boundaries=0 2 4
cat_threshold=1294496056 50603 2026903926 77424
is_linear=0
shrinkage=0.05


Tree=76
num_leaves=15
num_cat=2
split_feature=33 26 34 34 34 3 40 40 25 15 33 34 26 10
split_gain=0.0111483 0.0231309 0.0279108 0.0306565 0.0281398 0.0342168 0.0217628 0.0184209 0.0207901 0.0177209 0.0139194 0.0737728 0.0214452 0.0130845
threshold=0.010302874725311996 2.5000000000000004 0.54255059361457836 0.32729247212409979 0.30869893729686743 0.16145098209381106 0 1 0.023290158249437812 0.039811199530959136 0.010074052494019272 0.20928436517715457 3.5000000000000004 -0.020237515680491921
decision_type=2 2 2 2 2 2 9 9 2 2 2 2 2 2
left_child=10 7 3 4 6 -6 -3 -2 -9 -5 13 12 -12 -1
right_child=1 2 -4 9 5 -7 -8 8 -10 -11 11 -13 -14 -15
leaf_value=0.00014635406960231413 4.6443648235981687e-05 -4.1031280136599916e-06 0.00052331783633574158 -5.7208110924802707e-05 6.5297944413032392e-05 0.00095199356976913155 0.00014591872614993582 -4.5900074500425947e-05 -0.00051642218344353087 -0.00057933260113468131 0.00012474455997208751 -0.00098596871736336233 -0.00044178327533965668 -4.2965698918601804e-06
leaf_weight=1451 7903 4437 352 556 255 205 5145 7841 240 242 821 222 204 132219
leaf_count=1451 7903 4437 352 556 255 205 5145 7841 240 242 821 222 204 132219
internal_value=1.64199e-06 3.08778e-05 8.60235e-05 7.11278e-05 9.52095e-05 0.000477196 7.61107e-05 -7.43728e-06 -6.07282e-05 -0.000224395 -4.21078e-06 -0.000170215 5.5401e-06 -2.61843e-06
internal_weight=162093 27176 11192 10840 10042 460 9582 15984 8081 798 134917 1247 1025 133670
internal_count=162093 27176 11192 10840 10042 460 9582 15984 8081 798 134917 1247 1025 133670
cat_boundaries=0 2 4
cat_threshold=2190821755 104133 2372819633 93344
is_linear=0
shrinkage=0.05


Tree=77
num_leaves=15
num_cat=2
split_feature=27 37 34 34 40 37 40 1 21 27 18 11 26 34
split_gain=0.0114897 0.0271252 0.0311317 0.0344193 0.0227228 0.0124911 0.0118349 0.0115993 0.0145668 0.013054 0.0111526 0.0108588 0.00992567 0.0108396
threshold=2.5000000000000004 -0.19490811228752133 0.25724458694458013 0.27620802819728857 0 -0.094143591821193681 1 -0.027256608009338375 0.89819613099098217 1.5000000000000002 0.057043300941586501 0.81015491485595714 4.5000000000000009 0.32025340199470526
decision_type=2 2 2 2 9 2 9 2 2 2 2 2 2 2
left_child=1 -1 5 -4 11 10 -7 8 -6 -9 -3 -5 13 -2
right_child=12 2 3 4 7 6 -8 9 -10 -11 -12 -13 -14 -15
leaf_value=0.00046093767486877205 1.1496749751936141e-06 6.002657667097143e-05 -0.00072453858875506938 8.3902249549687322e-05 -0.00034107917237000677 9.1914131818227138e-06 -6.4064211948590841e-05 -0.00068105487134156612 0.00018586706448719481 -0.00022955415225430579 0.00047706771213923719 -0.00031024912423303105 -0.00019176723852516693 6.1854548383939042e-05
leaf_weight=269 127523 837 276 1047 265 11067 10774 286 239 493 207 203 640 7813
leaf_count=269 127523 837 276 1047 265 11067 10774 286 239 493 207 203 640 7813
internal_value=-2.06216e-06 -3.25577e-05 -3.80075e-05 -0.000195134 -0.000134165 -1.84643e-05 -2.67477e-05 -0.00028062 -8.20036e-05 -0.000404981 0.000149362 1.4809e-05 3.72482e-06 4.69329e-06
internal_weight=161939 25963 25694 2809 2533 22885 21841 1283 504 779 1044 1250 135976 135336
internal_count=161939 25963 25694 2809 2533 22885 21841 1283 504 779 1044 1250 135976 135336
cat_boundaries=0 2 4
cat_threshold=1662370690 62060 461492663 7912
is_linear=0
shrinkage=0.05


Tree=78
num_leaves=15
num_cat=0
split_feature=33 26 34 34 34 33 34 33 15 33 33 24 5 39
split_gain=0.00974003 0.0266404 0.0471566 0.0542135 0.0727586 0.0580581 0.0442631 0.0396205 0.0285965 0.0247631 0.0232843 0.0231121 0.021635 0.0296863
threshold=-0.00093221967108547677 3.5000000000000004 0.52650606632232677 0.37141688168048864 0.22309385985136035 -0.025705291889607903 0.21516799926757815 -0.012239419389516113 0.024033377878367904 -0.0032093746121972795 -0.0011588088818825779 -34.723051071166985 -0.06711204349994658 -0.60420480370521534
decision_type=2 2 2 2 2 2 2 2 2 2 2 2 2 2
left_child=1 10 3 4 6 -6 9 -7 -9 -3 12 -2 13 -1
right_child=11 2 -4 -5 5 7 -8 8 -10 -11 -12 -13 -14 -15
leaf_value=-0.00030589818529069764 -3.4877592465754353e-06 -9.8978033905039908e-05 -0.00081856096222160727 0.00054330676659602377 -0.0010748865137577383 2.6896497788295323e-05 0.00043210186285692074 -9.809996841915411e-05 -0.0007401880011120148 0.00010051884676819144 -0.00019103696111138452 5.2294271421027666e-05 -1.0077497266238557e-06 0.00019562035853403788
leaf_weight=321 72828 7631 209 346 261 640 477 306 472 1926 1524 24857 47855 2614
leaf_count=321 72828 7631 209 346 261 640 477 306 472 1926 1524 24857 47855 2614
internal_value=6.67729e-07 -1.43645e-05 -8.06684e-05 -6.71312e-05 -8.58143e-05 -0.000390232 -3.42087e-05 -0.000257365 -0.000496269 -5.82194e-05 1.09483e-06 1.06573e-05 6.97659e-06 0.000138642
internal_weight=162267 64582 12268 12059 11713 1679 10034 1418 778 9557 52314 97685 50790 2935
internal_count=162267 64582 12268 12059 11713 1679 10034 1418 778 9557 52314 97685 50790 2935
is_linear=0
shrinkage=0.05


Tree=79
num_leaves=15
num_cat=1
split_feature=10 25 19 37 34 40 3 26 34 33 25 18 3 33
split_gain=0.0112663 0.0170616 0.00942605 0.0179112 0.0140216 0.023411 0.0212965 0.0174785 0.0206337 0.0161358 0.0161021 0.0137034 0.0126221 0.0120284
threshold=0.024745664559304718 0.0049652946181595334 -0.00045910477638244623 -0.29573123157024378 0.29890131950378424 0 0.5266561508178712 1.5000000000000002 0.40313921868801122 -0.033596089109778397 -0.0079504060558974726 0.070004478096961989 -0.24409484863281247 -0.022489253431558606
decision_type=2 2 2 2 2 9 2 2 2 2 2 2 2 2
left_child=2 -2 4 -4 6 12 -1 8 10 -9 -7 -10 -6 -5
right_child=1 -3 3 13 5 7 -8 9 11 -11 -12 -13 -14 -15
leaf_value=-4.2107098494949356e-06 -0.00039503374538938307 0.00013045673661162682 0.00038814906799109318 0.00013114960378682726 0.00030259950431298679 -0.00057601510658973609 -0.00043648490812328979 -0.0006462381358364901 -6.077055972720713e-06 -0.00021584795985559499 -4.5190420651880888e-05 0.0005150692602976085 -2.2391043025857887e-05 7.1874290093683853e-06
leaf_weight=47925 421 221 309 1995 362 208 282 279 268 1383 512 206 1500 106425
leaf_count=47925 421 221 309 1995 362 208 282 279 268 1383 512 206 1500 106425
internal_value=1.34588e-06 -0.000206802 2.20983e-06 1.06603e-05 -1.50557e-05 -9.73549e-05 -6.88813e-06 -0.0001871 -3.67257e-05 -0.000292819 -0.000208351 0.000212987 3.85485e-05 9.52047e-06
internal_weight=162296 642 161654 108729 52925 4718 48207 2856 1194 1662 720 474 1862 108420
internal_count=162296 642 161654 108729 52925 4718 48207 2856 1194 1662 720 474 1862 108420
cat_boundaries=0 2
cat_threshold=856981831 27201
is_linear=0
shrinkage=0.05


Tree=80
num_leaves=15
num_cat=0
split_feature=34 34 34 27 34 34 5 27 37 37 35 18 34 34
split_gain=0.00971767 0.0144066 0.026055 0.0159989 0.0145665 0.0269662 0.0204803 0.0188786 0.0271777 0.0174524 0.0158028 0.0148861 0.0145069 0.0230828
threshold=0.091051366180181517 0.13083877414464953 0.12464647740125658 11.500000000000002 0.16646350175142291 0.17560444772243503 -0.032229326665401452 2.5000000000000004 -0.19490811228752133 0.020592468790709976 1.4958643317222597 0.041549991816282279 0.19837316870689395 0.23849859088659289
decision_type=2 2 2 2 2 2 2 2 2 2 2 2 2 2
left_child=-1 2 -2 -4 9 6 -6 8 -7 11 -9 -3 -10 -14
right_child=1 4 3 -5 5 7 -8 10 12 -11 -12 -13 13 -15
leaf_value=-4.4986343641585185e-05 8.3845685467622358e-06 -4.3474273984384386e-05 8.8366753364422699e-05 0.00037750387853000607 0.00033770188001762191 0.00043678889309546777 6.9904868083589726e-05 1.1663210739367092e-06 -0.00020167997534008286 7.7094307412739024e-07 0.0001053167204181357 -0.00015554678996664985 4.4424239042328846e-05 -0.00013762303650645763
leaf_weight=11810 39730 17517 7233 523 883 251 4140 41712 2019 21446 3997 3636 3384 3517
leaf_count=11810 39730 17517 7233 523 883 251 4140 41712 2019 21446 3997 3636 3384 3517
internal_value=-1.30879e-06 2.09842e-06 2.48906e-05 0.000108739 -8.41244e-06 7.41522e-06 0.000118265 -2.64925e-06 -6.8171e-05 -3.0785e-05 1.03936e-05 -6.3007e-05 -8.3177e-05 -4.76621e-05
internal_weight=161798 149988 47486 7756 102502 59903 5023 54880 9171 42599 45709 21153 8920 6901
internal_count=161798 149988 47486 7756 102502 59903 5023 54880 9171 42599 45709 21153 8920 6901
is_linear=0
shrinkage=0.05


Tree=81
num_leaves=15
num_cat=0
split_feature=5 26 24 13 26 39 37 37 34 4 34 26 35 34
split_gain=0.0107324 0.02203 0.012947 0.0165991 0.0136923 0.0127963 0.0128398 0.0113282 0.0154051 0.0212386 0.0148438 0.0205997 0.0151696 0.0119416
threshold=0.067388791590929045 1.5000000000000002 -32.977815628051751 0.063404478132724776 1.0000000180025095e-35 -0.49063582718372339 -0.040565682575106614 0.075681518763303771 0.32025340199470526 0.15846705436706546 0.32729247212409979 2.5000000000000004 1.1627343297004702 0.20656592398881915
decision_type=2 2 2 2 2 2 2 2 2 2 2 2 2 2
left_child=7 2 3 -2 -4 -3 -7 -1 13 10 -10 12 -12 -9
right_child=1 5 4 -5 -6 6 -8 8 9 -11 11 -13 -14 -15
leaf_value=-3.3573763332363686e-06 -0.00016999586150521996 0.00027582847488426433 -0.00018529871873232989 -0.00059841017579272072 0.00024730701078137931 -0.00039145396048408197 6.6125303354537016e-06 3.8791801647837781e-05 0.00055618261868500601 -0.00028463565712277507 0.00015869517973790177 -0.00010363313409045608 0.00068157860046809491 -4.3937410361190412e-05
leaf_weight=126463 1912 414 382 269 339 209 3470 21637 313 203 510 440 211 5408
leaf_count=126463 1912 414 382 269 339 209 3470 21637 313 203 510 440 211 5408
internal_value=2.82939e-07 -6.02434e-05 -0.000165629 -0.000226371 1.15193e-05 1.33674e-05 -1.51446e-05 3.04525e-06 3.14058e-05 0.000178653 0.000246584 0.000156803 0.000322244 2.20591e-05
internal_weight=162180 6995 2902 2181 721 4093 3679 155185 28722 1677 1474 1161 721 27045
internal_count=162180 6995 2902 2181 721 4093 3679 155185 28722 1677 1474 1161 721 27045
is_linear=0
shrinkage=0.05


Tree=82
num_leaves=15
num_cat=0
split_feature=33 26 33 27 33 15 33 33 10 27 26 17 18 26
split_gain=0.0113144 0.0234088 0.0295835 0.0245585 0.0531568 0.0284945 0.0240062 0.0233938 0.0179739 0.0243148 0.0387981 0.0445607 0.0290171 0.0233574
threshold=-0.00098927016369998433 3.5000000000000004 -0.0011588088818825779 9.5000000000000018 -0.033596089109778397 0.029461815021932129 -0.012931485660374163 -0.0032093746121972795 -0.011886510532349346 9.5000000000000018 1.5000000000000002 0.035373754799366004 0.073142960667610182 1.0000000180025095e-35
decision_type=2 2 2 2 2 2 2 2 2 2 2 2 2 2
left_child=1 2 8 4 -3 7 -7 -6 9 12 -11 -12 -1 -14
right_child=-2 3 -4 -5 5 6 -8 -9 -10 10 11 -13 13 -15
leaf_value=7.2311258449843306e-05 1.0808531035388015e-05 -0.00083527140351204664 -0.00026435805796930001 4.1250362446213226e-05 -0.00010874793363700024 -4.8603786071863914e-06 -0.00049104314939403169 0.00010525291702471601 -4.3340555956670966e-06 0.00026880383946537836 0 -0.00096782173690196675 3.1345505600288638e-05 0.00060812298876805821
leaf_weight=1947 98198 250 1044 3098 5952 408 774 1599 46885 353 288 203 280 573
leaf_count=1947 98198 250 1044 3098 5952 408 774 1599 46885 353 288 203 280 573
internal_value=1.34536e-07 -1.62531e-05 -1.4763e-06 -7.88938e-05 -0.000120885 -9.93953e-05 -0.000328163 -6.27297e-05 3.88188e-06 0.000110822 -0.000120364 -0.000410123 0.000182382 0.000425907
internal_weight=161852 63654 51573 12081 8983 8733 1182 7551 50529 3644 844 491 2800 853
internal_count=161852 63654 51573 12081 8983 8733 1182 7551 50529 3644 844 491 2800 853
is_linear=0
shrinkage=0.05


Tree=83
num_leaves=15
num_cat=3
split_feature=29 40 1 36 40 37 33 33 26 40 33 34 17 2
split_gain=0.00969641 0.0138958 0.00926517 0.00872323 0.0106525 0.0101773 0.0299607 0.0161551 0.0260542 0.0149754 0.0140267 0.0133704 0.0224167 0.01314
threshold=0.023532669059932235 0 0.18306839466094973 -0.084300871938467012 1 -0.0034166503464803095 0.031316934153437621 0.024830941110849384 3.5000000000000004 2 -0.025705291889607903 0.56372356414794933 0.037485277280211456 -0.11701631546020506
decision_type=2 9 2 2 9 2 2 2 2 9 2 2 2 2
left_child=1 -1 3 4 -2 6 9 -7 -9 10 -5 12 -8 -11
right_child=2 -3 -4 5 -6 7 11 8 -10 13 -12 -13 -14 -15
leaf_value=6.4831182973149452e-05 0.00010270217410296588 -0.00017669843815376106 -0.00018777112132898255 -0.00025357411424708516 5.5113396591661489e-06 8.7773599554779889e-06 -0.00013614045382569321 7.895102629258677e-05 0.00066706780085637712 8.5672657401806632e-05 -3.890410584961946e-05 0 -0.00079167658997710433 -4.2994476139915678e-06
leaf_weight=867 4860 1706 622 804 6982 91106 307 1176 227 4638 16789 227 259 31661
leaf_count=867 4860 1706 622 804 6982 91106 307 1176 227 4638 16789 227 259 31661
internal_value=2.2805e-06 -9.3839e-05 3.86374e-06 4.65055e-06 4.59387e-05 1.29344e-06 -1.57675e-05 1.1433e-05 0.000179688 -1.1167e-05 -4.904e-05 -0.000320122 -0.000449174 7.06702e-06
internal_weight=162231 2573 159658 159036 11842 147194 54685 92509 1403 53892 17593 793 566 36299
internal_count=162231 2573 159658 159036 11842 147194 54685 92509 1403 53892 17593 793 566 36299
cat_boundaries=0 2 4 6
cat_threshold=2953363499 84497 2213450252 17216 3429372212 22816
is_linear=0
shrinkage=0.05


Tree=84
num_leaves=15
num_cat=2
split_feature=36 40 27 7 15 15 40 25 39 29 34 7 34 7
split_gain=0.0133958 0.0244283 0.0112493 0.0189245 0.0140239 0.0119278 0.0148914 0.0137258 0.0118671 0.0131011 0.0116733 0.0150749 0.0134076 0.0187911
threshold=0.10683520138263704 0 1.5000000000000002 0.12430206313729288 0.047000981867313392 0.037629881873726852 1 0.026797010563313964 -0.50719577074050892 0.57247900962829601 0.28275980055332189 0.12131393328309061 0.42717051506042486 -0.05425958335399627
decision_type=2 9 2 2 2 2 9 2 2 2 2 2 2 2
left_child=2 -2 3 4 -1 7 8 -4 9 -7 11 -8 -12 -14
right_child=1 -3 5 -5 -6 6 10 -9 -10 -11 12 -13 13 -15
leaf_value=-1.9365721381121615e-05 -0.00022707801753438434 -3.6322784790838642e-06 4.706676031774024e-06 -0.0003298126780104558 -0.00035550042054368578 0.00012207556636126599 -7.7217046146059785e-06 -0.00022928212501218027 7.9500218421393989e-05 0.00050616529755919055 0.00017450663214929282 -0.00036034929623273191 -0.00020020740344340771 0.00029774285208774507
leaf_weight=12277 1792 3945 135089 543 316 536 1835 624 1740 444 1626 366 682 252
leaf_count=12277 1792 3945 135089 543 316 536 1835 624 1740 444 1626 366 682 252
internal_value=1.3542e-07 -7.4837e-05 2.92105e-06 -4.12984e-05 -2.83351e-05 7.01377e-06 6.84931e-05 3.58556e-06 0.000161623 0.000302854 1.37563e-05 -6.93098e-05 8.71726e-05 -5.9662e-05
internal_weight=162067 5737 156330 13136 12593 143194 7481 135713 2720 980 4761 2201 2560 934
internal_count=162067 5737 156330 13136 12593 143194 7481 135713 2720 980 4761 2201 2560 934
cat_boundaries=0 2 4
cat_threshold=708552746 33381 10649728 62380
is_linear=0
shrinkage=0.05


Tree=85
num_leaves=15
num_cat=3
split_feature=37 33 40 12 26 40 5 40 33 26 25 27 27 25
split_gain=0.0112025 0.0191279 0.0250131 0.0196137 0.0182446 0.0145065 0.0154032 0.0149009 0.0142395 0.124602 0.0158262 0.0154787 0.0154581 0.0137924
threshold=-0.0034166503464803095 -0.023949026130139824 0 0.19441331923007968 1.5000000000000002 1 0.067388791590929045 2 -0.038633381947875016 1.5000000000000002 0.026797010563313964 8.5000000000000018 4.5000000000000009 0.0010737522970885041
decision_type=2 2 9 2 2 9 2 9 2 2 2 2 2 2
left_child=8 2 3 -2 -4 13 -7 -8 9 12 -10 -11 -1 -3
right_child=1 5 4 -5 -6 6 7 -9 10 11 -12 -13 -14 -15
leaf_value=-5.0098716565634025e-05 0.00020757292268126673 8.3615949944499955e-06 0.00025947920436979373 0.00085135428372806732 -0.000208108733310228 -3.0661601810383495e-07 -0.00021831454484984316 -1.4938420515035518e-05 -1.1797923905222305e-05 -0.00042462473722454049 -0.00026542113798407231 -0.0010420105805768068 0.0004599611148692209 7.7071008141924426e-05
leaf_weight=206 356 19147 393 202 431 66059 1617 2158 58057 237 619 272 404 11999
leaf_count=206 356 19147 393 202 431 66059 1617 2158 58057 237 619 272 404 11999
internal_value=-8.29296e-07 9.18261e-06 0.000193729 0.000447058 8.98369e-06 6.59796e-06 -5.99875e-06 -0.000104167 -1.80514e-05 -0.0001947 -1.45811e-05 -0.000771199 0.000280574 3.49893e-05
internal_weight=162157 102362 1382 558 824 100980 69834 3775 59795 1119 58676 509 610 31146
internal_count=162157 102362 1382 558 824 100980 69834 3775 59795 1119 58676 509 610 31146
cat_boundaries=0 2 4 6
cat_threshold=1150605444 35026 2348833078 20768 852984320 69124
is_linear=0
shrinkage=0.05


Tree=86
num_leaves=15
num_cat=4
split_feature=10 40 33 10 40 33 34 37 34 37 11 40 40 34
split_gain=0.00791059 0.0231674 0.0165307 0.0120709 0.0191808 0.0111258 0.00982225 0.0331098 0.0267568 0.0420351 0.0336013 0.0173215 0.0153714 0.0116833
threshold=0.01879335101693869 0 0.018548119813203815 0.016249846667051319 1 0.004743668483570219 0.54255059361457836 -0.24520463496446607 0.42717051506042486 -0.19490811228752133 0.085501894354820265 2 3 0.32025340199470526
decision_type=2 9 2 2 9 2 2 2 2 2 2 9 9 2
left_child=3 -2 -3 6 5 -5 8 -8 13 10 -10 -9 -11 -1
right_child=1 2 -4 4 -6 -7 7 11 9 12 -12 -13 -14 -15
leaf_value=-1.5344788289034463e-06 0.00012046367139535303 -0.00014500503085413608 -0.00065030976261508703 0.0001619489790384162 1.0534341523989061e-06 0.0007033012545768387 0.00056516470495491416 -0.00015350132764236355 0 0.00012709812657483543 -0.00079573674188128721 0.0001742796517383496 -0.00018744140539629371 7.8295019926779771e-05
leaf_weight=150299 705 993 203 242 806 200 329 760 205 728 397 819 785 4721
leaf_count=150299 705 993 203 242 806 200 329 760 205 728 397 819 785 4721
internal_value=-9.82185e-08 -0.000101388 -0.000235326 1.07498e-06 0.000155661 0.000413957 -1.11464e-07 0.000112468 -1.5138e-06 -0.000177954 -0.000530055 1.35011e-05 -3.32801e-05 8.66853e-07
internal_weight=162192 1901 1196 160291 1248 442 159043 1908 157135 2115 602 1579 1513 155020
internal_count=162192 1901 1196 160291 1248 442 159043 1908 157135 2115 602 1579 1513 155020
cat_boundaries=0 2 4 6 8
cat_threshold=136335381 110880 90177668 25984 673444422 77944 295655462 53856
is_linear=0
shrinkage=0.05


Tree=87
num_leaves=15
num_cat=1
split_feature=1 18 19 0 13 7 41 34 2 26 34 34 34 34
split_gain=0.00794773 0.029473 0.00880956 0.015203 0.0131234 0.0101643 0.011148 0.0126812 0.00994706 0.0211446 0.0105789 0.0156697 0.0130444 0.0163899
threshold=-0.18122911453247068 0.10509435832500459 -0.002284079790115356 -0.057448983192443841 0.074379846453666701 -0.14392056316137311 0 0.33257238566875463 -0.29192328453063959 1.5000000000000002 0.60323816537857067 0.54255059361457836 0.42717051506042486 0.28794710338115698
decision_type=2 2 2 2 2 2 1 2 2 2 2 2 2 2
left_child=1 -1 3 4 -2 6 7 -5 9 -4 11 12 13 -10
right_child=2 -3 8 5 -6 -7 -8 -9 10 -11 -12 -13 -14 -15
leaf_value=-0.00014303792385423247 -9.3228689896419502e-05 0.00052835747750378361 -0.00014029749533038427 0.0002490924293193378 -0.00052115629938623948 -2.0752240114142715e-05 0.00035600131209807291 -0.00026141887450234854 9.0887864877292555e-07 0.0004494647485424818 -0.00021301999151731137 0.00024361543983200098 -0.00015419723535140562 8.078370030646225e-05
leaf_weight=325 676 305 239 235 263 38425 363 241 111162 362 552 681 1285 6821
leaf_count=325 676 305 239 235 263 38425 363 241 111162 362 552 681 1285 6821
internal_value=-7.49017e-07 0.00017573 -1.4747e-06 -2.17774e-05 -0.000220507 -1.687e-05 0.000154078 0 5.22465e-06 0.00020746 4.16594e-06 5.21594e-06 3.80264e-06 5.57232e-06
internal_weight=161935 630 161305 40203 939 39264 839 476 121102 601 120501 119949 119268 117983
internal_count=161935 630 161305 40203 939 39264 839 476 121102 601 120501 119949 119268 117983
cat_boundaries=0 1
cat_threshold=617
is_linear=0
shrinkage=0.05


Tree=88
num_leaves=15
num_cat=5
split_feature=30 40 19 34 39 29 40 40 34 40 40 37 34 19
split_gain=0.00937614 0.0139782 0.00852567 0.0153639 0.0255274 0.0269298 0.0219225 0.0174372 0.0150284 0.0153975 0.0139625 0.0139365 0.0138283 0.0129713
threshold=0.97259759902954113 0 -0.00052860379219055165 0.28794710338115698 -0.30664493143558497 0.66066956520080578 1 2 0.29890131950378424 3 4 -0.2151408568024635 0.42717051506042486 0.0076420903205871591
decision_type=2 9 2 2 2 2 9 9 2 9 9 2 2 2
left_child=2 -2 10 -4 5 6 -5 -7 -6 -10 -1 12 -12 -9
right_child=1 -3 3 4 8 7 -8 13 9 -11 11 -13 -14 -15
leaf_value=1.0509257848073883e-05 -0.00016742606731212471 -9.6545038157412737e-06 2.5529256492506145e-06 0.00027755242129998484 0.00019272238560436088 0.0001285533996470607 -4.5771745493827429e-05 0.00017793211951357081 -0.00013613261146802554 4.7918282602956401e-05 0 -3.6787262617860494e-05 -0.00054859890399830066 0.00067379941185078296
leaf_weight=24281 2079 4511 96068 789 867 572 1448 227 2032 2493 222 25522 264 497
leaf_count=24281 2079 4511 96068 789 867 572 1448 227 2032 2493 222 25522 264 497
internal_value=-2.14933e-06 -6.05438e-05 2.9854e-07 8.43838e-06 7.11922e-05 0.000175573 6.74345e-05 0.000357408 1.77312e-06 -3.38818e-05 -1.65955e-05 -4.20777e-05 -0.000307369 0.000520335
internal_weight=161872 6590 155282 104993 8925 3533 2237 1296 5392 4525 50289 26008 486 724
internal_count=161872 6590 155282 104993 8925 3533 2237 1296 5392 4525 50289 26008 486 724
cat_boundaries=0 2 4 6 8 10
cat_threshold=41773189 66649 281024705 90267 893950016 80032 333545541 31039 3389322106 103013
is_linear=0
shrinkage=0.05


Tree=89
num_leaves=15
num_cat=2
split_feature=30 37 39 33 2 22 37 41 22 41 33 21 26 26
split_gain=0.00855733 0.00948095 0.0186723 0.0147299 0.0138601 0.0100463 0.00874083 0.0093435 0.00910748 0.00893506 0.0086195 0.0247292 0.0316686 0.0214487
threshold=0.74478939175605785 0.084614545106887831 -0.47474431991577143 -0.022489253431558606 0.13889801502227786 0.45215000212192541 -0.036682691425085061 0 0.18724999576807025 1 -0.027356095612049099 1.4472469687461855 3.5000000000000004 2.5000000000000004
decision_type=2 2 2 2 2 8 2 1 10 1 2 2 2 2
left_child=1 10 -3 -4 -5 -6 9 -8 -9 -2 11 12 13 -1
right_child=6 2 3 4 5 -7 7 8 -10 -11 -12 -13 -14 -15
leaf_value=-0.00016934915234926074 -2.3965676066577377e-05 0.00033159347201675368 0.00042416391043400474 4.5853827577001715e-05 -0.00024700395281041231 0 1.9251233204156584e-06 -0.00026367325885352327 -4.2273920419830149e-05 -0.000185219637430184 3.3612947063093644e-06 0.00024872199924364972 -0.00060476932048997192 0.00028957167208579508
leaf_weight=1207 2138 545 233 11482 720 1042 28589 495 9768 1540 103257 412 345 312
leaf_count=1207 2138 545 233 11482 720 1042 28589 495 9768 1540 103257 412 345 312
internal_value=-4.47814e-07 6.37288e-06 4.5003e-05 3.29239e-05 2.5506e-05 -0.000104014 -1.97373e-05 -1.26081e-05 -5.35104e-05 -9.3569e-05 1.1909e-06 -9.48747e-05 -0.000173957 -7.1166e-05
internal_weight=162085 119555 14022 13477 13244 1762 42530 38852 10263 3678 105533 2276 1864 1519
internal_count=162085 119555 14022 13477 13244 1762 42530 38852 10263 3678 105533 2276 1864 1519
cat_boundaries=0 1 2
cat_threshold=719 5177
is_linear=0
shrinkage=0.05


end of trees

feature_importances:
mkt_rv21=218
mkt_ret_1d=171
symbol_cat=162
dow=91
sector_ret_21=79
month=60
ret_5d=44
c_sma10=42
drawdown_252=35
overnight_gap=30
is_month_end=30
c_vwap=26
range_norm=24
macd_hist_norm=23
rel_sector_21=22
mom_12_1=20
amihud=17
ret_63d=15
parkinson_21=13
ret_21d=12
sma10_sma50=12
atr_norm=12
rv_63=12
ret_1d=11
boll_pctb=9
cs_rank_ret21=8
pct_deliv=7
c_sma50=6
rsi_14=5
boll_bw=5
vol_trend=5
cs_rank_ret1=5
beta_252=5
sector_cat=5
macd_norm=4
rv_ratio=4
vol_surprise=4
deliv_dev=3
regime=2
rv_21=1
cs_rank_rv21=1

parameters:
[boosting: gbdt]
[objective: regression]
[metric: l2]
[tree_learner: serial]
[device_type: cpu]
[data_sample_strategy: bagging]
[data: ]
[valid: ]
[num_iterations: 90]
[learning_rate: 0.05]
[num_leaves: 15]
[num_threads: 4]
[seed: 42]
[deterministic: 1]
[force_col_wise: 0]
[force_row_wise: 1]
[histogram_pool_size: -1]
[max_depth: -1]
[min_data_in_leaf: 200]
[min_sum_hessian_in_leaf: 0.001]
[bagging_fraction: 0.8]
[pos_bagging_fraction: 1]
[neg_bagging_fraction: 1]
[bagging_freq: 1]
[bagging_seed: 400]
[bagging_by_query: 0]
[feature_fraction: 0.7]
[feature_fraction_bynode: 1]
[feature_fraction_seed: 30056]
[extra_trees: 0]
[extra_seed: 12879]
[early_stopping_round: 0]
[early_stopping_min_delta: 0]
[first_metric_only: 0]
[max_delta_step: 0]
[lambda_l1: 0.1]
[lambda_l2: 5]
[linear_lambda: 0]
[min_gain_to_split: 0]
[drop_rate: 0.1]
[max_drop: 50]
[skip_drop: 0.5]
[xgboost_dart_mode: 0]
[uniform_drop: 0]
[drop_seed: 17869]
[top_rate: 0.2]
[other_rate: 0.1]
[min_data_per_group: 100]
[max_cat_threshold: 32]
[cat_l2: 10]
[cat_smooth: 20]
[max_cat_to_onehot: 4]
[top_k: 20]
[monotone_constraints: ]
[monotone_constraints_method: basic]
[monotone_penalty: 0]
[feature_contri: ]
[forcedsplits_filename: ]
[refit_decay_rate: 0.9]
[cegb_tradeoff: 1]
[cegb_penalty_split: 0]
[cegb_penalty_feature_lazy: ]
[cegb_penalty_feature_coupled: ]
[path_smooth: 0]
[interaction_constraints: ]
[verbosity: -1]
[saved_feature_importance_type: 0]
[use_quantized_grad: 0]
[num_grad_quant_bins: 4]
[quant_train_renew_leaf: 0]
[stochastic_rounding: 1]
[linear_tree: 0]
[max_bin: 255]
[max_bin_by_feature: ]
[min_data_in_bin: 3]
[bin_construct_sample_cnt: 200000]
[data_random_seed: 175]
[is_enable_sparse: 1]
[enable_bundle: 1]
[use_missing: 1]
[zero_as_missing: 0]
[feature_pre_filter: 1]
[pre_partition: 0]
[two_round: 0]
[header: 0]
[label_column: ]
[weight_column: ]
[group_column: ]
[ignore_column: ]
[categorical_feature: 40,41]
[forcedbins_filename: ]
[precise_float_parser: 0]
[parser_config_file: ]
[objective_seed: 16083]
[num_class: 1]
[is_unbalance: 0]
[scale_pos_weight: 1]
[sigmoid: 1]
[boost_from_average: 1]
[reg_sqrt: 0]
[alpha: 0.9]
[fair_c: 1]
[poisson_max_delta_step: 0.7]
[tweedie_variance_power: 1.5]
[lambdarank_truncation_level: 30]
[lambdarank_norm: 1]
[label_gain: ]
[lambdarank_position_bias_regularization: 0]
[eval_at: ]
[multi_error_top_k: 1]
[auc_mu_weights: ]
[num_machines: 1]
[local_listen_port: 12400]
[time_out: 120]
[machine_list_filename: ]
[machines: ]
[gpu_platform_id: -1]
[gpu_device_id: -1]
[gpu_use_dp: 0]
[num_gpu: 1]

end of parameters

pandas_categorical:[["ADANIPORTS", "ASIANPAINT", "AXISBANK", "BAJAJ-AUTO", "BAJAJFINSV", "BAJFINANCE", "BHARTIARTL", "BPCL", "BRITANNIA", "CIPLA", "COALINDIA", "DRREDDY", "EICHERMOT", "GAIL", "GRASIM", "HCLTECH", "HDFC", "HDFCBANK", "HEROMOTOCO", "HINDALCO", "HINDUNILVR", "ICICIBANK", "INDUSINDBK", "INFY", "IOC", "ITC", "JSWSTEEL", "KOTAKBANK", "LT", "MARUTI", "MM", "NESTLEIND", "NTPC", "ONGC", "POWERGRID", "RELIANCE", "SBIN", "SHREECEM", "SUNPHARMA", "TATAMOTORS", "TATASTEEL", "TCS", "TECHM", "TITAN", "ULTRACEMCO", "UPL", "VEDL", "WIPRO", "ZEEL"], ["AUTOMOBILE", "CEMENT & CEMENT PRODUCTS", "CONSTRUCTION", "CONSUMER GOODS", "ENERGY", "FERTILISERS & PESTICIDES", "FINANCIAL SERVICES", "IT", "MEDIA & ENTERTAINMENT", "METALS", "PHARMA", "SERVICES", "TELECOM"]]
