tree
version=v4
num_class=1
num_tree_per_iteration=1
label_index=0
max_feature_idx=41
objective=regression
feature_names=ret_1d ret_5d ret_21d ret_63d mom_12_1 c_sma10 c_sma50 sma10_sma50 rsi_14 macd_norm macd_hist_norm boll_pctb boll_bw atr_norm rv_21 rv_63 rv_ratio parkinson_21 range_norm overnight_gap vol_surprise vol_trend pct_deliv deliv_dev amihud c_vwap dow month is_month_end cs_rank_ret1 cs_rank_ret21 cs_rank_rv21 cs_rank_volsurp mkt_ret_1d mkt_rv21 beta_252 rel_sector_21 sector_ret_21 regime drawdown_252 symbol_cat sector_cat
feature_infos=[-0.33539342880249023:0.29050922393798828] [-0.55552577972412109:0.52155399322509766] [-1.0605630874633789:0.81127047538757324] [-1.4420571327209473:1.4301002025604248] [-2.0913701057434082:2.394237756729126] [-0.38960584998130798:0.41373667120933533] [-0.63538634777069092:0.96833759546279907] [-0.55037587881088257:0.62138658761978149] [7.1279511451721191:94.787033081054688] [-0.49298614263534546:0.13874010741710663] [-0.088423416018486023:0.08130134642124176] [-0.51351809501647949:1.5343765020370483] [0.011128954589366913:1.3387584686279297] [0.0074734454974532127:0.24071347713470459] [0.0029149728361517191:0.1116195023059845] [0.0046013034880161285:0.076512239873409271] [0.12147980183362961:1.718988299369812] [0.0038011299911886454:0.1103220209479332] [0:0.5297052264213562] [-0.3765568733215332:0.22702705860137939] [-7.1645965576171875:5.8895869255065918] [0.019823728129267693:11.299847602844238] [0.027899999171495438:1] [-0.66891425848007202:0.81771427392959595] [-39.366191864013672:-22.382728576660156] [-0.11652342975139618:0.13046194612979889] [0:6] [1:12] [0:1] [0.020408162847161293:1] [0.020408162847161293:1] [0.020408162847161293:1] [0.020408162847161293:1] [-0.10609429329633713:0.13886605203151703] [0.060614865273237228:0.73461169004440308] [0.060895074158906937:2.8448631763458252] [-0.51129192113876343:0.50864702463150024] [-0.88394927978515625:0.62341302633285522] [0:2] [-0.88927578926086426:0] -1:11:30:9:1:24:14:21:23:18:25:35:46:8:17:40:43:16:33:36:15:20:38:39:47:7:12:48:2:19:5:13:22:27:37:6:29:45:28:44:41:32:26:42:34:0:4:3:31 -1:6:4:3:0:7:9:10:1:8:12:5:2:11
tree_sizes=1538 1624 1599 1550 1591 1605 1574 1620 1599 1605 1578 1574 1596 1595 1572 1606 1614 1599 1546 1565 1615 1592 1578 1618 1624 1605 1614 1592 1626 1595 1561 1586 1591 1622 1616 1594 1619 1593 1596 1628 1595 1615 1611 1629 1562 1588 1624 1603 1594 1601 1604 1606 1618 1574 1614 1612 1577 1608 1578 1606 1615 1606 1635 1609 1606 1601 1593 1638 1625 1600 1635 1620 1609 1621 1596 1584 1607 1611 1568 1595

Tree=0
num_leaves=15
num_cat=4
split_feature=34 27 27 39 40 3 34 40 40 40 39 35 34 27
split_gain=10.7119 10.9604 9.422 23.5012 5.38526 5.28699 5.22851 5.78008 4.92313 4.46849 3.15266 4.30868 5.10898 3.1405
threshold=0.23841034621000293 2.5000000000000004 4.5000000000000009 -0.44803203642368311 0 0.14647293090820315 0.27928131818771368 1 2 3 -0.39981785416603083 1.4254938960075381 0.32003900408744818 7.5000000000000009
decision_type=2 2 2 2 9 2 2 9 9 9 2 2 2 2
left_child=4 6 3 -3 -1 9 -2 -8 -7 10 11 12 -4 -6
right_child=1 2 5 -5 13 8 7 -9 -10 -11 -12 -13 -14 -15
leaf_value=0.015394284421487874 0.016578164676491293 0.026555408452490527 0.0064164765309027219 0.01688150114105107 0.014459093821672594 0.018612036234927475 0.014843783377510435 0.010172509036948458 0.015413833906784975 0.016216564891942568 0.015043044116920888 0.018002861454110435 0.013312693446229453 0.015044619121098659
leaf_weight=40563 984 740 385 4024 54514 2893 1245 1426 2078 7141 4475 279 883 39523
leaf_count=40563 984 740 385 4024 54514 2893 1245 1426 2078 7141 4475 279 883 39523
internal_value=0.015094 0.0160116 0.0164176 0.0183956 0.0149129 0.0158969 0.0134712 0.0123241 0.0172855 0.0153715 0.0143696 0.0124265 0.011189 0.0147052
internal_weight=161153 26553 22898 4764 134600 18134 3655 2671 4971 13163 6022 1547 1268 94037
internal_count=161153 26553 22898 4764 134600 18134 3655 2671 4971 13163 6022 1547 1268 94037
cat_boundaries=0 2 4 6 8
cat_threshold=138547574 18528 1670668992 21615 2095634476 116640 344492896 128968
is_linear=0
shrinkage=1


Tree=1
num_leaves=15
num_cat=7
split_feature=24 40 27 37 6 40 40 3 7 40 40 40 40 35
split_gain=11.1128 6.31536 4.37005 4.50243 2.64909 2.62293 2.60033 2.56856 2.64738 2.77927 2.53679 2.30371 2.29083 2.23359
threshold=-35.12615776062011 0 1.5000000000000002 0.16840849071741107 0.00074159674113616358 1 2 0.25959563255310064 -0.11114903911948203 3 4 5 6 0.87382394075393688
decision_type=2 9 2 2 2 9 9 2 2 9 9 9 9 2
left_child=2 4 5 7 11 -1 -6 8 -4 -10 -9 -2 -5 -8
right_child=1 -3 3 12 6 -7 13 10 9 -11 -12 -13 -14 -15
leaf_value=-0.0022660457374923354 -0.00030736282269504435 0.00018979732135780233 0.0011211901868182659 0.0032475799934221618 0.0035825475788214124 -0.00056861922443160343 0.0023868969297168342 0.0014803028138473152 -8.2798453274819564e-05 -0.00064321151352123148 -0.00052965184515212451 0.0015422787452963574 0.00016926737688847918 0.00084529003504606377
leaf_weight=4124 3579 33173 3091 1383 1757 5140 4027 4050 43841 44721 2546 3154 1086 5689
leaf_count=4124 3579 33173 3091 1383 1757 5140 4027 4050 43841 44721 2546 3154 1086 5689
internal_value=-6.01428e-06 0.000601007 -0.000289649 -0.00019397 0.00134889 -0.00132866 0.00181176 -0.000247051 -0.000315681 -0.000365948 0.000705347 0.000560674 0.00191248 0.00148413
internal_weight=161361 51379 109982 100718 18206 9264 11473 98249 91653 88562 6596 6733 2469 9716
internal_count=161361 51379 109982 100718 18206 9264 11473 98249 91653 88562 6596 6733 2469 9716
cat_boundaries=0 2 4 6 8 10 12 14
cat_threshold=1545613420 18594 2302438017 82235 1140850760 16384 3939731899 10776 1957441613 51082 1140854816 32 346259460 51088
is_linear=0
shrinkage=0.05


Tree=2
num_leaves=15
num_cat=3
split_feature=24 34 40 34 7 4 4 27 27 34 27 40 17 40
split_gain=10.127 6.85769 5.71442 4.67579 3.65065 4.84053 3.61938 2.69698 3.48456 2.37996 3.94598 2.43783 2.3021 2.35076
threshold=-35.171064376831048 0.23841034621000293 0 0.45017996430397039 0.14489530026912692 -0.13176846504211423 -0.76071071624755848 2.5000000000000004 5.5000000000000009 0.13109838217496875 1.5000000000000002 1 0.051929514855146415 2
decision_type=2 2 9 2 2 2 2 2 2 2 2 9 2 9
left_child=1 9 12 4 -3 -6 7 -4 -9 10 -1 -11 13 -2
right_child=2 3 6 -5 5 -7 -8 8 -10 11 -12 -13 -14 -15
leaf_value=-0.001665153443582954 0.0030133883552218186 0.00088422083425957745 -0.0012172134417939553 -0.0023924966447482466 0.0082967855186513641 0.00035567296495106634 0.00010654473513698051 0.009469713395991633 0.0017567315048791525 -0.0011518031205017965 -7.5471735880793041e-06 -0.00040762171888437916 -0.00068693055851816063 0.0012142480967404742
leaf_weight=3923 2070 10667 221 1024 392 375 33097 262 335 16272 41837 34211 1378 15346
leaf_count=3923 2070 10667 221 1024 392 375 33097 262 335 16272 41837 34211 1378 15346
internal_value=7.42636e-06 -0.000268326 0.000576174 0.000835152 0.00112557 0.00444816 0.000188107 0.00346368 0.0052005 -0.000411252 -0.000149929 -0.000647989 0.00127519 0.0014316
internal_weight=161410 108701 52709 12458 11434 767 33915 818 597 96243 45760 50483 18794 17416
internal_count=161410 108701 52709 12458 11434 767 33915 818 597 96243 45760 50483 18794 17416
cat_boundaries=0 2 4 6
cat_threshold=1545613420 18850 220750336 82227 335544392 16384
is_linear=0
shrinkage=0.05


Tree=3
num_leaves=15
num_cat=0
split_feature=34 27 27 4 34 34 7 27 4 4 16 27 15 34
split_gain=8.52647 8.65875 8.41614 22.1589 6.30861 3.11661 3.57663 5.60815 5.35752 5.0465 4.95442 5.13553 5.11159 7.09093
threshold=0.23152301460504535 2.5000000000000004 4.5000000000000009 -0.49354791641235346 0.27928131818771368 0.45017996430397039 0.098857473582029357 5.5000000000000009 0.24001955986022952 0.093022346496582045 1.1327136158943178 8.5000000000000018 0.023461724631488327 0.38200022280216223
decision_type=2 2 2 2 2 2 2 2 2 2 2 2 2 2
left_child=-1 4 3 -3 -2 6 7 9 10 -4 11 -9 -13 -14
right_child=1 2 5 -5 -6 -7 -8 8 -10 -11 -12 12 13 -15
leaf_value=-0.00015332481036886477 0.0013635522366536902 0.010640052377987664 0.0031056593225941087 0.0015342997360991151 -0.0027544337348245759 -0.00070079633452594325 0.0027726081716890798 0.001058153952311084 0.0024364003355923825 -0.0055954750049855562 0.001838804567779933 0.00061095994807346707 -0.0047915488230431957 0.0033084245768514615
leaf_weight=132750 1419 791 223 4189 2674 3343 2359 2495 4019 618 3107 1202 1690 317
leaf_count=132750 1419 791 223 4189 2674 3343 2359 2495 4019 618 3107 1202 1690 317
internal_value=1.49841e-05 0.000800502 0.00115824 0.00299084 -0.00132563 0.000686251 0.000975955 0.000664668 0.00092465 -0.00327765 0.000233531 -0.000640839 -0.00196295 -0.00350465
internal_weight=161196 28446 24353 4980 4093 19373 16030 13671 12830 841 8811 5704 3209 2007
internal_count=161196 28446 24353 4980 4093 19373 16030 13671 12830 841 8811 5704 3209 2007
is_linear=0
shrinkage=0.05


Tree=4
num_leaves=15
num_cat=3
split_feature=24 34 40 27 4 27 34 4 15 6 40 40 27 27
split_gain=9.01793 5.17323 4.98677 3.76706 5.30036 7.22742 4.16216 3.05405 4.04318 2.96663 2.65716 2.35425 2.29449 2.28991
threshold=-35.259914398193352 0.23841034621000293 0 2.5000000000000004 -0.46527791023254389 5.5000000000000009 0.27928131818771368 -0.85373699665069569 0.043312784284353263 0.024669680744409565 1 2 1.5000000000000002 8.5000000000000018
decision_type=2 2 9 2 2 2 2 2 2 2 9 9 2 2
left_child=1 11 9 6 5 -5 -3 8 -4 -2 -8 -1 -13 -6
right_child=2 3 7 4 13 -7 10 -9 -10 -11 -12 12 -14 -15
leaf_value=-0.00013069819692035513 0.00051084723503469259 0.001809869785389354 0.0082327732250005864 0.0097652994347041285 0.0013613399275809667 0.00079765233546988216 -0.0061367807267829946 0.00010995558868739659 0.00025612777902219808 0.0017594738450347526 -0.00091435141237241062 -0.00171830996950989 -0.00052417427347343354 -0.00020574626357032323
leaf_weight=44909 8989 572 266 392 5524 523 479 35213 388 10147 516 4423 44651 4020
leaf_count=44909 8989 572 266 392 5524 523 479 35213 388 10147 516 4423 44651 4020
internal_value=1.90734e-06 -0.000267595 0.000521395 0.000708495 0.00105139 0.00467716 -0.00157303 0.000173183 0.00354589 0.00117288 -0.00352209 -0.000392579 -0.000631938 0.000700986
internal_weight=161012 106009 55003 12026 10459 915 1567 35867 654 19136 995 93983 49074 9544
internal_count=161012 106009 55003 12026 10459 915 1567 35867 654 19136 995 93983 49074 9544
cat_boundaries=0 2 4 6
cat_threshold=1545613420 18594 405995524 400 4174614846 10840
is_linear=0
shrinkage=0.05


Tree=5
num_leaves=15
num_cat=2
split_feature=24 40 34 34 9 4 4 15 6 16 17 40 27 4
split_gain=7.90665 4.84278 4.34132 3.31446 2.66528 3.84233 2.47721 4.99377 2.37089 2.27558 3.262 2.13619 3.16086 2.09297
threshold=-35.301967620849602 0 0.23841034621000293 0.45017996430397039 0.046838790178298957 -0.14207339286804196 -0.85373699665069569 0.044431924819946296 0.021780795417726043 0.93318852782249462 0.054007085040211684 1 7.5000000000000009 -0.56495821475982655
decision_type=2 9 2 2 2 2 2 2 2 2 2 9 2 2
left_child=2 8 11 4 -4 -6 7 -3 9 -2 -11 12 13 -1
right_child=1 6 3 -5 5 -7 -8 -9 -10 10 -12 -13 -14 -15
leaf_value=0.0027303683722265442 -0.00035783446200406219 0.0078351796728346901 0.00072722869133630104 -0.0021617814500290962 0.0082203500772685557 -0.00035843494286610662 9.0323739813410683e-05 -0.0003606179624279747 0.0016371882881374578 0.0018381490496224293 -0.0017453766837258755 -0.00018087715901421772 -0.00011336174827416145 -0.0011462757798194607
leaf_weight=349 3998 307 10218 953 286 234 36544 456 10429 3950 751 58209 14563 19980
leaf_count=349 3998 307 10218 953 286 234 36544 456 10429 3950 751 58209 14563 19980
internal_value=4.43628e-06 0.000481573 -0.000252485 0.000655346 0.000906722 0.00438373 0.000149498 0.00296007 0.00112811 0.000517919 0.00126336 -0.000366567 -0.000675888 -0.00107882
internal_weight=161227 56435 104792 11691 10738 520 37307 763 19128 8699 4701 93101 34892 20329
internal_count=161227 56435 104792 11691 10738 520 37307 763 19128 8699 4701 93101 34892 20329
cat_boundaries=0 2 4
cat_threshold=1545613420 18466 86794816 115107
is_linear=0
shrinkage=0.05


Tree=6
num_leaves=15
num_cat=3
split_feature=24 40 34 27 4 27 34 4 39 40 27 34 40 27
split_gain=7.41598 4.82725 3.51184 3.54996 4.97595 6.17658 3.53431 2.32464 2.35926 6.39139 4.12338 2.3786 2.1905 2.06788
threshold=-35.301967620849602 0 0.23841034621000293 2.5000000000000004 -0.49354791641235346 5.5000000000000009 0.27928131818771368 -0.76071071624755848 -0.42756196856498713 1 8.5000000000000018 0.25660295784473425 2 8.5000000000000018
decision_type=2 9 2 2 2 2 2 2 2 9 2 2 9 2
left_child=2 -2 -1 6 5 -5 -4 -3 9 10 11 -9 -8 -6
right_child=1 7 3 4 13 -7 12 8 -10 -11 -12 -13 -14 -15
leaf_value=-0.00034492354776708106 0.0012018111662581603 0.0024508113306060094 0.0015658252820830898 0.0094883107283513062 0.0012126002964633106 0.00080056750544781237 -0.0063628947637511318 -0.0050972200172388592 0.00020420616792757177 0.00096902388743493766 -0.0092046558753627553 0.0011693767769102633 -0.0014430693805532332 -0.00028684101055745191
leaf_weight=93263 16047 1088 534 360 5417 471 381 317 37104 1142 319 281 593 3982
leaf_count=93263 16047 1088 534 360 5417 471 381 317 37104 1142 319 281 593 3982
internal_value=5.9146e-06 0.000468929 -0.000242301 0.00057245 0.000906731 0.00460443 -0.00168745 0.000176169 0.000112589 -0.00153247 -0.00460212 -0.00215898 -0.00347507 0.000576997
internal_weight=161299 56298 105001 11738 10230 831 1508 40251 39163 2059 917 598 974 9399
internal_count=161299 56298 105001 11738 10230 831 1508 40251 39163 2059 917 598 974 9399
cat_boundaries=0 2 4 6
cat_threshold=1545613420 18434 4767744 5280 405864452 272
is_linear=0
shrinkage=0.05


Tree=7
num_leaves=15
num_cat=4
split_feature=24 34 40 7 39 37 27 34 39 40 40 40 34 7
split_gain=6.72727 3.94061 3.51754 3.21002 2.60644 2.31972 2.19296 2.72301 3.06689 2.43426 2.19199 2.12249 2.0894 2.22854
threshold=-35.12615776062011 0.23841034621000293 0 0.097026698291301741 -0.21627245843410489 0.012042679358273746 1.5000000000000002 0.13109838217496875 -0.57435488700866688 1 2 3 0.45017996430397039 -0.11624379083514212
decision_type=2 2 9 2 2 2 2 2 2 9 9 9 2 2
left_child=1 6 -2 12 -5 11 9 10 -9 -1 -8 -4 13 -3
right_child=2 3 5 4 -6 -7 7 8 -10 -11 -12 -13 -14 -15
leaf_value=-0.00019483409557999982 0.0017014752154066526 0.0028600957046046511 -0.00071402253769826019 0.0056994169612468396 0.001348897083923193 0.00064478938887730297 0.00047978215514040025 0.0047456304586121142 -0.00055863918642082007 -0.0018657775119204558 -0.00026012259806629067 0.00032728367767081561 -0.0018101387401556802 0.000276555350926343
leaf_weight=4095 5154 916 7856 489 1167 25530 16420 269 45910 4692 25586 12918 1063 9015
leaf_count=4095 5154 916 7856 489 1167 25530 16420 269 45910 4692 25586 12918 1063 9015
internal_value=-7.58977e-06 -0.000229003 0.00046397 0.000600701 0.00264986 0.000325512 -0.000337315 -0.000262148 -0.000527122 -0.00109053 2.90596e-05 -6.65245e-05 0.000290522 0.000516674
internal_weight=161080 109622 51458 12650 1656 46304 96972 88185 46179 8787 42006 20774 10994 9931
internal_count=161080 109622 51458 12650 1656 46304 96972 88185 46179 8787 42006 20774 10994 9931
cat_boundaries=0 2 4 6 8
cat_threshold=402653256 18434 314806654 48836 2087911735 2104 2183710992 37920
is_linear=0
shrinkage=0.05


Tree=8
num_leaves=15
num_cat=4
split_feature=24 40 27 4 27 17 16 40 6 3 40 40 3 39
split_gain=6.11746 4.08842 2.40467 2.59412 4.12816 2.30648 2.83263 2.10152 2.05978 1.87866 2.03553 1.90023 1.80372 3.55269
threshold=-35.322488784790032 0 1.5000000000000002 -0.61614274978637684 7.5000000000000009 0.05987470597028733 0.83608424663543712 1 -0.0039476694073528043 0.269285798072815 2 3 0.14241456985473636 -0.5079699158668517
decision_type=2 9 2 2 2 2 2 9 2 2 9 9 2 2
left_child=2 5 7 4 -4 6 -2 -1 -6 11 -11 -5 -3 -14
right_child=1 12 3 9 8 -7 -8 -9 -10 10 -12 -13 13 -15
leaf_value=-0.0001517327587007619 0.00013448138751727493 -1.7795445843006717e-05 0.0053254141286492715 6.9409806034579155e-06 0.0015034915267235856 -0.0018569239828231576 0.0017663516547987458 -0.001698941971144177 -0.0043003494818655086 -0.002774890661715608 0.00088608444962168763 -0.00045983938039381717 0.0070465134623007688 0.00058647376808811482
leaf_weight=3989 3704 31270 550 41257 435 596 9493 4915 229 391 5917 46186 212 11716
leaf_count=3989 3704 31270 550 41257 435 596 9493 4915 229 391 5917 46186 212 11716
internal_value=5.00296e-06 0.000421278 -0.000223361 -0.000149606 0.0021418 0.00117031 0.00130894 -0.0010089 -0.000507841 -0.000179444 0.000653358 -0.000239612 0.00018158 0.000704613
internal_weight=160860 56991 103869 94965 1214 13793 13197 8904 664 93751 6308 87443 43198 11928
internal_count=160860 56991 103869 94965 1214 13793 13197 8904 664 93751 6308 87443 43198 11928
cat_boundaries=0 2 4 6 8
cat_threshold=1545613388 19202 851546430 48836 34605312 65600 2865990075 10808
is_linear=0
shrinkage=0.05


Tree=9
num_leaves=15
num_cat=4
split_feature=34 34 7 39 7 34 24 34 40 40 22 34 40 40
split_gain=5.55181 5.46077 4.98638 5.24866 5.13198 3.97974 3.80669 3.06742 4.25962 3.63651 2.90548 5.62949 3.20446 2.71978
threshold=0.23152301460504535 0.45017996430397039 0.098857473582029357 -0.22484204918146131 -0.10249425470829009 0.31123723089694982 -35.12615776062011 0.3052689135074616 0 1 0.11834999918937684 0.095921114087104811 2 3
decision_type=2 2 2 2 2 2 2 2 9 9 10 2 9 9
left_child=6 2 4 5 13 -4 -1 9 -9 -6 11 -8 -12 -2
right_child=1 -3 3 -5 7 -7 10 8 -10 -11 12 -13 -14 -15
leaf_value=-0.00031236688815416687 0.0041241709481724138 -0.001080376245540409 0.0018463125220972078 0.0013797666918563252 0.0016168597530872367 0.0082193718442761503 -0.0064832869138111331 -0.0023400505047057188 0.00046343302404446512 -8.1501898802702097e-05 0.0023494057234188441 -0.00020765246618396666 0.00028072870136790012 0.00097896747014866617
leaf_weight=96313 1427 4035 417 2380 6098 610 441 2248 3365 6501 1974 1809 32364 1372
leaf_count=96313 1427 4035 417 2380 6098 610 441 2248 3365 6501 1974 1809 32364 1372
internal_value=-1.16725e-05 0.000622097 0.000903794 0.00267726 0.000615414 0.005658 -0.000147413 0.00030843 -0.000662893 0.000741653 0.000286652 -0.00145154 0.000400888 0.00260695
internal_weight=161354 28453 24418 3407 21011 1027 132901 18212 5613 12599 36588 2250 34338 2799
internal_count=161354 28453 24418 3407 21011 1027 132901 18212 5613 12599 36588 2250 34338 2799
cat_boundaries=0 2 4 6 8
cat_threshold=477743156 94512 3981385900 18874 270532672 16514 1524850821 77872
is_linear=0
shrinkage=0.05


Tree=10
num_leaves=15
num_cat=1
split_feature=24 3 39 27 37 3 6 4 27 41 4 17 3 4
split_gain=5.01397 2.6641 4.57665 2.5235 2.86972 1.99222 2.09956 2.07947 1.98622 1.99042 1.90774 1.72794 1.70849 2.09206
threshold=-35.12615776062011 0.13847208023071292 -0.52855142951011647 1.5000000000000002 0.16840849071741107 0.27413702011108404 -0.124158076941967 -0.21691107749938962 6.5000000000000009 0 -0.681382656097412 0.05987470597028733 0.69501602649688732 -0.36366200447082514
decision_type=2 2 2 2 2 2 2 2 2 1 2 2 2 2
left_child=3 11 -3 -1 5 6 -5 -7 12 -10 -6 -2 13 -4
right_child=1 2 8 4 10 7 -8 -9 9 -11 -12 -13 -14 -15
leaf_value=-0.00097527968000741595 0.00022815379493575585 0.0073123567470986918 0.0033987269278271007 0.00092560289948946444 0.0056166061107024478 0.0042985429270824566 -0.00026344742250453975 0.0004971646902394238 0.0035701665710451917 0.0010830147132515494 0.0010798005353972711 -0.001734867644135239 -0.0033038809439131563 0.00016102452479717586
leaf_weight=9342 33860 272 534 3868 255 383 88809 5080 898 7494 2244 1154 320 6790
leaf_count=9342 33860 272 534 3868 255 383 88809 5080 898 7494 2244 1154 320 6790
internal_value=1.06182e-06 0.000409151 0.000936968 -0.000189335 -0.000116284 -0.000158969 -0.00021372 0.000768273 0.000826272 0.00135726 0.00155503 0.000163075 0.000242164 0.000399928
internal_weight=161303 51322 16308 109981 100639 98140 92677 5463 16036 8392 2499 35014 7644 7324
internal_count=161303 51322 16308 109981 100639 98140 92677 5463 16036 8392 2499 35014 7644 7324
cat_boundaries=0 1
cat_threshold=4736
is_linear=0
shrinkage=0.05


Tree=11
num_leaves=15
num_cat=5
split_feature=3 39 40 40 4 16 41 17 7 3 38 10 40 40
split_gain=3.92858 4.96972 3.25768 2.9462 2.45981 3.25373 2.11671 1.87296 2.16685 2.12077 1.56404 1.52303 1.44476 1.4334
threshold=0.16867733001708987 -0.43766839802265162 0 1 -0.85373699665069569 0.92651358246803295 2 0.056674227118492133 -0.071184661239385591 -0.41627058386802668 1.5000000000000002 -0.0081048156134784204 3 4
decision_type=2 2 9 9 2 2 1 2 2 2 2 2 9 9
left_child=2 10 7 11 5 6 -4 8 -1 -9 -2 -3 -10 -7
right_child=1 3 4 -5 -6 13 -8 9 12 -11 -12 -13 -14 -15
leaf_value=0.0011197926294617443 0.0015362996395371792 0.0023299780739291162 0.0035962470815689099 -1.0545672920357528e-05 -0.00040547791606897351 0.0016704052777570342 -0.0023200014982197831 0.0021225899837860494 0.00075720695816273965 -0.0034919232655410918 0.006404513974538186 0.0007438321366303051 -2.0123936453334633e-05 0.0076874010569299572
leaf_weight=5501 272 1726 215 19421 65709 202 426 218 6829 680 444 12392 47137 245
leaf_count=5501 272 1726 215 19421 65709 202 426 218 6829 680 444 12392 47137 245
internal_value=2.29663e-06 0.000477545 -0.000125701 0.000389027 -0.000366257 0.00198556 -0.000295641 0.00014045 0.000174856 -0.00211919 0.00458555 0.000938193 7.83465e-05 0.00523496
internal_weight=161417 34255 127162 33539 66797 1088 641 60365 59467 898 716 14118 53966 447
internal_count=161417 34255 127162 33539 66797 1088 641 60365 59467 898 716 14118 53966 447
cat_boundaries=0 2 4 5 7 9
cat_threshold=2857570815 14440 1342992492 18336 134 4144 2048 268468224 82944
is_linear=0
shrinkage=0.05


Tree=12
num_leaves=15
num_cat=1
split_feature=34 27 27 39 34 41 24 38 27 34 27 38 24 3
split_gain=4.38306 8.33061 6.03647 15.7273 3.75727 4.19652 3.28968 3.26794 5.05224 5.76066 3.66053 5.2759 2.94525 2.83404
threshold=0.23841034621000293 2.5000000000000004 4.5000000000000009 -0.44803203642368311 0.27928131818771368 0 -35.054073333740227 1.0000000180025095e-35 9.5000000000000018 0.13996227830648425 3.5000000000000004 1.5000000000000002 -32.129657745361321 0.14647293090820315
decision_type=2 2 2 2 2 1 2 2 2 2 2 2 2 2
left_child=6 4 3 -3 -2 -6 -1 -8 9 -9 12 -12 -11 -4
right_child=1 2 13 -5 5 -7 7 8 -10 10 11 -13 -14 -15
leaf_value=-0.00026635167288615414 0.0009405878597086181 0.0091539899967024909 0.000133258485070363 0.0012867540181232253 -0.0010913998702496745 -0.0052591750136830344 0.00085655456767511962 -0.0029416955894069202 0.001114080392321929 0.00013335430464242345 -0.00056448303937029019 -0.0067925235133237481 0.0028996955936493362 0.0015438707810435149
leaf_weight=98463 1022 747 13080 4125 1689 948 14973 2228 6031 3469 7737 351 1329 4893
leaf_count=98463 1022 747 13080 4125 1689 948 14973 2228 6031 3469 7737 351 1329 4893
internal_value=-8.28386e-07 0.000586794 0.000941736 0.00250217 -0.00162619 -0.00262276 -0.000116608 0.000291459 -0.000108563 -0.000596978 -0.000190202 -0.000839413 0.000902866 0.000517887
internal_weight=161085 26504 22845 4872 3659 2637 134581 36118 21145 15114 12886 8088 4798 17973
internal_count=161085 26504 22845 4872 3659 2637 134581 36118 21145 15114 12886 8088 4798 17973
cat_boundaries=0 1
cat_threshold=5275
is_linear=0
shrinkage=0.05


Tree=13
num_leaves=15
num_cat=4
split_feature=24 40 34 27 27 15 40 34 40 27 7 34 40 37
split_gain=4.15412 2.78358 2.60893 2.9489 3.08992 3.81869 3.36368 2.8928 2.31714 2.20535 1.97454 2.39885 1.97184 1.92263
threshold=-35.12615776062011 0 0.23841034621000293 2.5000000000000004 8.5000000000000018 0.039833407849073417 1 0.27928131818771368 2 10.500000000000002 0.13988014310598376 0.31123723089694982 3 0.0087795094586908835
decision_type=2 9 2 2 2 2 9 2 9 2 2 2 9 2
left_child=2 -2 12 7 10 6 -6 -4 -9 -7 -5 -12 -1 -3
right_child=1 13 3 4 5 9 -8 8 -10 -11 11 -13 -14 -15
leaf_value=-1.7976617628915444e-05 0.0010792119964513867 -0.00020897152451518569 0.001372206532409311 0.0012395478575502527 0.0024066666483837321 -0.006938847695788718 -0.00064550672743321708 -0.0054503949308776604 -0.00076143974685765356 -0.00086360974581029665 0.00087414093382335092 0.0076400996210268593 -0.00046941717159874955 0.00048846033179113821
leaf_weight=45910 11067 17537 580 5947 1335 295 2709 494 582 305 254 273 51183 22606
leaf_count=45910 11067 17537 580 5947 1335 295 2709 494 582 305 254 273 51183 22606
internal_value=5.66882e-06 0.000377597 -0.000167654 0.00050382 0.000797393 -0.000185789 0.000366915 -0.00146062 -0.00299152 -0.00389153 0.00150303 0.00442735 -0.000256069 0.00018362
internal_weight=161077 51210 109867 12774 11118 4644 4044 1656 1076 600 6474 527 97093 40143
internal_count=161077 51210 109867 12774 11118 4644 4044 1656 1076 600 6474 527 97093 40143
cat_boundaries=0 2 4 6 8
cat_threshold=2013278284 18690 3429046558 66704 405995524 400 3667104063 10840
is_linear=0
shrinkage=0.05


Tree=14
num_leaves=15
num_cat=1
split_feature=34 7 39 34 22 24 31 22 34 3 3 41 6 34
split_gain=3.93835 4.3044 3.53396 3.44559 3.91382 2.82071 2.68638 2.35528 4.89324 2.15687 2.2964 2.10063 2.79077 1.97577
threshold=0.23841034621000293 0.089297208935022368 -0.22484204918146131 0.3052689135074616 inf -35.12615776062011 0.63859337568283092 0.11834999918937684 0.10650061815977098 0.58206820487976085 0.078041315078735365 0 -0.15450447052717206 0.13109838217496875
decision_type=2 2 2 2 8 2 2 10 2 2 2 1 2 2
left_child=5 3 9 6 11 13 -2 8 -7 10 -3 12 -5 -1
right_child=1 2 -4 4 -6 7 -8 -9 -10 -11 -12 -13 -14 -15
leaf_value=-8.8969191285573293e-06 0.00033069399476973155 0.0013653029935877282 0.0010375135380606948 0.00062708320707442267 0.0038853955775628884 -0.005855992267013603 0.0019122817402678267 0.00036352643002768905 -0.00012171103947725023 -0.00035299793271047187 0.0064759723852412104 -0.00010660811326598668 -0.0026558930491436756 -0.00046090269785842655
leaf_weight=45993 8047 311 2849 914 505 462 4034 35443 1840 218 796 6709 2182 51016
leaf_count=45993 8047 311 2849 914 505 462 4034 35443 1840 218 796 6709 2182 51016
internal_value=5.71571e-06 0.000562102 0.00203542 0.000286838 -0.000384142 -0.000103948 0.000859793 0.000262701 -0.00128492 0.00416539 0.00505727 -0.00060642 -0.00168021 -0.000246665
internal_weight=161319 26565 4174 22391 10310 134754 12081 37745 2302 1325 1107 9805 3096 97009
internal_count=161319 26565 4174 22391 10310 134754 12081 37745 2302 1325 1107 9805 3096 97009
cat_boundaries=0 1
cat_threshold=836
is_linear=0
shrinkage=0.05


Tree=15
num_leaves=15
num_cat=4
split_feature=24 40 4 15 35 40 35 4 6 39 40 40 13 21
split_gain=3.3558 3.05012 2.08899 3.80191 1.66895 1.96199 2.10822 1.95154 1.54246 1.44325 5.26439 1.33596 1.31675 1.86143
threshold=-35.301967620849602 0 -0.76071071624755848 0.042295571416616447 2.2799628973007207 1 1.2331845760345461 -0.38007712364196772 0.0015213140286505224 -0.41720367968082422 2 3 0.041998503729701049 0.83895376324653637
decision_type=2 9 2 2 2 9 2 2 2 2 9 9 2 2
left_child=4 8 3 -3 5 6 -1 12 11 10 -4 -2 -7 -14
right_child=1 2 9 -5 -6 7 -8 -9 -10 -11 -12 -13 13 -15
leaf_value=-0.00035084817932998604 -0.00043878896502784682 0.0063027909871882981 -0.0036719649182384607 -0.00015413901910800928 0.0027575905428295802 -7.2652837899104844e-05 -0.0018432010119887737 -0.00014871652537453087 0.0011394361143137047 5.461674704714333e-05 0.001311514397249351 0.00087902226594553038 -0.00089642172720050435 0.0027063553871911452
leaf_weight=7825 3715 366 1093 587 481 1489 3397 89742 12723 33102 1005 3953 460 1559
leaf_count=7825 3715 366 1093 587 481 1489 3397 89742 12723 33102 1005 3953 460 1559
internal_value=2.17636e-06 0.000312711 3.66205e-05 0.00234038 -0.000165085 -0.000178721 -0.000802947 -0.00010341 0.000801432 -2.59223e-05 -0.00129614 0.00024062 0.00105248 0.00188286
internal_weight=161497 56544 36153 953 104953 104472 11222 93250 20391 35200 2098 7668 3508 2019
internal_count=161497 56544 36153 953 104953 104472 11222 93250 20391 35200 2098 7668 3508 2019
cat_boundaries=0 2 4 6 8
cat_threshold=1545678956 18722 16801792 81921 4767744 70784 1140854816 32
is_linear=0
shrinkage=0.05


Tree=16
num_leaves=15
num_cat=4
split_feature=34 27 27 39 40 40 34 40 40 27 34 27 34 4
split_gain=3.23281 7.12601 5.54769 13.9746 4.27429 2.92734 2.91351 2.30012 2.15416 2.40247 3.84522 6.67307 5.14509 3.19814
threshold=0.23841034621000293 2.5000000000000004 4.5000000000000009 -0.44803203642368311 0 1 0.26858529448509222 2 3 7.5000000000000009 0.14649985730648044 3.5000000000000004 0.22930664569139483 0.33963370323181158
decision_type=2 2 2 2 9 9 2 9 9 2 2 2 2 2
left_child=8 4 3 -3 -2 -4 -6 -5 -1 10 -10 -12 -13 -11
right_child=1 2 5 7 6 -7 -8 -9 9 13 11 12 -14 -15
leaf_value=0.0001904437739162737 0.00027783930660671446 0.008737849399430243 0.0011459664951066174 0.0025817878919209437 0.00057838875695034756 -0.00013357018527225612 -0.0041246235880181689 0.00017045752649864541 -0.00012605651056569867 -0.00020319403124211856 -3.818116474167712e-05 -0.0016974192757854352 -0.0090392352134946782 0.00084171032982020052
leaf_weight=43176 1743 721 7989 1715 414 10110 1551 2339 33264 28776 9440 10283 240 9816
leaf_count=43176 1743 721 7989 1715 414 10110 1551 2339 33264 28776 9440 10283 240 9816
internal_value=-1.44863e-06 0.000502472 0.000832263 0.00234758 -0.00152899 0.000431668 -0.00311645 0.00120048 -0.000100728 -0.000237698 -0.000455498 -0.00100402 -0.00186955 6.25258e-05
internal_weight=161577 26582 22874 4775 3708 18099 1965 4054 134995 91819 53227 19963 10523 38592
internal_count=161577 26582 22874 4775 3708 18099 1965 4054 134995 91819 53227 19963 10523 38592
cat_boundaries=0 2 4 6 8
cat_threshold=1670144704 22127 3949392008 2225 231082306 26906 135467382 2656
is_linear=0
shrinkage=0.05


Tree=17
num_leaves=15
num_cat=4
split_feature=3 39 27 40 40 15 6 14 39 40 24 40 27 27
split_gain=2.93836 3.48224 3.59323 2.64879 2.21562 3.07944 2.6288 2.25673 2.59121 2.02377 1.81118 1.59785 1.69883 1.91743
threshold=0.16162991523742679 -0.49151620268821711 2.5000000000000004 0 1 0.040573289617896087 -0.15450447052717206 0.025544351898133758 -0.46121628582477564 2 -36.938344955444329 3 8.5000000000000018 2.5000000000000004
decision_type=2 2 2 9 9 2 2 2 2 9 2 9 2 2
left_child=4 -2 9 10 5 7 -7 8 -1 -3 -4 -8 13 -13
right_child=1 2 3 -5 -6 6 11 -9 -10 -11 -12 12 -14 -15
leaf_value=-0.0041634572701254261 0.0044767037268760501 -0.0019874146592832511 0.00019135013817784489 0.00010561560018280676 -0.00031577792646211806 0.00099201685721095746 -0.00032323864971483857 0.0008906974777936462 7.0990875611164233e-05 -2.0558768795970846e-05 0.0014210781160062603 -0.0065114567892251771 -0.0069887863478708765 -0.0011197186852998085
leaf_weight=359 511 2254 4313 15814 65635 647 495 9267 48027 3111 9875 224 305 611
leaf_count=359 511 2254 4313 15814 65635 647 495 9267 48027 3111 9875 224 305 611
internal_value=-1.04569e-06 0.000397948 0.00033825 0.000551481 -0.000115098 0.000104628 -0.00169456 0.000176088 3.90431e-05 -0.000852646 0.00104707 -0.00276052 -0.00377264 -0.00260223
internal_weight=161448 35878 35367 30002 125570 59935 2282 57653 48386 5365 14188 1635 1140 835
internal_count=161448 35878 35367 30002 125570 59935 2282 57653 48386 5365 14188 1635 1140 835
cat_boundaries=0 2 4 6 8
cat_threshold=1357766764 50064 2926776766 14440 233351169 109147 4224 6248
is_linear=0
shrinkage=0.05


Tree=18
num_leaves=15
num_cat=0
split_feature=34 27 27 39 39 38 27 16 27 11 34 34 4 34
split_gain=3.33449 5.92485 5.02652 11.7732 8.12012 7.76861 8.45938 6.18321 4.815 4.53375 3.96321 3.69144 3.51392 2.82736
threshold=0.23841034621000293 2.5000000000000004 8.5000000000000018 -0.5079699158668517 -0.31480456888675684 1.5000000000000002 10.500000000000002 1.0427556037902834 5.5000000000000009 0.34161661565303808 0.31123723089694982 0.38200022280216223 -0.28670626878738398 0.27928131818771368
decision_type=2 2 2 2 2 2 2 2 2 2 2 2 2 2
left_child=-1 13 3 8 5 -4 7 -7 -3 -8 -9 12 -5 -2
right_child=1 2 4 11 -6 6 9 10 -10 -11 -12 -13 -14 -15
leaf_value=-0.00010397778694128834 0.00089551119381631032 0.0091432015558575094 0.0049972348978986137 0.0038961280526144323 0.00097862008641774853 -0.0095888027881608669 0.0040565584009500354 0.0011275468812171788 0.002265013200921527 -0.0022879219442400911 -0.0059493174032189565 -0.00059666484318088254 0.0010721598204474713 -0.0021859571211386066
leaf_weight=135040 1021 642 324 1253 5566 608 419 347 430 833 448 2911 9054 2701
leaf_count=135040 1021 642 324 1253 5566 608 419 347 430 833 448 2911 9054 2701
internal_value=-3.22025e-06 0.000508858 0.000810538 0.00138406 -0.000148233 -0.00225345 -0.00314789 -0.00580688 0.00641219 -0.000152982 -0.00286643 0.000973618 0.00141767 -0.00133926
internal_weight=161597 26557 22835 14290 8545 2979 2655 1403 1072 1252 795 13218 10307 3722
internal_count=161597 26557 22835 14290 8545 2979 2655 1403 1072 1252 795 13218 10307 3722
is_linear=0
shrinkage=0.05


Tree=19
num_leaves=15
num_cat=0
split_feature=4 15 35 4 36 3 3 21 5 3 15 7 30 4
split_gain=2.82301 3.69175 2.93105 2.24084 2.18585 1.92133 1.67971 1.85532 1.52124 1.33625 1.19237 1.12274 1.06518 0.799956
threshold=-0.61614274978637684 0.047009659931063659 1.5180013775825503 -0.98694729804992665 -0.004210481420159339 0.11413645744323732 -0.028851628303527829 0.7667614519596101 -0.044250177219510071 0.26438879966735845 0.029063124209642414 -0.12743893265724179 0.91751700639724743 0.20329928398132327
decision_type=2 2 2 2 2 2 2 2 2 2 2 2 2 2
left_child=1 3 8 -1 5 -2 7 -5 -3 10 11 -6 -8 -13
right_child=4 2 -4 6 9 -7 12 -9 -10 -11 -12 13 -14 -15
leaf_value=0.0053384851616777333 2.2688760953436954e-05 0.00050485268507120937 0.0023311270551921409 -0.0028358472521266536 0.0028666733230732506 0.00064124952712446136 0.0045834686380485934 0.0017160179943118187 -0.0038784716613522808 0.00032256778492889689 -0.00084323070730795444 -0.00036427404213513727 0.00051954108063524717 -1.6141888966130353e-05
leaf_weight=543 53473 291 499 311 290 16408 564 761 595 10483 8345 40830 231 27744
leaf_count=543 53473 291 499 311 290 16408 564 761 595 10483 8345 40830 231 27744
internal_value=-8.02744e-06 0.0013386 -0.000714215 0.00251944 -4.05329e-05 0.000168033 0.0016848 0.00038379 -0.00243844 -0.000206795 -0.000278749 -0.000210216 0.00341951 -0.000223509
internal_weight=161368 3795 1385 2410 157573 69881 1867 1072 886 87692 77209 68864 795 68574
internal_count=161368 3795 1385 2410 157573 69881 1867 1072 886 87692 77209 68864 795 68574
is_linear=0
shrinkage=0.05


Tree=20
num_leaves=15
num_cat=4
split_feature=24 36 34 40 40 17 40 40 35 15 39 10 35 35
split_gain=2.84068 1.98963 2.08972 2.06991 1.923 1.88327 2.84363 1.86362 2.52501 1.54785 2.00426 2.4887 1.24283 1.23326
threshold=-34.931509017944329 -0.0083449645899236185 0.26271055638790136 0 1 0.040162449702620513 2 3 1.5435469746589663 0.048734020441770561 -0.52855142951011647 -0.006205459823831915 1.2981057763099673 0.69791078567504894
decision_type=2 2 2 9 9 2 9 9 2 2 2 2 2 2
left_child=1 2 -1 -3 5 6 -2 -7 12 10 11 -6 -9 -8
right_child=4 3 -4 -5 9 7 13 8 -10 -11 -12 -13 -14 -15
leaf_value=4.4483192814262179e-06 0.0024812536475896413 -2.4949788097417713e-05 0.0011612741516021715 -0.00058044519136522604 -0.0017998675507678247 -0.0014423718875415839 0.0015036593982849197 0.00047608457873056579 0.0046633522184447154 -0.0032158736805782389 -1.3171053832924412e-05 0.0047656629885361197 -0.002690669300009278 0.00040313241540847281
leaf_weight=43164 2440 32315 4288 34907 204 1870 3255 2295 329 360 23094 464 353 11759
leaf_count=43164 2440 32315 4288 34907 204 1870 3255 2295 329 360 23094 464 353 11759
internal_value=-4.98058e-06 -0.0001386 0.000109202 -0.000313593 0.000324958 0.00065945 0.000901876 -0.000211166 0.000564604 1.51589e-05 6.49929e-05 0.00275472 4.77704e-05 0.000642051
internal_weight=161097 114674 47452 67222 46423 22301 17454 4847 2977 24122 23762 668 2648 15014
internal_count=161097 114674 47452 67222 46423 22301 17454 4847 2977 24122 23762 668 2648 15014
cat_boundaries=0 2 4 6 8
cat_threshold=4034040313 15512 1547972716 117474 201326656 49280 205520928 32960
is_linear=0
shrinkage=0.05


Tree=21
num_leaves=15
num_cat=0
split_feature=27 4 27 7 3 15 10 27 39 4 27 15 38 4
split_gain=2.45837 3.57203 9.54487 3.95354 3.08372 2.50578 2.01537 2.00546 4.50399 2.85851 2.75418 5.6826 3.85515 3.29905
threshold=2.5000000000000004 -0.85373699665069569 5.5000000000000009 -0.13494839519262311 0.16162991523742679 0.047009659931063659 -0.0020223434548825021 3.5000000000000004 -0.44803203642368311 -0.049278020858764641 5.5000000000000009 0.02285135351121426 1.5000000000000002 0.41423368453979498
decision_type=2 2 2 2 2 2 2 2 2 2 2 2 2 2
left_child=5 2 -2 -4 7 -1 -6 8 -3 -9 11 12 -11 -12
right_child=1 4 3 -5 6 -7 -8 9 -10 10 13 -13 -14 -15
leaf_value=-0.00036085830856485588 0.0081978939812070023 0.0063317339247257205 0.0039021423803765861 -0.0029647003337724674 0.0010651704725905995 -0.0037114261528997474 0.00021115737509286056 -0.00059581634940329806 0.00040473656217532869 0.00017271424829282201 1.1976023417294603e-05 -0.0022623492311827477 -0.0043180985940328214 0.0010169562920409325
leaf_weight=25478 489 326 325 569 10710 566 19510 24655 10349 11289 42847 3700 494 10087
leaf_count=25478 489 326 325 569 10710 566 19510 24655 10349 11289 42847 3700 494 10087
internal_value=1.02146e-05 9.58487e-05 0.0026194 -0.000454984 6.96629e-05 -0.000434565 0.000514112 -5.97691e-05 0.000589087 -0.000134272 3.20105e-05 -0.000554371 -1.68898e-05 0.000203656
internal_weight=161394 135350 1383 894 133967 26044 30220 103747 10675 93072 68417 15483 11783 52934
internal_count=161394 135350 1383 894 133967 26044 30220 103747 10675 93072 68417 15483 11783 52934
is_linear=0
shrinkage=0.05


Tree=22
num_leaves=15
num_cat=3
split_feature=24 3 39 41 36 41 15 4 7 7 41 15 13 10
split_gain=2.44967 1.77413 2.01239 1.58985 1.32747 1.1896 1.27809 1.22253 2.03948 1.24404 1.14591 1.114 1.10796 1.09411
threshold=-36.707798004150384 0.18838667869567874 -0.44803203642368311 0 0.0093232728540897387 1 0.026114988140761856 -0.85373699665069569 -0.10643358901143073 -0.23975685983896253 2 0.034122681245207793 0.041998503729701049 -0.0075996688101440659
decision_type=2 2 2 1 2 1 2 2 2 2 1 2 2 2
left_child=10 4 -3 13 5 6 -2 8 -7 -9 11 12 -1 -4
right_child=1 2 3 -5 -6 7 -8 9 -10 -11 -12 -13 -14 -15
leaf_value=-5.2522174617051744e-05 0.0011138558345232202 0.0034248963443069998 0.0022868736221564505 7.683573735110886e-05 -0.00024015192397882311 0.0059136199417324474 -0.00016177090530344746 -0.0033506124801177938 0.00016080947261863394 6.5295905916077537e-05 -0.00051099207986627575 -0.0019589887146852342 0.0017333590585237189 0.00072715966829043624
leaf_weight=24769 6089 583 1309 12045 29127 233 2886 263 443 47638 26432 734 895 8070
leaf_count=24769 6089 583 1309 12045 29127 233 2886 263 443 47638 26432 734 895 8070
internal_value=8.7077e-07 0.00013666 0.000537536 0.00045795 3.47984e-05 0.000174046 0.000702465 7.6091e-05 0.00217986 4.60888e-05 -0.000278377 -4.50102e-05 9.88892e-06 0.000945472
internal_weight=161516 108686 22007 21424 86679 57552 8975 48577 676 47901 52830 26398 25664 9379
internal_count=161516 108686 22007 21424 86679 57552 8975 48577 676 47901 52830 26398 25664 9379
cat_boundaries=0 1 2 3
cat_threshold=4739 4164 202
is_linear=0
shrinkage=0.05


Tree=23
num_leaves=15
num_cat=1
split_feature=27 34 27 34 4 27 38 34 40 34 37 16 38 27
split_gain=2.32667 4.39707 4.99467 6.00698 6.70898 4.25113 3.78028 3.55254 4.0144 3.80795 3.49758 3.35803 3.23148 7.67076
threshold=2.5000000000000004 0.26271055638790136 8.5000000000000018 0.38200022280216223 -0.33304905891418451 5.5000000000000009 1.5000000000000002 0.27928131818771368 0 0.099485307931900038 -0.24587450176477429 0.91995537281036388 1.0000000180025095e-35 9.5000000000000018
decision_type=2 2 2 2 2 2 2 2 9 2 2 2 2 2
left_child=7 12 3 4 5 -3 -4 9 -9 -1 -8 -12 -2 -14
right_child=1 2 6 -5 -6 -7 10 8 -10 -11 11 -13 13 -15
leaf_value=-0.0018761935738810514 0.00021666952982394585 0.0068314455732695848 0.0038353114314193556 -0.00043832858903061821 0.0014711833857734378 0.00076217170259690542 -0.0046620233794129355 -0.0042504020498415991 -0.00036916514414892394 1.0965610170349862e-05 -0.0027994792230671261 0.00036923245815699611 -0.00074711047218265175 0.00048148123103079174
leaf_weight=3072 62727 1069 485 3128 6891 399 512 1222 1472 20325 1069 3764 35512 19771
leaf_count=3072 62727 1069 485 3128 6891 399 512 1222 1472 20325 1069 3764 35512 19771
internal_value=-3.07967e-06 8.02448e-05 0.00082415 0.00142898 0.00212819 0.00519341 -0.000366918 -0.000435385 -0.00215328 -0.000236951 -0.000752387 -0.000332783 -2.89051e-05 -0.000307632
internal_weight=161418 135327 17317 11487 8359 1468 5830 26091 2694 23397 5345 4833 118010 55283
internal_count=161418 135327 17317 11487 8359 1468 5830 26091 2694 23397 5345 4833 118010 55283
cat_boundaries=0 2
cat_threshold=476157991 108944
is_linear=0
shrinkage=0.05


Tree=24
num_leaves=15
num_cat=5
split_feature=24 40 16 17 27 40 37 39 6 34 40 34 40 40
split_gain=2.48344 2.57368 1.8715 2.18458 1.66435 1.93671 1.68342 1.56005 1.45231 1.68916 2.02609 1.74451 1.67621 1.52565
threshold=-35.322488784790032 0 0.81830978393554699 0.05987470597028733 1.5000000000000002 1 0.16840849071741107 -0.46121628582477564 -0.1634988337755203 0.13109838217496875 2 0.38200022280216223 3 4
decision_type=2 9 2 2 2 9 2 2 2 2 9 2 9 9
left_child=4 2 7 -4 5 -1 8 -2 12 13 11 -11 -6 -10
right_child=1 -3 3 -5 6 -7 -8 -9 9 10 -12 -13 -14 -15
leaf_value=-0.0017426457941567249 -0.0028738665859358321 7.8671406572647612e-05 0.0013800081888920694 -0.0017674578532934368 -0.001053939423955991 -0.00021751390728339903 0.0012775861668363041 0.00026797055284593713 0.00048857203549010179 -0.00080367411717890448 -0.0001528993022682134 -0.0052148162874781556 0.0024628401468569758 -0.00014521985650141312
leaf_weight=3357 453 43440 9688 579 480 5495 2216 2864 15630 12230 39321 224 1087 24128
leaf_count=3357 453 43440 9688 579 480 5495 2216 2864 15630 12230 39321 224 1087 24128
internal_value=1.53046e-06 0.000266802 0.000867108 0.00120125 -0.000143643 -0.000799334 -8.26581e-05 -0.000163282 -0.000115156 -0.000141077 -0.000329308 -0.000884766 0.00139144 0.000103932
internal_weight=161192 57024 13584 10267 104168 8852 95316 3317 93100 91533 51775 12454 1567 39758
internal_count=161192 57024 13584 10267 104168 8852 95316 3317 93100 91533 51775 12454 1567 39758
cat_boundaries=0 2 4 6 8 10
cat_threshold=1554001996 18946 3376179841 16435 354967556 22544 134742016 16714 2087911735 2072
is_linear=0
shrinkage=0.05


Tree=25
num_leaves=15
num_cat=3
split_feature=34 34 7 7 34 40 40 38 34 24 39 39 40 39
split_gain=2.43603 3.28108 2.81795 3.48758 3.07936 3.0329 2.37199 2.10584 5.73531 2.66353 2.28472 2.10434 2.03892 1.94727
threshold=0.23152301460504535 0.45017996430397039 -0.1216643527150154 0.089297208935022368 0.32334120571613317 0 1 1.0000000180025095e-35 0.095921114087104811 -35.469091415405266 -0.41720367968082422 -0.52855142951011647 2 -0.2291881665587425
decision_type=2 2 2 2 2 9 9 2 2 2 2 2 9 2
left_child=7 2 5 6 -5 -2 -4 9 10 -1 -9 -10 -3 -6
right_child=1 12 3 4 13 -7 -8 8 11 -11 -12 -13 -14 -15
leaf_value=-9.723367198728317e-05 -0.00037659530029610528 0.00018734371363721841 -0.00051456460813835675 0.0011981397645658277 0.006806756826003413 0.0038515384371063293 0.00064149156430917155 -0.0086309834370146173 0.0022833010804612004 0.00058016838089253154 -0.0027790922170465981 -0.00028555045653149471 -0.0020594280656941379 0.00093305105945479163
leaf_weight=53450 631 2074 7233 3233 446 1282 11421 215 803 19910 752 57934 1948 211
leaf_count=53450 631 2074 7233 3233 446 1282 11421 215 803 19910 752 57934 1948 211
internal_value=-2.95514e-06 0.000416668 0.00063444 0.000477515 0.0018385 0.00247506 0.000193019 -9.28147e-05 -0.000313306 8.6573e-05 -0.00412303 -0.000250155 -0.000905462 0.00494922
internal_weight=161543 28479 24457 22544 3890 1913 18654 133064 59704 73360 967 58737 4022 657
internal_count=161543 28479 24457 22544 3890 1913 18654 133064 59704 73360 967 58737 4022 657
cat_boundaries=0 2 4 6
cat_threshold=84410656 52610 280546096 112128 60619426 117281
is_linear=0
shrinkage=0.05


Tree=26
num_leaves=15
num_cat=3
split_feature=27 4 27 7 3 40 15 40 40 4 23 27 4 15
split_gain=2.16718 2.9854 7.33331 3.77522 2.78569 2.65809 2.44036 3.85727 2.40208 2.21004 2.02038 1.85733 2.71757 1.96607
threshold=2.5000000000000004 -0.85373699665069569 5.5000000000000009 -0.13494839519262311 0.13076210021972659 0 0.031956993043422706 1 2 0.10485839843750001 -0.32836429774761194 6.5000000000000009 -0.56495821475982655 0.027517120353877548
decision_type=2 2 2 2 2 9 2 9 9 2 10 2 2 2
left_child=6 2 -2 -4 8 -6 -1 -8 -3 11 -5 12 -10 -13
right_child=1 4 3 10 5 -7 7 -9 9 -11 -12 13 -14 -15
leaf_value=-0.00026164708750191787 0.0072243400140875021 0.00016656828455857749 0.0039270579220287687 0.001089294573584822 0.0010203761530917816 0.00012393734015581691 -0.0046733107884686272 -0.00055456529024101755 0.0049880538944237149 2.2404157978797983e-05 -0.0050639006961281773 -0.00069339740540509903 -0.00023989299278755444 -0.0020466899021251857
leaf_weight=23265 495 46086 323 207 12184 25756 822 1818 250 23236 357 13274 9803 3371
leaf_count=23265 495 46086 323 207 12184 25756 822 1818 250 23236 357 13274 9803 3371
internal_value=-6.60775e-06 7.35598e-05 0.00238143 -0.000340949 4.96253e-05 0.000412348 -0.000425573 -0.00186506 -9.3658e-05 -0.00033389 -0.00280703 -0.000644241 -0.000106971 -0.000968303
internal_weight=161247 135342 1382 887 133960 37940 25905 2640 96020 49934 564 26698 10053 16645
internal_count=161247 135342 1382 887 133960 37940 25905 2640 96020 49934 564 26698 10053 16645
cat_boundaries=0 2 4 6
cat_threshold=1353465952 50048 409477125 8465 2874350587 10288
is_linear=0
shrinkage=0.05


Tree=27
num_leaves=15
num_cat=4
split_feature=34 27 27 16 34 14 33 27 37 40 40 6 40 40
split_gain=2.38975 4.22386 3.59306 4.91148 3.77611 3.63008 3.46191 3.67723 3.37471 3.24789 3.09731 2.5997 2.40119 2.06303
threshold=0.23841034621000293 2.5000000000000004 8.5000000000000018 0.86639806628227245 0.38200022280216223 0.03604653291404248 -0.0035689424257725473 9.5000000000000018 -0.21570072323083875 0 1 -0.18827073276042935 2 3
decision_type=2 2 2 2 2 2 2 2 2 9 9 2 9 9
left_child=-1 10 4 6 5 13 7 -4 -5 -10 -2 -6 -13 -3
right_child=1 2 3 8 11 -7 -8 -9 9 -11 -12 12 -14 -15
leaf_value=-8.5977886707054482e-05 0.00044766739725813449 -0.00019088913563431657 -0.0087373956981918795 -0.0027182166740043643 0.0037295065836983653 0.0033227671685697236 -0.00058622026773174566 -0.0014080854673291525 0.0020241134492424979 -0.00026220094352976401 -0.0024461833871240869 0.00056823924286129976 -0.002366213086886317 0.0015655687002508218
leaf_weight=134849 1690 2228 360 744 338 2390 918 330 2966 3236 2017 1402 1362 6652
leaf_count=134849 1690 2228 360 744 338 2390 918 330 2966 3236 2017 1402 1362 6652
internal_value=-4.6196e-07 0.000432272 0.000685632 -0.00012518 0.00116844 0.00159357 -0.00261125 -0.00527462 0.000451089 0.000833972 -0.0011321 -0.000374593 -0.000884103 0.001126
internal_weight=161482 26633 22926 8554 14372 11270 1608 690 6946 6202 3707 3102 2764 8880
internal_count=161482 26633 22926 8554 14372 11270 1608 690 6946 6202 3707 3102 2764 8880
cat_boundaries=0 2 4 6 8
cat_threshold=4235153596 16816 1653367424 22510 1926687234 106016 1152942897 128
is_linear=0
shrinkage=0.05


Tree=28
num_leaves=15
num_cat=6
split_feature=36 34 40 40 40 34 24 40 40 6 40 27 24 4
split_gain=1.92442 2.02668 2.14523 2.02416 1.7304 1.48334 1.61973 1.6129 1.24014 1.00336 1.22799 0.989641 3.20417 2.85497
threshold=-0.021479409188032147 0.23152301460504535 0 1 2 0.45017996430397039 -37.31871032714843 3 4 -0.099340684711933122 5 5.5000000000000009 -32.030036926269524 0.38156366348266607
decision_type=2 2 9 9 9 2 2 9 9 2 9 2 2 2
left_child=1 4 -3 5 -1 6 7 -2 -8 10 -5 12 13 -11
right_child=3 2 -4 9 -6 -7 8 -9 -10 11 -12 -13 -14 -15
leaf_value=0.00043629714583484142 0.00019561275972030599 -0.00029569743651523068 0.0013184262232624508 -0.0007680241885438798 -0.00020352310358447232 -0.0016279759534526723 0.00085292835811027774 -0.0010551425521769572 0.00014296948202009634 -0.00043198197000727753 0.0015033991082535596 -0.00020725118230111624 0.0046572942566126584 -0.0018903406481776753
leaf_weight=19256 5161 2846 7373 950 23375 1219 7532 5120 33506 17323 1542 31593 276 4164
leaf_count=19256 5161 2846 7373 950 23375 1219 7532 5120 33506 17323 1542 31593 276 4164
internal_value=-1.01298e-05 0.000237196 0.000869478 -0.00013078 8.5432e-05 9.19305e-05 0.000133054 -0.000427831 0.000273726 -0.000340325 0.000638626 -0.00038626 -0.000645788 -0.000715206
internal_weight=161236 52850 10219 108386 42631 52538 51319 10281 41038 55848 2492 53356 21763 21487
internal_count=161236 52850 10219 108386 42631 52538 51319 10281 41038 55848 2492 53356 21763 21487
cat_boundaries=0 2 4 6 8 10 12
cat_threshold=1067824 1673 2017595774 27896 2391530258 4684 671219766 2056 268435488 2192 84443648 4866
is_linear=0
shrinkage=0.05


Tree=29
num_leaves=15
num_cat=3
split_feature=34 27 34 40 27 12 40 30 40 11 22 35 35 3
split_gain=1.87933 3.1357 3.04695 3.32845 2.95125 3.213 2.30086 2.32656 2.09287 1.8979 1.53243 1.29892 1.32904 2.41403
threshold=0.23152301460504535 2.5000000000000004 0.27928131818771368 0 4.5000000000000009 0.27448357641696935 1 0.28730159997940069 2 0.27308389544487005 0.74445000290870678 1.4482098221778872 1.1382777094841006 -0.3472070693969726
decision_type=2 2 2 9 2 2 9 2 9 2 10 2 2 2
left_child=10 2 -2 9 5 8 11 -8 -3 -4 -1 12 -6 -14
right_child=1 4 3 -5 6 -7 7 -9 -10 -11 -12 -13 13 -15
leaf_value=-0.00013675718445269188 0.00094883143329380657 0.0023375905220421201 -0.0011460414627861928 -5.0638020316282441e-05 -0.00017163356365511133 0.004276023978786507 0.0019450719485805134 0.0003290073016368304 3.7289357970030566e-05 -0.0050015276985147655 0.00042344982531658998 0.0018690409956603118 -0.0057290693136152794 -0.0008524418388876989
leaf_weight=118983 1437 1751 510 1292 5584 953 3027 8441 2269 883 13595 600 310 1339
leaf_count=118983 1437 1751 510 1292 5584 953 3027 8441 2269 883 13595 600 310 1339
internal_value=-1.60726e-07 0.000368919 -0.000904904 -0.00189879 0.000585576 0.00167131 0.000305212 0.000756009 0.00104804 -0.00357711 -7.92601e-05 -0.000354718 -0.000541531 -0.00178678
internal_weight=160974 28396 4122 2685 24274 4973 19301 11468 4020 1393 132578 7833 7233 1649
internal_count=160974 28396 4122 2685 24274 4973 19301 11468 4020 1393 132578 7833 7233 1649
cat_boundaries=0 2 4 6
cat_threshold=485070887 125328 345508688 46926 491129155 20254
is_linear=0
shrinkage=0.05


Tree=30
num_leaves=15
num_cat=0
split_feature=24 27 15 4 27 6 23 38 34 27 34 27 27 38
split_gain=1.91661 1.42106 2.12666 2.07806 5.79061 3.19622 2.2659 1.69041 4.79607 2.46191 4.49832 3.66042 4.5956 9.896
threshold=-36.707798004150384 2.5000000000000004 0.048734020441770561 -0.85373699665069569 5.5000000000000009 -0.18827073276042935 inf 1.0000000180025095e-35 0.095921114087104811 10.500000000000002 0.24742367118597033 3.5000000000000004 7.5000000000000009 1.5000000000000002
decision_type=2 2 2 2 2 2 8 2 2 2 2 2 2 2
left_child=-1 2 -2 4 -3 -6 -7 -5 -9 10 11 -10 13 -13
right_child=1 3 -4 7 5 6 -8 8 9 -11 -12 12 -14 -15
leaf_value=-0.00025252275003080768 -0.00021330191681160276 0.0066748325022836152 -0.0039764951358353074 0.00042490262472477127 0.0043290151671244526 -0.0046447364657326807 0.0017644741916904294 -0.0046023887548586788 0.001040280644322911 0.00071791480307318201 0.00054966240185744112 -0.00099967229803784165 8.4619369506292789e-05 -0.0066614722660073185
leaf_weight=52872 17304 457 379 36914 255 374 212 559 3243 10483 15087 12816 9628 817
leaf_count=52872 17304 457 379 36914 255 374 212 559 3243 10483 15087 12816 9628 817
internal_value=-5.65125e-06 0.000114578 -0.000295342 0.000194436 0.00217717 -0.000285958 -0.00232227 0.00016552 -1.63249e-05 3.32463e-05 -0.000139269 -0.000531652 -0.000751199 -0.00134166
internal_weight=161400 108528 17683 90845 1298 841 586 89547 52633 52074 41591 26504 23261 13633
internal_count=161400 108528 17683 90845 1298 841 586 89547 52633 52074 41591 26504 23261 13633
is_linear=0
shrinkage=0.05


Tree=31
num_leaves=15
num_cat=0
split_feature=24 3 39 34 16 15 7 10 34 5 3 22 34 34
split_gain=1.75606 1.26184 1.73753 1.79343 1.26564 1.5237 1.2298 1.22559 1.09019 1.62929 1.33161 1.02015 1.68623 0.964386
threshold=-36.626640319824212 0.16867733001708987 -0.49151620268821711 0.38200022280216223 1.0938946604728701 0.022748847492039207 -0.13494839519262311 -0.0020223434548825021 0.65775698423385631 0.0057953761424869308 -0.2116492688655853 1.0000000180025095e-35 0.11266471818089487 0.33870907127857214
decision_type=2 2 2 2 2 2 2 2 2 2 2 10 2 2
left_child=6 4 -3 7 5 11 -1 -4 10 -10 -6 12 -2 -7
right_child=1 2 3 -5 8 13 -8 -9 9 -11 -12 -13 -14 -15
leaf_value=0.0019152259861917366 -0.0055654643962958026 0.0033438056439267492 0.00094201917133686667 -0.0019617861016299459 0.0013782243752250094 -0.00057862746662686721 -0.00024702567592150963 0.00018576442509559747 0.00045939233941624222 -0.0053117832202292875 0.00023629367177061537 0.00012148380235392019 -8.197165539399189e-05 0.0006389472704564791
leaf_weight=660 205 499 8326 788 2902 17399 55883 15081 284 207 21186 35658 428 1786
leaf_count=660 205 499 8326 788 2902 17399 55883 15081 284 207 21186 35658 428 1786
internal_value=2.97874e-06 0.000124221 0.000436657 0.000375814 2.77619e-05 -0.000104501 -0.000221531 0.000455126 0.000326451 -0.00199261 0.000374333 8.59113e-05 -0.00189536 -0.000464882
internal_weight=161292 104749 24694 24195 80055 55476 56543 23407 24579 491 24088 36291 633 19185
internal_count=161292 104749 24694 24195 80055 55476 56543 23407 24579 491 24088 36291 633 19185
is_linear=0
shrinkage=0.05


Tree=32
num_leaves=15
num_cat=1
split_feature=36 34 27 22 34 41 39 37 22 27 34 27 15 34
split_gain=1.79498 1.37224 1.42201 1.47723 1.47455 1.53811 1.07899 1.0714 1.16939 4.27406 1.15967 1.03285 1.44929 1.59614
threshold=-9.0316948586632848e-08 0.23152301460504535 2.5000000000000004 0.21694999933242801 0.27928131818771368 0 -0.35772176086902613 0.16840849071741107 1.0000000180025095e-35 9.5000000000000018 0.1147119663655758 2.5000000000000004 0.045509820803999908 0.12047247588634492
decision_type=2 2 2 10 2 1 2 2 10 2 2 2 2 2
left_child=1 7 4 6 -3 -6 -4 8 9 10 -1 12 13 -2
right_child=11 2 3 -5 5 -7 -8 -9 -10 -11 -12 -13 -14 -15
leaf_value=-0.0067681678388092255 -0.0014998237465383938 0.0012484152189794263 0.0040982282172896149 0.00062784824066594699 -0.0047645602614919871 -0.00065703409199772771 0.0011223071213652448 0.001295026075799896 6.7858237307142754e-05 0.0017473669261677286 -0.0024456398734177725 -8.8188298113043423e-05 -0.0040486091943619943 -0.00018166307211673024
leaf_weight=259 3008 694 548 10999 282 1055 704 1737 64003 555 414 67136 289 9716
leaf_count=259 3008 694 548 10999 282 1055 704 1737 64003 555 414 67136 289 9716
internal_value=5.30183e-07 0.000166166 0.000611074 0.000814367 -0.000611718 -0.00158204 0.00243996 7.11692e-05 3.84063e-05 -0.00148661 -0.00415416 -0.000167319 -0.000574989 -0.000494141
internal_weight=161399 81250 14282 12251 2031 1337 1252 66968 65231 1228 673 80149 13013 12724
internal_count=161399 81250 14282 12251 2031 1337 1252 66968 65231 1228 673 80149 13013 12724
cat_boundaries=0 1
cat_threshold=64
is_linear=0
shrinkage=0.05


Tree=33
num_leaves=15
num_cat=4
split_feature=24 40 4 34 40 16 24 38 34 9 36 40 40 8
split_gain=1.73064 1.79601 1.44424 2.33191 2.00481 1.57178 1.34925 1.44583 3.20912 1.2408 1.21489 1.56641 1.14392 1.34594
threshold=-35.078767776489251 0 -0.38007712364196772 0.1646545231342316 1 0.95159545540809642 -28.710090637207028 1.0000000180025095e-35 0.095921114087104811 -0.0079279309138655645 -9.0316948586632848e-08 2 3 53.080284118652351
decision_type=2 9 2 2 9 2 2 2 2 2 2 9 9 2
left_child=2 -2 3 4 -1 -5 7 -3 9 -9 -4 -12 13 -10
right_child=1 6 10 5 -6 -7 -8 8 12 -11 11 -13 -14 -15
leaf_value=-0.0022568057812074843 0.0013571871277261085 0.00054873163881026435 2.8740691454825162e-05 0.00020574895430289445 0.0010822458001452124 0.002585529907911323 0.0018931083914670386 -0.0067149067435228194 -0.00072773258833125267 -0.0019331468729426875 0.00016854149369554557 -0.00046528742587158089 0.00030036844650579948 0.00024682357705720054
leaf_weight=925 3425 14209 54024 1164 848 1734 1108 211 8284 394 12921 39506 16209 6174
leaf_count=925 3425 14209 54024 1164 848 1734 1108 211 8284 394 12921 39506 16209 6174
internal_value=1.01377e-05 0.000254399 -9.97616e-05 0.000760124 -0.000665028 0.0016334 0.000172755 0.000130569 -5.93286e-05 -0.0036504 -0.000137574 -0.000309036 1.19368e-05 -0.000311066
internal_weight=161136 50014 111122 4671 1773 2898 46589 45481 31272 605 106451 52427 30667 14458
internal_count=161136 50014 111122 4671 1773 2898 46589 45481 31272 605 106451 52427 30667 14458
cat_boundaries=0 2 4 6 8
cat_threshold=402653256 16898 8912896 49282 2952925624 11392 2185795889 13344
is_linear=0
shrinkage=0.05


Tree=34
num_leaves=15
num_cat=4
split_feature=24 40 17 40 16 36 40 6 8 14 35 35 3 40
split_gain=1.67731 1.60984 1.52534 1.93071 1.53211 1.46065 1.70012 1.39993 1.44673 1.28284 1.40735 1.26634 1.40809 1.23872
threshold=-34.931509017944329 0 0.054007085040211684 1 0.99140864610672008 -2.4150054400706717e-07 2 0.11296322196722032 41.726102828979499 0.037727449089288718 1.3895152211189272 0.76081734895706188 0.25959563255310064 3
decision_type=2 9 2 9 2 2 9 2 2 2 2 2 2 9
left_child=5 -2 3 -3 11 9 -7 8 -4 13 -11 12 -5 -1
right_child=1 2 7 4 -6 6 -8 -9 -10 10 -12 -13 -14 -15
leaf_value=0.00026833294000175962 -0.00016260514401701947 0.0019516097273484839 -7.0976275763609734e-05 0.00044698562626096665 0.00083742197229862364 7.1764975746541887e-05 -0.00048256756114005623 0.0014248047902307593 -0.0035335137512649464 7.6957224276289599e-05 0.0026604902491174885 -0.00025702508635044272 0.0032786882359127408 -0.0002114129186427449
leaf_weight=27513 15388 2245 580 4579 12389 22090 36922 427 631 1133 988 9556 482 26300
leaf_count=27513 15388 2245 580 4579 12389 22090 36922 427 631 1133 988 9556 482 26300
internal_value=7.72535e-07 0.000254959 0.000463034 0.000546484 0.00042827 -0.000101525 -0.00027506 -0.00101845 -0.00188638 8.14777e-05 0.00128619 8.1267e-05 0.000720628 3.37868e-05
internal_weight=161223 46277 30889 29251 27006 114946 59012 1638 1211 55934 2121 14617 5061 53813
internal_count=161223 46277 30889 29251 27006 114946 59012 1638 1211 55934 2121 14617 5061 53813
cat_boundaries=0 2 4 6 8
cat_threshold=2721614721 13333 335544392 49280 4032958904 15512 2331492723 860
is_linear=0
shrinkage=0.05


Tree=35
num_leaves=15
num_cat=4
split_feature=4 27 27 38 40 7 40 27 4 4 27 40 40 24
split_gain=1.58638 5.39204 5.48966 1.82591 1.73581 2.24861 1.44042 1.29972 6.65626 5.45026 4.73869 6.09204 2.66636 2.59915
threshold=-0.56495821475982655 5.5000000000000009 2.5000000000000004 1.5000000000000002 0 0.016198399476706985 1 5.5000000000000009 0.23683190345764163 0.44589978456497198 3.5000000000000004 2 3 -32.030036926269524
decision_type=2 2 2 2 9 2 9 2 2 2 2 9 9 2
left_child=1 2 6 -4 -3 -6 -1 9 -9 12 -11 -12 13 -2
right_child=7 4 3 -5 5 -7 -8 8 -10 10 11 -13 -14 -15
leaf_value=0.0025402355320231548 -0.00043117014744797243 -0.0023835166376196485 0.0010430325280349861 0.0060820943994343481 0.0020316710011105267 -0.0025539769652830587 -0.0011038889591564308 -0.00025193852982919647 0.00060793770101446177 -0.00038304663825456894 -0.00026620978656293767 -0.0038736278215517721 0.000366685532028826 0.0040578170475702724
leaf_weight=404 22468 991 230 906 769 403 753 56848 37245 8174 2035 2781 27163 322
leaf_count=404 22468 991 230 906 769 403 753 56848 37245 8174 2035 2781 27163 322
internal_value=-2.78005e-06 0.000926955 0.00261422 0.00507529 -0.000861313 0.000442705 0.000182076 -2.92224e-05 8.83889e-05 -0.000205111 -0.0011173 -0.0023608 3.20869e-05 -0.000366489
internal_weight=161492 4456 2293 1136 2163 1172 1157 157036 94093 62943 12990 4816 49953 22790
internal_count=161492 4456 2293 1136 2163 1172 1157 157036 94093 62943 12990 4816 49953 22790
cat_boundaries=0 2 4 6 8
cat_threshold=470302752 21680 1140867072 23592 1690736699 11264 1706666696 99457
is_linear=0
shrinkage=0.05


Tree=36
num_leaves=15
num_cat=2
split_feature=34 22 27 40 24 40 21 39 34 34 27 34 39 27
split_gain=1.39892 4.23308 2.41671 1.53007 1.38276 2.03875 1.78595 1.70508 2.19015 1.74773 1.87385 3.7698 5.15771 4.72693
threshold=0.091740291565656676 1.0000000180025095e-35 2.5000000000000004 0 -32.227186203002923 1 0.46565088629722601 -0.64460492134094227 0.27314715087413793 0.13109838217496875 7.5000000000000009 0.26271055638790136 -0.24939589947462079 3.5000000000000004
decision_type=2 10 2 9 2 9 2 2 2 2 2 2 2 2
left_child=1 -1 3 -3 7 -6 -7 8 -2 -9 11 13 -13 -11
right_child=4 2 -4 -5 5 6 -8 9 -10 10 -12 12 -14 -15
leaf_value=-0.0056271102187748188 0.0055202468927684116 -0.00015602885542205302 1.744704356375226e-05 -0.0027217251234156721 6.8900555710610565e-05 -0.00035236755372504712 0.0018696584034457884 0.00023841867347836819 0.0006226140039254772 6.4467117209479499e-05 0.0001269923338607251 0.0018255250810891776 -0.00046799654688943102 -0.00099070661231025355
leaf_weight=386 301 964 9637 1502 8974 1184 3756 43763 917 18575 36914 4373 5561 24731
leaf_count=386 301 964 9637 1502 8974 1184 3756 43763 917 18575 36914 4373 5561 24731
internal_value=2.441e-06 -0.00050573 -0.000339725 -0.00173477 4.50703e-05 0.00051959 0.00133357 -3.76836e-06 0.00185466 -2.0777e-05 -0.000146659 -0.000336483 0.000541531 -0.000538046
internal_weight=161538 12489 12103 2466 149049 13914 4940 135135 1218 133917 90154 53240 9934 43306
internal_count=161538 12489 12103 2466 149049 13914 4940 135135 1218 133917 90154 53240 9934 43306
cat_boundaries=0 2 4
cat_threshold=2340667779 1614 202068274 13376
is_linear=0
shrinkage=0.05


Tree=37
num_leaves=15
num_cat=3
split_feature=3 40 40 15 3 14 27 39 27 37 13 40 27 39
split_gain=1.38614 2.26533 1.8223 2.14354 1.89277 1.71108 1.64861 1.56422 1.52901 1.35159 1.37127 1.31335 1.91918 1.21657
threshold=0.13076210021972659 0 1 0.040573289617896087 -0.41627058386802668 0.026741185225546363 2.5000000000000004 -0.46121628582477564 5.5000000000000009 0.25700967013835913 0.032510660588741309 2 8.5000000000000018 -0.35772176086902613
decision_type=2 9 9 2 2 2 2 2 2 2 2 9 2 2
left_child=2 8 3 5 -5 7 -3 -1 13 10 -10 12 -6 -2
right_child=1 6 -4 4 11 -7 -8 -9 9 -11 -12 -13 -14 -15
leaf_value=-0.0029897364098376233 0.002638757182680267 -0.00084159923187517678 -0.00027845376906684716 0.0014662750524710813 -0.0021545637482607502 0.00090627121171465031 0.00015452487325226123 9.7310648203783321e-05 0.00060025742845434046 -0.0024115703557457215 0.0018549439684540023 -0.00072293504559865502 -0.0075629041578774876 -0.00014092424795798708
leaf_weight=409 423 4926 60622 435 626 7042 26342 45619 4185 253 4586 807 223 4881
leaf_count=409 423 4926 60622 435 626 7042 26342 45619 4185 253 4586 807 223 4881
internal_value=2.6768e-06 0.000236203 -8.92504e-05 0.000118629 -0.00144941 0.000180658 -2.3546e-06 6.94491e-05 0.000756451 0.00115283 0.00125753 -0.00222042 -0.00357508 8.20931e-05
internal_weight=161379 45596 115783 55161 2091 53070 31268 46028 14328 9024 8771 1656 849 5304
internal_count=161379 45596 115783 55161 2091 53070 31268 46028 14328 9024 8771 1656 849 5304
cat_boundaries=0 2 4 5
cat_threshold=1351368800 17312 2876445119 6248 140574724
is_linear=0
shrinkage=0.05


Tree=38
num_leaves=15
num_cat=3
split_feature=36 40 4 27 27 40 34 40 14 27 37 15 7 34
split_gain=1.42026 1.51099 1.14253 2.01051 3.32091 1.87947 1.41084 1.10444 1.01105 0.813787 0.973434 1.02261 0.960718 0.762505
threshold=4.2406750111467779e-08 0 -0.61614274978637684 5.5000000000000009 2.5000000000000004 1 0.27928131818771368 2 0.031213711015880111 2.5000000000000004 0.065535090863704695 0.023054602555930618 0.074643332511186614 0.099091887474060072
decision_type=2 9 2 2 2 9 2 9 2 2 2 2 2 2
left_child=2 -2 3 4 6 -5 -1 -4 -7 10 13 -12 -11 -9
right_child=1 -3 7 5 -6 8 -8 9 -10 12 11 -13 -14 -15
leaf_value=0.0036204973607655818 6.7502044375313555e-05 -0.00037747569130358892 0.00031441441653851809 0.0032252739301238832 0.0064201469626219768 -0.0045866635650413786 -0.0013061261025428253 -0.0018030729030198474 -0.000428600877346271 -4.1030695167046749e-05 -0.00071552803751494818 -0.0035043756149434912 0.00080831732943477852 -3.4238245234734246e-05
leaf_weight=228 38240 38022 37692 262 397 202 380 687 513 34436 959 503 3680 5153
leaf_count=228 38240 38022 37692 262 397 202 380 687 513 34436 959 503 3680 5153
internal_value=2.3217e-06 -0.000154336 0.000142783 0.00132791 0.00289269 -0.00028315 0.000547663 0.000114381 -0.00161158 -5.15882e-05 -0.00053501 -0.00168711 4.09357e-05 -0.000244538
internal_weight=161354 76262 85092 1982 1005 977 608 83110 715 45418 7302 1462 38116 5840
internal_count=161354 76262 85092 1982 1005 977 608 83110 715 45418 7302 1462 38116 5840
cat_boundaries=0 2 4 6
cat_threshold=1891768822 27832 71303168 98560 2393362558 4708
is_linear=0
shrinkage=0.05


Tree=39
num_leaves=15
num_cat=4
split_feature=16 4 34 40 40 24 34 4 27 15 27 40 40 34
split_gain=1.33772 3.00059 1.78179 1.81155 1.71012 2.147 1.70069 1.37086 4.39721 4.77474 3.59159 3.01606 2.94108 2.62357
threshold=1.0911705493927004 -0.85373699665069569 0.45017996430397039 0 1 -34.905727386474602 0.20429158210754397 0.04043626785278321 5.5000000000000009 0.023054602555930618 5.5000000000000009 2 3 0.18398976325988772
decision_type=2 2 2 9 9 2 2 2 2 2 2 9 9 2
left_child=7 -2 4 -4 5 6 -3 10 9 -9 11 -1 -11 -13
right_child=1 2 3 -5 -6 -7 -8 8 -10 12 -12 13 -14 -15
leaf_value=0.0012571826940112882 0.0040921305314022714 -7.0203985996671807e-05 0.00033809467735075875 -0.0020361502882636452 -5.6785810016029111e-05 0.0013548145334260926 0.0010111703021574456 -7.1207680451695625e-05 0.00034111578107249462 -0.0003115915976241914 -0.00074750922284064745 -0.0007251404462149157 -0.0023650521858797143 0.00088551682976154185
leaf_weight=4932 490 11627 1469 1748 21865 6211 5280 20998 44741 2911 22411 7990 4412 3691
leaf_count=4932 490 11627 1469 1748 21865 6211 5280 20998 44741 2911 22411 7990 4412 3691
internal_value=-1.94319e-07 0.000218587 0.000178684 -0.000956859 0.000260102 0.000559761 0.000267409 -9.52826e-05 3.24523e-05 -0.000454966 -0.000334534 0.000222329 -0.00155388 -0.000215426
internal_weight=160776 48690 48200 3217 44983 23118 16907 112086 73062 28321 39024 16613 7323 11681
internal_count=160776 48690 48200 3217 44983 23118 16907 112086 73062 28321 39024 16613 7323 11681
cat_boundaries=0 2 4 6 8
cat_threshold=597465762 18981 2070245580 18872 406995358 75798 1322520691 8264
is_linear=0
shrinkage=0.05


Tree=40
num_leaves=15
num_cat=5
split_feature=24 40 40 35 40 35 15 40 27 4 24 21 4 40
split_gain=1.30612 1.84102 1.79967 1.18604 1.81944 1.40439 1.39128 1.56569 1.80579 1.69253 1.23317 1.19033 1.17353 1.14836
threshold=-36.707798004150384 0 1 1.2591809034347536 2 0.8627479374408723 0.022272358648478988 3 10.500000000000002 0.48633170127868658 -32.607986450195305 0.53910318017005932 0.54875183105468761 4
decision_type=2 9 9 2 9 2 2 9 2 2 2 2 2 9
left_child=2 3 -1 5 -5 13 -7 8 -8 -10 -9 12 -6 -2
right_child=1 -3 -4 4 11 6 7 10 9 -11 -12 -13 -14 -15
leaf_value=1.7798709367335784e-05 0.0011787665235563137 -6.4288771278445277e-05 -0.00058786491804818305 0.0024056076539946086 0.00016765480586938521 0.00035054680594819845 -0.0015724460743786748 -0.000153627249886804 -0.00072798343262654632 0.0043030227439407667 0.0024439845064425409 0.00080519690290066037 -0.0032758852735567654 0.00026453694333412284
leaf_weight=33364 5091 66836 19368 1576 742 8772 3982 3293 438 263 525 6197 364 10632
leaf_count=33364 5091 66836 19368 1576 742 8772 3982 3293 438 263 525 6197 364 10632
internal_value=-4.86756e-07 9.8531e-05 -0.000204704 0.000358431 0.000871521 0.000220208 -9.07646e-05 -0.000546671 -0.00115765 0.00116957 0.000204448 0.000534336 -0.000970804 0.000562074
internal_weight=161443 108711 52732 41875 8879 32996 17273 8501 4683 701 3818 7303 1106 15723
internal_count=161443 108711 52732 41875 8879 32996 17273 8501 4683 701 3818 7303 1106 15723
cat_boundaries=0 2 4 6 8 10
cat_threshold=1357189374 2514 716955686 48792 268435616 128 1075843236 384 10489972 18
is_linear=0
shrinkage=0.05


Tree=41
num_leaves=15
num_cat=4
split_feature=36 40 34 27 40 40 40 12 27 22 4 15 4 27
split_gain=1.33344 1.3203 0.927747 1.75289 2.46836 2.23591 1.16538 1.1026 1.02387 2.16829 1.64146 1.55739 1.83142 0.973073
threshold=-9.0316948586632848e-08 0 0.24742367118597033 2.5000000000000004 1 2 3 0.47619782388210302 9.5000000000000018 1.0000000180025095e-35 0.43506371974945074 0.029063124209642414 -0.52551174163818348 6.5000000000000009
decision_type=2 9 2 2 9 9 9 2 2 10 2 2 2 2
left_child=2 -2 6 5 -5 -4 -1 -6 9 -8 -10 -11 -13 -14
right_child=1 -3 3 4 7 -7 8 -9 10 11 -12 12 13 -15
leaf_value=0.00028963944559312973 5.2664695343093965e-05 -0.00035355769090441008 0.0011445367615452097 0.001542642387386866 0.00017004469010562556 -0.0025909756762008203 -0.0040739890372258553 -0.0032401117799690468 -1.1294188379971169e-05 -9.9202074623093556e-05 0.0016189595486498253 0.0026048298865780526 -0.0026161106618352 -0.00048786548462185049
leaf_weight=32613 41219 38811 693 5283 4925 913 366 244 7331 24195 1949 253 1464 861
leaf_count=32613 41219 38811 693 5283 4925 913 366 244 7331 24195 1949 253 1464 861
internal_value=4.34446e-07 -0.00014432 0.000143358 0.000547986 0.000784589 -0.000986402 7.25741e-05 5.11815e-06 -0.000121729 -0.000276881 0.000331243 -0.000224035 -0.00139122 -0.00183286
internal_weight=161120 80030 81090 12058 10452 1606 69032 5169 36419 27139 9280 26773 2578 2325
internal_count=161120 80030 81090 12058 10452 1606 69032 5169 36419 27139 9280 26773 2578 2325
cat_boundaries=0 2 4 6 8
cat_threshold=1883380095 27896 3211243660 26928 1712153088 21994 2662454130 12876
is_linear=0
shrinkage=0.05


Tree=42
num_leaves=15
num_cat=4
split_feature=24 40 40 35 24 27 13 40 34 27 40 8 36 39
split_gain=1.33755 1.62469 1.57923 0.965853 0.962166 1.47428 1.29133 2.32664 1.1372 1.0552 1.05429 0.964421 0.83017 0.926021
threshold=-36.775072097778313 0 1 1.7650783658027651 -28.710090637207028 5.5000000000000009 0.053995387628674514 2 0.45017996430397039 2.5000000000000004 3 40.844345092773445 -0.016589865088462826 -0.64460492134094227
decision_type=2 9 9 2 2 2 2 9 2 2 9 2 2 2
left_child=2 4 -1 -4 6 -6 10 8 -8 11 -2 -9 -3 -14
right_child=1 12 3 -5 5 -7 7 9 -10 -11 -12 -13 13 -15
leaf_value=1.4822780431664429e-05 0.0011425472967689389 0.00018229348571469745 -0.00066420349247548957 0.00063825741327320367 0.0042893343463208658 0.00044884212180135651 0.0014939755347182671 7.3661448376068789e-05 -0.00095074311607719689 -0.00067581013732530976 0.00032117425501285358 -0.0040061909870986413 0.0020873600289574301 -0.00020158332546332111
leaf_weight=30010 4499 24716 18104 1537 382 719 1914 202 626 3732 29773 485 441 44303
leaf_count=30010 4499 24716 18104 1537 382 719 1914 202 626 3732 29773 485 441 44303
internal_value=2.66423e-06 9.86068e-05 -0.000213243 -0.000561603 0.000342722 0.00179922 0.000303578 -0.00031681 0.000885331 -0.00100886 0.000429722 -0.00280749 -5.01521e-05 -0.000178681
internal_weight=161443 111792 49651 19641 42332 1101 41231 6959 2540 4419 34272 687 69460 44744
internal_count=161443 111792 49651 19641 42332 1101 41231 6959 2540 4419 34272 687 69460 44744
cat_boundaries=0 2 4 6 8
cat_threshold=1357320316 2546 2864439335 40472 1082458184 2178 268435524 272
is_linear=0
shrinkage=0.05


Tree=43
num_leaves=15
num_cat=5
split_feature=33 34 6 40 34 40 33 3 40 40 24 36 15 40
split_gain=1.17666 2.24431 1.61442 1.46197 1.03623 1.01359 0.949733 0.908972 1.51729 1.4831 1.4348 1.07917 0.916176 1.20487
threshold=0.0098509881645441073 0.42717051506042486 -0.17466272413730619 0 0.24742367118597033 1 0.014921793248504402 0.095450401306152358 2 3 -37.356454849243157 0.011742093600332739 0.045509820803999908 4
decision_type=2 2 2 9 2 9 2 2 9 9 2 2 2 9
left_child=2 4 3 -1 6 -3 -2 9 10 -4 -9 -10 -11 -14
right_child=1 5 7 -5 -6 -7 -8 8 11 12 -12 -13 13 -15
leaf_value=0.00011857783539899187 0.00050144139090555926 -9.8453583589563262e-06 -0.00051282834918886728 0.002598636625812173 0.00095253040672850162 -0.002546890231839368 -0.00017638818590539826 -0.00042667718125364646 0.00013191503336317984 -2.4684458956575059e-05 0.00054691738958248244 -0.00057301996798758584 0.0010237637626642029 -0.0032681274134073041
leaf_weight=1359 12831 682 24068 1057 6432 950 8633 4658 11154 57942 19987 10554 241 465
leaf_count=1359 12831 682 24068 1057 6432 950 8633 4658 11154 57942 19987 10554 241 465
internal_value=4.9485e-06 0.000290173 -5.90759e-05 0.00122002 0.000395839 -0.00150862 0.000228602 -8.31039e-05 9.407e-05 -0.00018245 0.000362505 -0.000210536 -4.66565e-05 -0.00183069
internal_weight=161013 29528 131485 2416 27896 1632 21464 129069 46353 82716 24645 21708 58648 706
internal_count=161013 29528 131485 2416 27896 1632 21464 129069 46353 82716 24645 21708 58648 706
cat_boundaries=0 2 4 6 8 10
cat_threshold=1292404768 52714 64248482 18977 2022031718 85936 1965834240 83328 8400896 34824
is_linear=0
shrinkage=0.05


Tree=44
num_leaves=15
num_cat=0
split_feature=36 4 27 27 34 35 27 11 34 34 35 34 27 4
split_gain=1.30315 1.17041 2.04349 3.78685 1.61541 1.26839 1.66692 1.32165 0.773397 1.0335 1.08214 1.18443 1.45193 2.95361
threshold=0.015320798847824337 -0.61614274978637684 5.5000000000000009 2.5000000000000004 0.27928131818771368 1.5180013775825503 10.500000000000002 0.40649843215942388 0.090829014778137221 0.11370170116424562 0.714168280363083 0.19559056311845782 6.5000000000000009 0.18482899665832522
decision_type=2 2 2 2 2 2 2 2 2 2 2 2 2 2
left_child=1 2 3 4 -1 6 -4 -8 -3 -10 -11 -12 -13 -14
right_child=-2 8 5 -5 -6 -7 7 -9 9 10 11 12 13 -15
leaf_value=0.0033164935163121343 -0.00020915351544089291 -0.00040826199469757429 -0.0045544406104998962 0.0059171484383993564 -0.0015336325161561613 0.0018209298750947265 0.0029920430348359117 -0.002271757724747176 0.00047738374494012332 0.00036212193211166094 -0.00022092996124645572 -0.00020763246979837291 -6.1590000691759379e-05 0.0015845451952633764
leaf_weight=269 53564 7889 281 503 454 439 227 240 15723 19269 41516 9654 6484 4688
leaf_count=269 53564 7889 281 503 454 439 227 240 15723 19269 41516 9654 6484 4688
internal_value=-7.61197e-06 9.26418e-05 0.00118039 0.0026082 0.000274426 -0.000294886 -0.00154714 0.000280876 6.75948e-05 0.000106234 3.46427e-05 -6.65171e-05 0.000241039 0.000629115
internal_weight=161200 107636 2413 1226 723 1187 748 467 105223 97334 81611 62342 20826 11172
internal_count=161200 107636 2413 1226 723 1187 748 467 105223 97334 81611 62342 20826 11172
is_linear=0
shrinkage=0.05


Tree=45
num_leaves=15
num_cat=3
split_feature=34 4 27 27 34 40 40 39 40 38 13 38 27 34
split_gain=1.24942 1.36409 3.27976 4.50405 2.12805 1.93722 1.6064 1.42452 1.31073 1.30564 1.19017 1.02006 2.18281 2.11678
threshold=0.076115202158689513 -0.56495821475982655 5.5000000000000009 2.5000000000000004 0.26858529448509222 0 1 -0.60543838143348683 2 1.5000000000000002 0.032629668712615974 1.0000000180025095e-35 1.5000000000000002 0.13945306837558749
decision_type=2 2 2 2 2 9 9 2 9 2 2 2 2 2
left_child=8 2 3 4 -2 7 -6 -4 -1 -5 -10 12 -3 -13
right_child=1 11 5 9 6 -7 -8 -9 10 -11 -12 13 -14 -15
leaf_value=0.00011030684234725731 0.0029186896829431473 -0.0008853236436199112 0.0031853603431034288 0.0010789723496111101 -0.0039965964820257074 -0.0017252984413111657 0.00056631069630911333 -0.00090641570862296016 -0.0014943513546846953 0.0053939670346457858 -0.0055460005594683481 -0.0011153206458342398 0.0002065559259067921 -6.320668439068905e-05
leaf_weight=1245 413 4913 466 227 338 1295 420 382 1201 865 212 5086 65851 78757
leaf_count=1245 413 4913 466 227 338 1295 420 382 1201 865 212 5086 65851 78757
internal_value=-2.38828e-06 1.55678e-05 0.000882569 0.00220839 4.72439e-05 -0.000517048 -0.0015196 0.00132621 -0.00107649 0.00451055 -0.00210831 -9.13549e-06 0.000130621 -0.000127151
internal_weight=161671 159013 4406 2263 1171 2143 758 848 2658 1092 1413 154607 70764 83843
internal_count=161671 159013 4406 2263 1171 2143 758 848 2658 1092 1413 154607 70764 83843
cat_boundaries=0 2 4 6
cat_threshold=1088458753 100364 476676101 65792 224358586 1805
is_linear=0
shrinkage=0.05


Tree=46
num_leaves=15
num_cat=5
split_feature=36 3 40 40 7 40 15 4 40 4 40 30 34 4
split_gain=1.03393 1.32493 1.47409 1.45928 1.38824 1.27332 1.09485 0.87266 1.42754 0.86114 1.12297 0.888293 0.826298 1.56552
threshold=0.012881188653409483 0.095450401306152358 0 1 -0.081399258226156221 2 0.045509820803999908 -0.26759433746337885 3 -0.36366200447082514 4 0.67533785104751598 0.18788670003414157 -0.060437440872192376
decision_type=2 2 9 9 2 9 2 2 9 2 9 2 2 2
left_child=1 3 -3 12 7 -2 -6 8 -5 10 -4 -11 13 -1
right_child=5 2 9 4 6 -7 -8 -9 -10 11 -12 -13 -14 -15
leaf_value=-0.0011425390558332015 6.728821513199853e-05 -0.00018783566246356994 -0.0010206030790881118 -0.00025551788854741292 0.00010061352986769359 -0.00040865251189180289 -0.0025927283193823195 0.00062296698320913908 0.0036513173377246931 0.00071326677943314796 0.0030299119495809522 -7.4466721441963371e-06 0.00010768984810843525 -0.00018579856847101574
leaf_weight=5921 28527 8519 219 362 38046 27652 376 3545 651 15872 700 5832 9540 15427
leaf_count=5921 28527 8519 219 362 38046 27652 376 3545 651 15872 700 5832 9540 15427
internal_value=6.12655e-06 9.87784e-05 0.000372288 -1.64801e-05 0.000171825 -0.000166963 7.37923e-05 0.000996489 0.00228924 0.000583251 0.0020807 0.000519419 -0.000278615 -0.000451596
internal_weight=161189 105010 31142 73868 42980 56179 38422 4558 1013 22623 919 21704 30888 21348
internal_count=161189 105010 31142 73868 42980 56179 38422 4558 1013 22623 919 21704 30888 21348
cat_boundaries=0 2 4 6 8 10
cat_threshold=2165442841 45129 1879859680 85394 1623333302 19626 136347648 4104 11010048 1152
is_linear=0
shrinkage=0.05


Tree=47
num_leaves=15
num_cat=3
split_feature=6 40 15 40 4 3 3 40 13 27 36 27 10 4
split_gain=1.16475 1.77081 1.27285 1.92733 1.79115 1.27106 1.26159 1.06427 1.21313 1.01028 0.952738 0.92285 0.895923 0.849235
threshold=-0.11999757587909697 0 0.045509820803999908 1 -0.98694729804992665 -0.4760292768478393 0.16867733001708987 2 0.080199185758829131 2.5000000000000004 -0.0053982406388968221 8.5000000000000018 0.016291638836264614 -0.76071071624755848
decision_type=2 9 2 9 2 2 2 9 2 2 2 2 2 2
left_child=1 5 4 9 -2 -1 11 8 12 -4 -9 -5 -6 -3
right_child=2 13 3 6 7 -7 -8 10 -10 -11 -12 -13 -14 -15
leaf_value=0.0052991210002432364 0.0035939631402587893 0.0019302945962042656 -0.0024049113980685322 -0.0022360482898489418 0.0001167573698432941 0.0012447753719040352 -0.0003011600226636499 5.1501418941638915e-05 -0.003620742484515663 0.0013898252612487404 -0.00028732587122477223 -0.005538433832805726 0.0015924537506584549 -0.00020024180370744791
leaf_weight=204 338 514 217 779 64153 2893 596 36562 210 824 47890 299 1041 4727
leaf_count=204 338 514 217 779 64153 2893 596 36562 210 824 47890 299 1041 4727
internal_value=-3.02408e-06 0.000572235 -3.44428e-05 -0.00110642 -1.49956e-05 0.00151667 -0.00214786 -2.32886e-05 0.000128069 0.000580753 -0.000140566 -0.00317797 0.000140518 9.3757e-06
internal_weight=161247 8338 152909 2715 150194 3097 1674 149856 65404 1041 84452 1078 65194 5241
internal_count=161247 8338 152909 2715 150194 3097 1674 149856 65404 1041 84452 1078 65194 5241
cat_boundaries=0 2 4 6
cat_threshold=850879197 77889 1149276160 50818 1480790398 19424
is_linear=0
shrinkage=0.05


Tree=48
num_leaves=15
num_cat=1
split_feature=16 4 38 27 27 39 10 27 4 27 39 38 27 41
split_gain=1.02137 2.27768 1.26454 2.87728 2.85162 5.43496 4.80571 3.50933 2.61031 2.50766 4.35022 2.33404 1.83089 1.76914
threshold=1.0938946604728701 -0.85373699665069569 1.0000000180025095e-35 10.500000000000002 3.5000000000000004 -0.41720367968082422 0.0055377432145178327 8.5000000000000018 0.31684470176696783 2.5000000000000004 -0.44803203642368311 1.5000000000000002 1.5000000000000002 0
decision_type=2 2 2 2 2 2 2 2 2 2 2 2 2 1
left_child=2 -2 12 4 9 6 7 13 -5 -4 -11 -7 -1 -6
right_child=1 -3 3 8 5 11 -8 -9 -10 10 -12 -13 -14 -15
leaf_value=-0.00089868492335034688 0.0036108126853642598 0.0001558067841003667 -0.00030852774449535302 1.3748601030785614e-06 -0.0046521764765084248 -0.00078458178998111613 0.00049052878957153831 -0.0074452630531227334 0.0017974345983437633 0.0058874310097104783 0.00061038588695507261 0.00019972886536727592 0.0001656115556170548 -0.00044482366372130416
leaf_weight=4375 477 47848 9994 6908 514 20816 686 619 2859 422 4650 8461 52070 500
leaf_count=4375 477 47848 9994 6908 514 20816 686 619 2859 422 4650 8461 52070 500
internal_value=-1.92281e-06 0.000190383 -8.43044e-05 -0.000251695 -0.000415101 -0.000685005 -0.0030129 -0.00448469 0.000528281 0.000150641 0.0010558 -0.000499962 8.2958e-05 -0.00264483
internal_weight=161199 48325 112874 56429 46662 31596 2319 1633 9767 15066 5072 29277 56445 1014
internal_count=161199 48325 112874 56429 46662 31596 2319 1633 9767 15066 5072 29277 56445 1014
cat_boundaries=0 1
cat_threshold=202
is_linear=0
shrinkage=0.05


Tree=49
num_leaves=15
num_cat=4
split_feature=34 34 27 40 34 4 27 34 40 40 10 24 22 40
split_gain=1.11602 1.75334 2.51412 2.39281 2.10541 2.09523 4.75945 2.41764 1.61918 1.40963 1.31976 1.22875 2.18698 3.11941
threshold=0.45017996430397039 0.23841034621000293 2.5000000000000004 0 0.27928131818771368 -0.56495821475982655 5.5000000000000009 0.3695881068706513 1 2 -0.012329626362770794 -32.227186203002923 0.3993500024080277 3
decision_type=2 2 2 9 2 2 2 2 9 9 2 2 10 9
left_child=1 11 3 -3 -5 6 -4 -8 -7 -2 -6 -1 -13 -14
right_child=9 2 5 4 10 8 7 -9 -10 -11 -12 12 13 -15
leaf_value=-9.3451570889037388e-05 -0.0026145458377396752 0.00080112211653771397 0.005081151722697002 0.00028247187204190333 8.1565306252306415e-05 -0.00017300821110021922 -0.0021122193143411406 0.0034942871342562806 0.00082243845833802193 -0.00033069161793284176 -0.0041197492077241511 -0.0010925885737760384 0.00036379039654365253 0.0028696042389178087
leaf_weight=124445 850 1206 804 618 229 6270 577 282 11663 3174 955 1828 7020 1499
leaf_count=124445 850 1206 804 618 229 6270 577 282 11663 3174 955 1828 7020 1499
internal_value=-2.57406e-06 1.84284e-05 0.000425917 -0.000918262 -0.00206378 0.000632686 0.00232866 -0.000256309 0.000474528 -0.000824313 -0.00330603 -4.98818e-05 0.000473448 0.000810517
internal_weight=161420 157396 22604 3008 1802 19596 1663 859 17933 4024 1184 134792 10347 8519
internal_count=161420 157396 22604 3008 1802 19596 1663 859 17933 4024 1184 134792 10347 8519
cat_boundaries=0 2 4 6 8
cat_threshold=1669751424 5679 1385696049 54788 740294660 9368 134943010 2144
is_linear=0
shrinkage=0.05


Tree=50
num_leaves=15
num_cat=5
split_feature=33 17 16 39 40 39 27 40 27 21 40 40 27 40
split_gain=1.13965 1.17646 0.893602 1.44083 1.52318 1.31794 5.00814 3.69267 2.04676 1.38718 1.2814 1.14667 1.11723 1.10705
threshold=0.0098509881645441073 0.054007085040211684 1.0885680913925173 -0.26986514031887049 0 -0.41720367968082422 4.5000000000000009 1 9.5000000000000018 0.90211212635040294 2 3 7.5000000000000009 4
decision_type=2 2 2 2 9 2 2 9 2 2 9 9 2 9
left_child=2 -2 5 4 -4 6 9 8 12 -1 -5 -9 -8 -7
right_child=1 -3 3 10 -6 13 7 11 -10 -11 -12 -13 -14 -15
leaf_value=0.00011220107494848708 0.00034209731675902171 -0.0013499279384590571 7.4054738525074692e-05 0.00030852470875600545 0.0015719640064590921 0.00012256317037554249 -0.0037850450334653411 0.0021842284613428223 -0.0013947134365726709 0.0032921682524128665 -0.0003241033103993371 -0.0012500630280025784 -0.0076612068309244441 -0.00024265875236183178
leaf_weight=838 28368 1060 3536 16262 3275 33119 388 279 402 580 15734 1400 406 55452
leaf_count=838 28368 1060 3536 16262 3275 33119 388 279 402 580 15734 1400 406 55452
internal_value=-4.82338e-07 0.000280762 -6.33856e-05 0.000138032 0.000798082 -0.000147613 -0.00100282 -0.0022016 -0.00430547 0.0014234 -2.42012e-06 -0.000662146 -0.00580886 -0.000106051
internal_weight=161099 29428 131671 38807 6811 92864 4293 2875 1196 1418 31996 1679 794 88571
internal_count=161099 29428 131671 38807 6811 92864 4293 2875 1196 1418 31996 1679 794 88571
cat_boundaries=0 2 4 6 8 10
cat_threshold=634956144 83776 1550336032 7328 1929322952 19368 8641 32832 2887946550 15888
is_linear=0
shrinkage=0.05


Tree=51
num_leaves=15
num_cat=3
split_feature=33 34 6 40 27 7 38 34 27 40 22 27 23 40
split_gain=1.00419 2.2031 1.33565 1.36765 1.18176 1.00636 0.891522 3.48659 1.96914 1.57862 1.43761 1.40894 2.7622 2.19806
threshold=0.0098509881645441073 0.42717051506042486 -0.17466272413730619 0 9.5000000000000018 -0.1216643527150154 1.0000000180025095e-35 0.095921114087104811 1.5000000000000002 1 1.0000000180025095e-35 9.5000000000000018 inf 2
decision_type=2 2 2 9 2 2 2 2 2 9 10 2 8 9
left_child=2 5 3 -1 -3 -2 8 10 9 -4 -8 -9 -13 -14
right_child=1 4 6 -5 -6 -7 7 11 -10 -11 -12 12 13 -15
leaf_value=-8.5816814717618805e-06 0.0019266090446029575 -0.00058034744236767552 -0.0019679692965325606 0.002396212941788942 -0.0034720638763873638 0.00031216835372881982 -0.0051293748729615606 -0.00030641922104956808 0.00013057648897580102 -0.00012430580370039124 -0.0011368354003737807 -2.5280186873635139e-05 0.0034708397143453223 0.00034493030700732263
leaf_weight=1262 998 1097 2047 1098 522 26898 483 46879 60067 2690 433 14717 1073 1195
leaf_count=1262 998 1097 2047 1098 522 26898 483 46879 60067 2690 433 14717 1073 1195
internal_value=2.48593e-06 0.000266136 -5.64608e-05 0.00112094 -0.0015236 0.00037044 -7.79848e-05 -0.000209165 5.30758e-05 -0.00092771 -0.00326392 -0.000165021 0.000224924 0.00184718
internal_weight=161459 29515 131944 2360 1619 27896 129584 64780 64804 4737 916 63864 16985 2268
internal_count=161459 29515 131944 2360 1619 27896 129584 64780 64804 4737 916 63864 16985 2268
cat_boundaries=0 2 4 6
cat_threshold=1279789088 52714 4094433392 25021 1087148068 100760
is_linear=0
shrinkage=0.05


Tree=52
num_leaves=15
num_cat=4
split_feature=36 3 40 6 40 34 40 40 27 24 3 4 27 39
split_gain=1.01693 1.1193 1.13519 1.06244 1.50323 1.28735 2.14521 1.29964 1.23323 1.20926 1.05477 1.17215 2.20049 1.09122
threshold=-0.033747527748346322 0.068666219711303725 0 -0.11999757587909697 1 0.38200022280216223 2 3 8.5000000000000018 -36.827981948852532 -0.32347464561462397 -0.36366200447082514 7.5000000000000009 -0.40798468887805933
decision_type=2 2 9 2 9 2 9 9 2 2 2 2 2 2
left_child=1 2 -1 4 8 7 -7 9 -2 -5 -11 12 -12 -13
right_child=3 -3 -4 5 -6 6 -8 -9 -10 10 11 13 -14 -15
leaf_value=0.0004819896719696699 0.00062725375781099921 0.00061333534007114085 -0.00017755197748027979 -0.00024284253689205653 0.0015789934915298098 -0.0029574310828856705 -7.3429101273321521e-05 -0.00021667454358152762 -0.0026021774728987924 -0.002958438148211145 0.0029451798969059285 -0.0027878343732230214 -0.001112445751263533 0.0002818619661999703
leaf_weight=9847 775 12382 19253 15262 2187 1025 1720 65536 470 242 1053 287 483 30995
leaf_count=9847 775 12382 19253 15262 2187 1025 1720 65536 470 242 1053 287 483 30995
internal_value=1.80837e-06 0.000215241 4.56042e-05 -7.19144e-05 0.000794346 -9.74871e-05 -0.00116659 -7.1618e-05 -0.000588711 0.00012503 0.000295057 0.000319648 0.00166653 0.000253098
internal_weight=161517 41482 29100 120035 3432 116603 2745 113858 1245 48322 33060 32818 1536 31282
internal_count=161517 41482 29100 120035 3432 116603 2745 113858 1245 48322 33060 32818 1536 31282
cat_boundaries=0 2 4 6 8
cat_threshold=2409807890 617 1430814980 4064 1009328196 25532 2084704374 26864
is_linear=0
shrinkage=0.05


Tree=53
num_leaves=15
num_cat=0
split_feature=24 34 5 33 16 15 27 39 27 27 27 34 27 27
split_gain=1.02535 0.905456 1.65954 1.34501 0.95605 1.23324 1.16257 1.06724 3.95676 3.22655 2.60045 1.81814 1.25744 1.10757
threshold=-37.337516784667962 0.45017996430397039 0.00027502237935550516 0.0098509881645441073 1.0964899659156802 0.038362696766853339 8.5000000000000018 -0.41720367968082422 4.5000000000000009 9.5000000000000018 8.5000000000000018 0.25146064162254339 2.5000000000000004 5.5000000000000009
decision_type=2 2 2 2 2 2 2 2 2 2 2 2 2 2
left_child=-1 3 -3 4 7 -6 -7 8 12 10 11 -10 -2 -9
right_child=1 2 -4 -5 5 6 -8 13 9 -11 -12 -13 -14 -15
leaf_value=-0.0002820537803717453 7.2031478286316682e-05 0.00034922340795444303 -0.0017041731244103978 0.00041600821382913001 0.00018971834538392387 0.00081688632179766042 0.0046883070273715591 -0.00028487108443234075 -0.0034139770245384931 0.00016046352262607101 -0.0069448195214819059 0.0010388932410691054 0.0031736812083756963 0.00011382661612091292
leaf_weight=26064 854 1941 1981 24609 28772 611 284 28788 869 1009 396 306 528 44074
leaf_count=26064 854 1941 1981 24609 28772 611 284 28788 869 1009 396 306 528 44074
internal_value=4.9981e-06 6.04546e-05 -0.000687522 8.28947e-05 5.85263e-06 0.000246955 0.00207014 -8.71984e-05 -0.000885918 -0.00204173 -0.00345533 -0.00225061 0.00126781 -4.36402e-05
internal_weight=161086 135022 3922 131100 106491 29667 895 76824 3962 2580 1571 1175 1382 72862
internal_count=161086 135022 3922 131100 106491 29667 895 76824 3962 2580 1571 1175 1382 72862
is_linear=0
shrinkage=0.05


Tree=54
num_leaves=15
num_cat=4
split_feature=24 40 40 17 35 35 21 15 35 40 35 24 40 4
split_gain=0.903714 1.40783 1.15484 1.26171 1.10735 1.44392 1.24869 0.962374 0.926935 0.885118 0.801795 0.794515 0.891068 1.60901
threshold=-36.707798004150384 0 1 0.044438185170292861 1.2647038698196413 0.8627479374408723 0.52028703689575206 0.025233042426407341 1.7855152487754824 2 1.5072675943374636 -36.572820663452141 3 -0.36366200447082514
decision_type=2 9 9 2 2 2 2 2 2 9 2 2 9 2
left_child=1 -1 3 4 5 -2 -6 9 -3 -7 -5 -9 -13 -14
right_child=2 8 -4 10 6 7 -8 11 -10 -11 -12 12 13 -15
leaf_value=4.4563317743732489e-05 0.00076307045847099774 -0.00055918787898620061 -2.3288272786882304e-05 -0.0010192828991171718 -0.0010222624188629332 0.0011750684470195757 0.0013966232598427593 -0.0036887969600333686 0.00085024946659425886 -1.6577449898288282e-05 0.0019272185237196029 0.00026976454118506505 -0.0054053490192506794 -0.00075883110623810844
leaf_weight=30647 9397 20734 78226 2294 600 1985 4452 202 1229 7027 251 1939 202 1953
leaf_count=30647 9397 20734 78226 2294 600 1985 4452 202 1229 7027 251 1939 202 1953
internal_value=-4.22322e-06 -0.000174311 7.81868e-05 0.00034017 0.000438114 0.000288711 0.00110763 -4.60273e-05 -0.000479697 0.000247133 -0.000723515 -0.000661744 -0.00050685 -0.00120263
internal_weight=161138 52610 108528 30302 27757 22705 5052 13308 21963 9012 2545 4296 4094 2155
internal_count=161138 52610 108528 30302 27757 22705 5052 13308 21963 9012 2545 4296 4094 2155
cat_boundaries=0 2 4 6 8
cat_threshold=2931540022 7704 1352732796 2514 268501060 256 1342246976 82
is_linear=0
shrinkage=0.05


Tree=55
num_leaves=15
num_cat=5
split_feature=36 3 40 40 13 24 40 27 40 17 7 9 15 40
split_gain=0.966051 1.20514 1.1335 1.10404 1.00458 0.868415 1.09252 0.993613 0.892582 0.881945 1.17956 0.872672 0.834405 0.763384
threshold=-0.038961397483944886 0.070204138755798354 0 1 0.063489887863397612 -31.935356140136715 2 5.5000000000000009 3 0.040162449702620513 0.037731258198618896 -0.055183848366141312 0.05384598299860955 4
decision_type=2 2 9 9 2 2 9 2 9 2 2 2 2 9
left_child=1 3 4 -1 -3 8 7 -7 11 13 -11 -2 -13 -8
right_child=5 2 -4 -5 -6 6 9 -9 -10 10 -12 12 -14 -15
leaf_value=0.00041598084315052383 0.0018583139192721654 0.0010127949958059976 0.00016161609161325957 -0.00023785984073706104 0.0038562563171764121 0.0053536158666330656 -6.3375781853181151e-05 0.00071528425670561884 -0.00023561779574720823 -0.0021360391064220107 0.00041739358479236309 3.3205763444204784e-05 -0.0030732602824366864 0.0010320056081643486
leaf_weight=11315 649 4967 5428 14989 329 205 2818 267 59881 792 1037 54702 212 3621
leaf_count=11315 649 4967 5428 14989 329 205 2818 267 59881 792 1037 54702 212 3621
internal_value=1.51415e-06 0.000225677 0.000672316 4.33013e-05 0.0011916 -6.52907e-05 0.000414997 0.00271831 -0.000101712 0.000277717 -0.000688386 4.25533e-05 2.08432e-05 0.000553667
internal_weight=161212 37028 10724 26304 5296 124184 8740 472 115444 8268 1829 55563 54914 6439
internal_count=161212 37028 10724 26304 5296 124184 8740 472 115444 8268 1829 55563 54914 6439
cat_boundaries=0 2 4 6 8 10
cat_threshold=42851208 55174 2410070036 4733 1090789440 2 2027100531 67800 136970626 2112
is_linear=0
shrinkage=0.05


Tree=56
num_leaves=15
num_cat=3
split_feature=24 27 6 24 34 40 34 27 40 27 23 16 30 40
split_gain=0.897328 1.37445 0.875877 1.71842 1.32202 2.29861 1.38784 4.12383 3.07262 2.60627 2.5996 2.46037 1.56922 1.43021
threshold=-28.710090637207028 5.5000000000000009 -0.11999757587909697 -30.018400192260739 0.38200022280216223 0 0.26271055638790136 2.5000000000000004 1 8.5000000000000018 inf 0.92651358246803295 0.29340028762817388 2
decision_type=2 2 2 2 2 9 2 2 9 2 8 2 2 9
left_child=2 -2 3 -1 6 -6 -4 8 -8 10 13 12 -11 -9
right_child=1 -3 4 -5 5 -7 7 9 -10 11 -12 -13 -14 -15
leaf_value=0.00062571023976911735 0.0035936468931322451 0.00012835196505583778 -6.7525575872308567e-05 -0.0034077690172029636 -0.0032197127277863837 -0.00023211104546697438 0.00040942362116052987 0.0026031558494736726 -0.0035551477665338657 0.0012207690470942389 -0.0017264663741681412 0.00049371787444715961 -0.0037424726312975144 0.001085642274270607
leaf_weight=7856 431 843 135870 268 866 2434 944 2611 995 205 602 2737 659 4021
leaf_count=7856 431 843 135870 268 866 2434 944 2611 995 205 602 2737 659 4021
internal_value=-5.01613e-06 0.00131405 -1.55867e-05 0.000490022 -4.26683e-05 -0.00103177 -2.06419e-05 0.000477474 -0.00164252 0.000857907 0.00140483 -0.000239841 -0.00255885 0.00169091
internal_weight=161342 1274 160068 8124 151944 3300 148644 12774 1939 10835 7234 3601 864 6632
internal_count=161342 1274 160068 8124 151944 3300 148644 12774 1939 10835 7234 3601 864 6632
cat_boundaries=0 2 4 6
cat_threshold=740831268 24884 1669751744 5679 1013485576 125330
is_linear=0
shrinkage=0.05


Tree=57
num_leaves=15
num_cat=5
split_feature=36 40 4 27 27 34 40 3 27 40 40 24 40 4
split_gain=0.966736 1.11702 0.952468 1.53958 2.53342 1.40183 1.36705 0.873444 1.41261 1.91563 1.70235 1.18554 1.11469 1.42273
threshold=0.015320798847824337 0 -0.61614274978637684 5.5000000000000009 2.5000000000000004 0.26858529448509222 1 0.095450401306152358 4.5000000000000009 2 3 -34.981632232666009 4 -0.10696768760681151
decision_type=2 9 2 2 2 2 9 2 2 9 9 2 9 2
left_child=2 -2 3 4 5 -1 -5 12 10 11 -9 -10 13 -4
right_child=1 -3 7 6 -6 -7 -8 8 9 -11 -12 -13 -14 -15
leaf_value=0.0036799847682736052 3.8553925011794262e-05 -0.00041875653901678737 -0.0016075148013179122 -0.0020849467924702312 0.0049799834903891758 -0.0010372614316562726 0.0013116710041273529 -0.0011049625468737623 0.00068033091451440294 9.9474912446351884e-06 0.00030921677181893495 0.0019388526130433232 3.3340722990423358e-05 -0.00014051426044380387
leaf_weight=221 28437 25130 2414 529 509 513 635 3523 9538 10904 5322 2336 65775 5249
leaf_count=221 28437 25130 2414 529 509 513 635 3523 9538 10904 5322 2336 65775 5249
internal_value=-2.43907e-06 -0.000175982 8.40203e-05 0.00106653 0.00228693 0.000391577 -0.000236634 6.14133e-05 0.000281105 0.000489394 -0.000254697 0.000928274 -3.31326e-05 -0.000603261
internal_weight=161035 53567 107468 2407 1243 734 1164 105061 31623 22778 8845 11874 73438 7663
internal_count=161035 53567 107468 2407 1243 734 1164 105061 31623 22778 8845 11874 73438 7663
cat_boundaries=0 2 4 6 8 10
cat_threshold=1623333302 19896 269008928 17568 1592615500 51088 2162371080 116633 0 83328
is_linear=0
shrinkage=0.05


Tree=58
num_leaves=15
num_cat=2
split_feature=24 34 5 7 24 41 3 27 4 27 34 34 41 7
split_gain=0.924549 0.981696 1.2648 1.23928 1.57201 1.59892 1.03263 1.67245 2.67709 2.81304 6.98223 2.31163 2.07395 1.82128
threshold=-37.374353408813469 0.45017996430397039 -0.012539395131170748 -0.1216643527150154 -30.388580322265621 0 0.13847208023071292 5.5000000000000009 0.33566188812255865 4.5000000000000009 0.2012201398611069 0.31123723089694982 1 0.098857473582029357
decision_type=2 2 2 2 2 1 2 2 2 2 2 2 1 2
left_child=-1 3 -3 4 5 -2 -5 8 11 -10 -11 -8 -9 -13
right_child=1 2 -4 6 -6 -7 7 12 9 10 -12 13 -14 -15
leaf_value=-0.00028597072111885249 -0.00012915834502258706 0.00033944732107088011 -0.0014777661269690632 -4.48660647602694e-05 -0.0030285753277829964 0.0022049027385487915 0.00018183034551929158 0.0011444543392352953 -0.00046985532019805831 -0.00019072607617748208 -0.0089194570767474439 -0.0007066587437172785 0.00016647516734515555 0.0047653006948239641
leaf_weight=24831 1187 1617 2324 92493 218 1905 6427 8523 5307 631 356 212 14929 510
leaf_count=24831 1187 1617 2324 92493 218 1905 6427 8523 5307 631 356 212 14929 510
internal_value=-5.31571e-06 4.56589e-05 -0.000731407 6.88014e-05 0.00102347 0.0013152 4.43019e-05 0.000267951 -0.000176367 -0.000928258 -0.00337321 0.000485088 0.000522836 0.00315789
internal_weight=161470 136639 3941 132698 3310 3092 129388 36895 13443 6294 987 7149 23452 722
internal_count=161470 136639 3941 132698 3310 3092 129388 36895 13443 6294 987 7149 23452 722
cat_boundaries=0 1 2
cat_threshold=1545 4741
is_linear=0
shrinkage=0.05


Tree=59
num_leaves=15
num_cat=3
split_feature=34 27 40 24 40 27 15 24 6 36 40 27 12 35
split_gain=0.953856 1.15054 0.987317 0.908874 1.63759 1.60979 1.29428 1.27342 1.11512 0.942319 1.21444 0.93211 0.880794 0.82832
threshold=0.076115202158689513 8.5000000000000018 0 -32.326637268066399 1 5.5000000000000009 0.019862188957631591 -31.528574943542477 -0.0023732564877718683 0.03510828688740731 2 9.5000000000000018 0.22198345512151721 1.8799517154693606
decision_type=2 2 9 2 9 2 2 2 2 2 9 2 2 2
left_child=1 2 -1 9 8 6 -6 12 -5 13 -11 -9 -7 -2
right_child=3 -3 -4 4 5 7 -8 11 -10 10 -12 -13 -14 -15
leaf_value=-0.0021530223227767928 2.8335608904040706e-05 -0.0033570995406817131 0.00017738372830987739 -0.000485638000024931 0.0063275044611649199 0.0032314094630118573 0.0020405175877852943 -0.0016970949711268878 0.00051211970146080525 2.8587931124877569e-05 -0.00060365807342490372 0.0010696173538403925 -8.9971448909682874e-05 0.00092629624882177857
leaf_weight=618 110379 410 1599 4657 214 537 998 697 7001 16406 14109 531 311 2625
leaf_count=618 110379 410 1599 4657 214 537 998 697 7001 16406 14109 531 311 2625
internal_value=5.64099e-06 -0.000938359 -0.000482253 2.13511e-05 0.00039236 0.00137521 0.00282446 0.000528567 0.000112984 -1.72631e-05 -0.000263815 -0.000497199 0.00201406 4.92789e-05
internal_weight=161092 2627 2217 158465 14946 3288 1212 2076 11658 143519 30515 1228 848 113004
internal_count=161092 2627 2217 158465 14946 3288 1212 2076 11658 143519 30515 1228 848 113004
cat_boundaries=0 2 4 6
cat_threshold=3793750021 78048 134959410 7264 1624398776 19864
is_linear=0
shrinkage=0.05


Tree=60
num_leaves=15
num_cat=5
split_feature=24 40 40 36 7 39 27 39 40 40 3 40 34 27
split_gain=0.873171 1.66568 1.03331 1.1654 1.49398 0.917367 1.46606 1.48382 1.10025 1.02966 0.981628 1.49288 0.904655 1.36721
threshold=-37.337516784667962 0 1 0.084650147706270232 -0.095211073756217943 -0.1223401017487049 4.5000000000000009 -0.40798468887805933 2 3 0.13643312454223636 4 0.27928131818771368 2.5000000000000004
decision_type=2 9 9 2 2 2 2 2 9 9 2 9 2 2
left_child=1 -1 5 4 -4 6 7 12 -8 -7 -10 -12 -2 -14
right_child=2 -3 3 -5 -6 9 8 -9 10 -11 11 -13 13 -15
leaf_value=6.7198167227725634e-05 0.0034581673160892779 -0.00074891066417411467 0.00088125838176008112 -0.00079667768294331819 -4.5441187755796581e-05 0.0010739222594438346 0.00028504193463621715 0.00028020478963168544 -0.00083309858891136954 0.00028868489889683315 0.0032843945133611608 -0.00043980679692922389 -0.0017354460632682826 0.0033186984294819224
leaf_weight=15761 654 10338 4592 4789 80656 5422 5442 5881 7589 18278 367 899 277 249
leaf_count=15761 654 10338 4592 4789 80656 5422 5442 5881 7589 18278 367 899 277 249
internal_value=8.47626e-06 -0.000256219 5.96574e-05 -3.81275e-05 4.46686e-06 0.000255101 1.72424e-05 0.000606676 -0.000273628 0.000469303 -0.000617125 0.00066692 0.00222151 0.00065641
internal_weight=161194 26099 135095 90037 85248 45058 21358 7061 14297 23700 8855 1266 1180 526
internal_count=161194 26099 135095 90037 85248 45058 21358 7061 14297 23700 8855 1266 1180 526
cat_boundaries=0 2 4 6 8 10
cat_threshold=700383934 68104 1388318834 19416 310378498 2264 276824096 16656 1073741824 16896
is_linear=0
shrinkage=0.05


Tree=61
num_leaves=15
num_cat=5
split_feature=24 40 3 40 4 34 40 15 38 34 40 15 39 40
split_gain=0.829637 1.09455 0.949131 1.59533 0.886222 3.01914 1.22612 1.18632 0.933958 1.99397 1.31555 1.34403 1.90566 2.21824
threshold=-28.710090637207028 0 0.69501602649688732 1 -0.61614274978637684 0.11506115645170213 2 0.048734020441770561 1.0000000180025095e-35 0.13665238767862323 3 0.029063124209642414 -0.41720367968082422 4
decision_type=2 9 2 9 2 2 9 2 2 2 9 2 2 9
left_child=2 -2 4 -4 5 -1 -7 -8 -6 -10 -11 -12 13 -13
right_child=1 -3 3 -5 8 6 7 -9 9 10 11 12 -14 -15
leaf_value=-0.0050662998804014356 0.0036446355245456268 0.00035412752886082111 0.0015451538031092948 -0.0037092074056210762 0.00010709458387473017 0.0022424669810688692 0.0010158471495602327 -0.0018609522004553276 -0.0011799273469001632 0.00012530978662414052 -0.00012866207556373036 -0.0045328204728533874 -0.00052234125825486135 -0.00035259264095937118
leaf_weight=203 336 951 210 410 72895 1424 1440 471 4348 39075 30905 678 7424 609
leaf_count=203 336 951 210 410 72895 1424 1440 471 4348 39075 30905 678 7424 609
internal_value=-3.10776e-06 0.00125879 -1.33225e-05 -0.00195801 -5.66943e-06 0.000776236 0.00114042 0.000299629 -2.34665e-05 -0.000138138 -8.04402e-05 -0.000283457 -0.000832003 -0.00260547
internal_weight=161379 1287 160092 620 159472 3538 3335 1911 155934 83039 78691 39616 8711 1287
internal_count=161379 1287 160092 620 159472 3538 3335 1911 155934 83039 78691 39616 8711 1287
cat_boundaries=0 2 4 6 8 10
cat_threshold=4096 32 71303200 1026 1153470465 104460 3146123498 60102 73957376 1280
is_linear=0
shrinkage=0.05


Tree=62
num_leaves=15
num_cat=3
split_feature=34 40 4 24 35 34 22 40 34 34 35 35 40 4
split_gain=0.909444 1.18125 0.856506 0.854364 0.771867 0.759085 2.89065 1.41255 1.31065 2.12552 2.12259 1.42752 1.27953 1.24175
threshold=0.076115202158689513 0 -0.13176846504211423 -28.710090637207028 2.2799628973007207 0.13109838217496875 1.0000000180025095e-35 1 0.20914632081985476 0.20800501853227618 1.5958977937698366 0.73301404714584362 2 0.59969472885131847
decision_type=2 9 2 2 2 2 10 9 2 2 2 2 9 2
left_child=1 2 -1 4 5 6 -2 -8 9 11 12 13 -10 -7
right_child=3 -3 -4 -5 -6 8 7 -9 10 -11 -12 -13 -14 -15
leaf_value=-0.0049719931944841563 -0.0038211976741971917 0.00010590986951112757 -0.0014320848700749603 0.0013074953068448799 0.0017799424188622009 0.0001105938449626077 0.00050867400245329113 -1.0826990303367036e-05 0.00037679297856007112 -0.0030737666325915021 0.0017952558038629289 -0.00032587033465338548 -0.0002259070286763739 0.0020684474051381237
leaf_weight=204 448 1360 1039 1284 612 16250 21233 34019 17571 637 1885 46290 17617 848
leaf_count=204 448 1360 1039 1284 612 16250 21233 34019 17571 637 1885 46290 17617 848
internal_value=1.01826e-05 -0.000915881 -0.00201848 2.54323e-05 1.49015e-05 7.92397e-06 0.000156159 0.000188842 -7.37002e-05 -0.000210721 0.000162795 -0.00018163 7.49606e-05 0.000208565
internal_weight=161297 2603 1243 158694 157410 156798 55700 55252 101098 64025 37073 63388 35188 17098
internal_count=161297 2603 1243 158694 157410 156798 55700 55252 101098 64025 37073 63388 35188 17098
cat_boundaries=0 2 4 6
cat_threshold=3802172229 112874 2086735925 6712 3813089485 2303
is_linear=0
shrinkage=0.05


Tree=63
num_leaves=15
num_cat=2
split_feature=36 15 4 35 11 41 24 2 41 15 34 22 7 35
split_gain=0.822236 0.780553 1.30741 1.1493 1.12371 1.33607 0.847049 0.937901 0.801789 1.71316 0.776784 1.84278 0.884826 1.11424
threshold=-0.033747527748346322 0.043312784284353263 -0.98694729804992665 1.8799517154693606 0.54383048415184032 0 -31.935356140136715 -0.0008995532989501952 1 0.022654065862298015 0.13109838217496875 1.0000000180025095e-35 -0.034186111763119691 0.73301404714584362
decision_type=2 2 2 2 2 1 2 2 1 2 2 10 2 2
left_child=-1 2 -2 4 5 -3 10 -8 9 -9 11 -4 -12 -14
right_child=1 3 6 -5 -6 -7 7 8 -10 -11 12 -13 13 -15
leaf_value=0.00018233164992168013 0.0034807912909855772 -0.0018783450879575573 -0.0041444701122935884 0.0017164664632725029 -0.0019520107025417122 0.0014670503415148905 -0.00039560045609774287 0.0037271581857708045 0.00030593635187623689 0.00063254450136788608 0.00015013464016890726 9.3731213479914763e-05 7.7264817716891037e-05 -0.00044227108225467003
leaf_weight=41688 256 508 253 387 1786 680 2335 635 3320 1512 13775 42437 14178 37760
leaf_count=41688 256 508 253 387 1786 680 2335 635 3320 1512 13775 42437 14178 37760
internal_value=-8.88329e-06 -7.54566e-05 -5.37133e-05 -0.000826195 -0.00116107 2.70122e-05 -6.16922e-05 0.000441212 0.00079957 0.00154947 -9.79522e-05 6.80142e-05 -0.000205844 -0.000300358
internal_weight=161510 119822 116461 3361 2974 1188 116205 7802 5467 2147 108403 42690 65713 51938
internal_count=161510 119822 116461 3361 2974 1188 116205 7802 5467 2147 108403 42690 65713 51938
cat_boundaries=0 1 2
cat_threshold=88 531
is_linear=0
shrinkage=0.05


Tree=64
num_leaves=15
num_cat=3
split_feature=24 40 40 4 17 4 27 40 9 17 15 31 16 36
split_gain=0.827873 1.49102 1.02396 1.00308 0.93616 1.13655 1.21996 1.06316 0.818151 1.00704 0.801756 0.801156 0.770722 0.728508
threshold=-37.374353408813469 0 1 -0.34713268280029291 0.040776165202260024 -0.38007712364196772 5.5000000000000009 2 0.061770215630531318 0.056674227118492133 0.037654718384146697 0.88165265321731578 0.93549704551696788 -0.043730670586228364
decision_type=2 9 9 2 2 2 2 9 2 2 2 2 2 2
left_child=1 -1 4 -3 5 6 -2 8 9 -6 -9 -12 -8 -4
right_child=2 3 13 -5 7 -7 12 10 -10 -11 11 -13 -14 -15
leaf_value=-0.00099987232678057196 0.0028222880845474967 0.0020840352711688952 0.00023239239168974693 -0.0001211785905146878 0.00032778114445595352 0.00024602534342478273 -0.0011597752489193437 -0.0026495389251452515 0.0021562426716319172 -0.0019913124190427882 -0.0020039072218002961 0.001069484915348436 0.0014454903921312179 -0.00012660937913447132
leaf_weight=5394 902 525 17700 18903 1969 42215 478 768 416 608 403 435 681 69904
leaf_count=5394 902 525 17700 18903 1969 42215 478 768 416 608 403 435 681 69904
internal_value=-2.5875e-08 -0.000265639 4.82536e-05 -6.0778e-05 0.000231591 0.000302239 0.00144785 -0.000446562 0.000111085 -0.00022023 -0.00147755 -0.000405719 0.000366353 -5.40023e-05
internal_weight=161301 24822 136479 19428 48875 44276 2061 4599 2993 2577 1606 838 1159 87604
internal_count=161301 24822 136479 19428 48875 44276 2061 4599 2993 2577 1606 838 1159 87604
cat_boundaries=0 2 4 6
cat_threshold=1413527616 62663 1992298614 3024 1178603590 2112
is_linear=0
shrinkage=0.05


Tree=65
num_leaves=15
num_cat=0
split_feature=3 24 6 34 17 3 5 15 6 34 34 23 36 6
split_gain=0.915867 0.893221 0.875034 0.773015 1.22695 1.00016 0.913024 0.750152 0.845329 0.80318 1.54939 1.39893 0.832613 0.727302
threshold=0.69501602649688732 -34.956382751464837 -0.0023732564877718683 0.18788670003414157 0.05987470597028733 -0.3472070693969726 0.0013920746278017761 0.020215097814798359 -0.13422969728708264 0.38200022280216223 0.25146064162254339 -0.28676666319370264 -0.048084726557135575 -0.066003881394863115
decision_type=2 2 2 2 2 2 2 2 2 2 2 10 2 2
left_child=1 7 3 5 13 -3 -6 -1 -9 10 -10 -12 -13 -5
right_child=-2 2 -4 4 6 -7 -8 8 9 -11 11 12 -14 -15
leaf_value=3.1343644920436602e-05 -0.0018772538098522553 -0.0037469746746911282 0.00037352833504256778 0.00085517956885163427 -0.00027439236962486125 -0.00032871437326079914 -0.0034204835426579747 0.00058639910106484132 -0.00040506757407384136 -0.0015874413593712543 -0.0036124597928079735 0.0016374037190449991 0.00026003651971963137 -2.1355216068567482e-05
leaf_weight=71492 642 215 27402 4531 628 8452 364 2918 31451 1162 204 1373 5467 4925
leaf_count=71492 642 215 27402 4531 628 8452 364 2918 31451 1162 204 1373 5467 4925
internal_value=1.32295e-07 7.72726e-06 0.000192403 -6.7014e-05 0.000222229 -0.000416198 -0.00144518 -6.75457e-05 -0.000233702 -0.000294239 -0.000254871 0.000414847 0.000538241 0.000398353
internal_weight=161226 160584 46517 19115 10448 8667 992 114067 42575 39657 38495 7044 6840 9456
internal_count=161226 160584 46517 19115 10448 8667 992 114067 42575 39657 38495 7044 6840 9456
is_linear=0
shrinkage=0.05


Tree=66
num_leaves=15
num_cat=5
split_feature=34 23 27 40 40 34 4 27 27 40 34 40 40 35
split_gain=0.700007 1.87922 1.58178 1.29908 1.09066 0.936826 1.28298 1.40096 2.58834 2.24751 1.68813 1.47013 1.23248 1.21743
threshold=0.090829014778137221 inf 2.5000000000000004 0 1 0.11370170116424562 -0.56495821475982655 5.5000000000000009 2.5000000000000004 2 0.26858529448509222 3 4 0.91449564695358287
decision_type=2 8 2 9 9 2 2 2 2 9 2 9 9 2
left_child=1 2 3 -1 -4 12 7 8 10 -9 -7 -12 -2 -8
right_child=5 -3 4 -5 -6 6 13 9 -10 -11 11 -13 -14 -15
leaf_value=-3.745950779307689e-06 0.00075164042595116478 -0.0042797493915625959 0.00062651228824555912 -0.0023821721558951719 -0.00046343685432360775 0.002630096804019016 0.00012891616681977723 0.0019372789956894451 0.0034811964956622458 -0.0014342493455094536 -0.0038474801486149939 0.00059887831257039031 1.6517472557798493e-05 -0.00018804138712220781
leaf_weight=990 9978 293 4253 1386 4949 404 55893 802 1064 1236 317 416 13323 66121
leaf_count=990 9978 293 4253 1386 4949 404 55893 802 1064 1236 317 416 13323 66121
internal_value=1.13142e-05 -0.000358126 -0.000256646 -0.00140537 4.00189e-05 4.06833e-05 -1.30439e-05 0.000841511 0.00171481 -0.000101071 4.9442e-05 -0.00137432 0.000331951 -4.2807e-05
internal_weight=161425 11871 11578 2376 9202 149554 126253 4239 2201 2038 1137 733 23301 122014
internal_count=161425 11871 11578 2376 9202 149554 126253 4239 2201 2038 1137 733 23301 122014
cat_boundaries=0 2 4 6 8 10
cat_threshold=2342699395 34382 1029353654 43280 1088475152 98316 476610565 65808 2103509045 14776
is_linear=0
shrinkage=0.05


Tree=67
num_leaves=15
num_cat=5
split_feature=24 40 40 36 17 7 12 14 7 40 40 7 40 14
split_gain=0.759864 1.38844 0.995319 1.0316 0.859239 1.086 0.824814 0.793936 0.852955 0.863856 0.727975 0.696305 0.901868 0.610437
threshold=-37.300804138183587 0 1 0.032761078327894218 0.047567950561642654 0.15095543116331103 0.19033422321081164 0.015962914563715461 -0.038574317470192902 2 3 -0.073074832558631883 4 0.029509160667657856
decision_type=2 9 9 2 2 2 2 2 2 9 9 2 9 2
left_child=1 -1 4 11 6 -6 7 -2 -9 -10 -5 12 -4 -12
right_child=2 -3 3 10 5 -7 -8 8 9 -11 13 -13 -14 -15
leaf_value=-0.000828201096809713 0.00057633891583497982 -2.633810400228423e-05 0.0013938163111815055 -1.333068370511062e-05 -0.0013368597355993476 0.0012844136584004334 0.0007338860748609434 0.00073564496100307012 0.00030031250418611848 -0.00047085340363644656 -0.00042421608650648925 -4.1496042506796347e-06 0.00016545449595785195 -0.0013159594547573553
leaf_weight=7406 8611 19875 2049 9375 1639 514 9000 3196 6028 9075 9789 66592 5498 2397
leaf_count=7406 8611 19875 2049 9375 1639 514 9000 3196 6028 9075 9789 66592 5498 2397
internal_value=-4.13208e-06 -0.000244629 4.48873e-05 -4.10933e-05 0.000261115 -0.000707223 0.000319474 0.000180578 -5.48893e-06 -0.000162845 -0.000345492 4.73759e-05 0.000502382 -0.000600009
internal_weight=161044 27281 133763 95700 38063 2153 35910 26910 18299 15103 21561 74139 7547 12186
internal_count=161044 27281 133763 95700 38063 2153 35910 26910 18299 15103 21561 74139 7547 12186
cat_boundaries=0 2 4 6 8 10
cat_threshold=1413525569 62919 1388351584 3024 310378528 448 280968 21539 2819039259 32781
is_linear=0
shrinkage=0.05


Tree=68
num_leaves=15
num_cat=4
split_feature=16 4 7 3 40 40 34 40 35 40 38 34 27 4
split_gain=0.697227 1.61859 1.1644 1.13873 1.38668 1.28219 0.954618 1.00703 0.932314 1.57292 1.46928 2.68169 2.08579 2.26048
threshold=1.0938946604728701 -0.85373699665069569 -0.23975685983896253 -0.18302893638610837 0 1 0.38200022280216223 2 0.74102753400802623 3 1.0000000180025095e-35 0.095921114087104811 9.5000000000000018 0.36883544921875006
decision_type=2 2 2 2 9 9 2 9 2 9 2 2 2 2
left_child=8 -2 -3 4 -4 -5 -7 -8 9 -1 -10 -12 -13 -14
right_child=1 2 3 5 -6 6 7 -9 10 -11 11 12 13 -15
leaf_value=0.0010100219478953044 0.0030373650670301208 -0.0025220921489603372 -0.00018457773670797572 0.00034353331360377682 0.0015455236919674675 -0.00012238813352475611 -0.0037504013975217091 -0.00057030724948075521 5.7055950636379594e-05 1.7906947907311886e-05 -0.0038991282462699224 -0.00053455619888161901 -0.00016362215232192622 0.0014695482473713025
leaf_weight=4721 480 404 1878 21642 2992 19779 356 817 41798 25624 525 29547 7782 2904
leaf_count=4721 480 404 1878 21642 2992 19779 356 817 41798 25624 525 29547 7782 2904
internal_value=4.01223e-06 0.000162911 0.000133669 0.000156643 0.000880612 7.36562e-05 -0.000204952 -0.0015882 -6.39936e-05 0.000172902 -0.000151135 -0.000364741 -0.000318018 0.000280216
internal_weight=161249 48348 47868 47464 4870 42594 20952 1173 112901 30345 82556 40758 40233 10686
internal_count=161249 48348 47868 47464 4870 42594 20952 1173 112901 30345 82556 40758 40233 10686
cat_boundaries=0 2 4 6 8
cat_threshold=298322098 22344 1943894248 16808 136314884 8209 151015536 7176
is_linear=0
shrinkage=0.05


Tree=69
num_leaves=15
num_cat=5
split_feature=3 40 40 3 40 39 27 15 24 4 40 15 4 40
split_gain=0.747369 1.39572 0.811369 0.808915 3.04713 1.438 1.23873 1.38378 0.934433 1.43513 0.897121 1.0028 1.7287 2.50939
threshold=0.69501602649688732 0 1 0.27413702011108404 2 -0.40798468887805933 1.5000000000000002 0.029729100875556472 -35.19160079956054 0.72972536087036144 3 0.045509820803999908 -0.30758619308471674 4
decision_type=2 9 9 2 9 2 2 2 2 2 9 2 2 9
left_child=3 -2 -3 10 8 -6 7 -7 9 -5 -1 12 13 -12
right_child=1 2 -4 4 5 6 -8 -9 -10 -11 11 -13 -14 -15
leaf_value=-0.00033078196926396612 0.0016568473716425253 -0.00089397452814042936 -0.0054006366567058567 0.0015594444968343333 0.0038369366879677739 -0.00055714578605698848 -7.0837861049749431e-05 -0.005389456775644598 0.0025185798538729137 -0.0011318709909737665 -0.00030484237473615193 -0.00099698646687494089 -8.8960052481021636e-07 0.0016592215291859496
leaf_weight=20725 202 213 215 2173 217 406 8239 232 1447 635 2814 2355 117647 3823
leaf_count=20725 202 213 215 2173 217 406 8239 232 1447 635 2814 2355 117647 3823
internal_value=1.00319e-06 -0.00171092 -0.00327533 7.79812e-06 0.000380453 -0.000136511 -0.000236464 -0.00235037 0.00148221 0.000948124 -2.59368e-05 2.39483e-05 4.3375e-05 0.000828168
internal_weight=161343 630 428 160713 13349 9094 8877 638 4255 2808 147364 126639 124284 6637
internal_count=161343 630 428 160713 13349 9094 8877 638 4255 2808 147364 126639 124284 6637
cat_boundaries=0 2 4 6 8 10
cat_threshold=71307296 1024 1342177284 16386 1879362112 50816 1074282496 17537 14714912 70498
is_linear=0
shrinkage=0.05


Tree=70
num_leaves=15
num_cat=4
split_feature=25 33 10 40 22 40 3 37 40 4 15 17 10 40
split_gain=0.801847 0.654216 0.850836 1.16583 0.855508 1.03897 0.72532 0.678961 0.67729 1.01947 0.881679 0.773251 0.674492 0.717101
threshold=0.016296355053782467 0.0074224956333637246 -0.0082819112576544267 0 1.0000000180025095e-35 1 0.10874390602111818 -0.24587450176477429 2 -0.34713268280029291 0.043312784284353263 0.035416070371866233 0.010222531389445068 3
decision_type=2 2 2 9 10 9 2 2 9 2 2 2 2 9
left_child=1 2 3 6 5 -4 -1 -3 9 10 -6 -11 13 -7
right_child=-2 7 4 -5 8 12 -8 -9 -10 11 -12 -13 -14 -15
leaf_value=0.00047297487610037858 -0.00062200083444306211 -0.0021507457350953252 0.00084277753533906503 -0.00014143373678738585 0.0020327785476190819 -0.0040743466668766125 0.0016476345377145806 0.00021662556721734253 -0.00017733403338195838 8.8510450121722113e-05 -0.00065079650898121116 -0.00079862610963714938 0.00059092844828811226 -0.0013822744850479744
leaf_weight=4307 5066 300 493 6028 1160 377 1903 37651 59630 40350 409 2610 240 833
leaf_count=4307 5066 300 493 6028 1160 377 1903 37651 59630 40350 409 2610 240 833
internal_value=-3.19607e-06 1.68491e-05 -4.10481e-05 0.000353547 -8.6623e-05 -0.00112495 0.000833438 0.000197499 -6.71528e-05 8.03069e-05 0.00133021 3.44101e-05 -0.00179149 -0.00228338
internal_weight=161357 156291 118340 12238 106102 1943 6210 37951 104159 44529 1569 42960 1450 1210
internal_count=161357 156291 118340 12238 106102 1943 6210 37951 104159 44529 1569 42960 1450 1210
cat_boundaries=0 2 4 6 8
cat_threshold=2181935819 92622 268834 192 2029191222 35384 11042816 34834
is_linear=0
shrinkage=0.05


Tree=71
num_leaves=15
num_cat=5
split_feature=24 40 40 7 4 35 24 24 40 39 16 40 40 4
split_gain=0.717613 1.20451 0.774217 0.940472 0.861795 1.00425 0.760577 1.01842 0.969791 0.747735 1.24103 1.18999 1.04105 0.953115
threshold=-37.337516784667962 0 1 -0.071184661239385591 0.99015474319458019 0.86656668782234203 -31.935356140136715 -31.295611381530758 2 -0.13211894035339353 1.0938946604728701 3 4 -0.85373699665069569
decision_type=2 9 9 2 2 2 2 2 9 2 2 9 9 2
left_child=1 -1 9 -4 6 -6 -5 8 -8 10 12 -11 -2 -12
right_child=2 -3 3 4 5 -7 7 -9 -10 11 13 -13 -14 -15
leaf_value=-0.0013594937988797033 0.00025716616195447438 -0.00012780605419563521 0.00052877096879495465 -0.00013750610456876318 0.00097386680852194611 -0.002443070891102999 0.0045031218988638693 -8.9266780538331962e-05 0.00098734530553986873 0.00087640969118029342 0.0032718061529997491 0.00017931149326712466 -0.00049990006757903 0.00037231585564935152
leaf_weight=2152 7030 23955 6231 59438 290 784 215 2626 1609 7927 288 26947 12747 9350
leaf_count=2152 7030 23955 6231 59438 290 784 215 2626 1609 7927 288 26947 12747 9350
internal_value=9.63419e-06 -0.000230336 5.59195e-05 -5.76107e-05 -0.000113977 -0.00151556 -9.02207e-05 0.000539687 0.00144569 0.000181695 -3.78433e-06 0.000338314 -0.000230664 0.000461128
internal_weight=161589 26107 135482 71193 64962 1074 63888 4450 1824 64289 29415 34874 19777 9638
internal_count=161589 26107 135482 71193 64962 1074 63888 4450 1824 64289 29415 34874 19777 9638
cat_boundaries=0 2 4 5 7 9
cat_threshold=1140887552 58439 1994430578 27602 16777348 343932960 17168 278921234 10434
is_linear=0
shrinkage=0.05


Tree=72
num_leaves=15
num_cat=3
split_feature=34 39 27 40 34 38 27 40 40 4 15 27 35 11
split_gain=0.63139 1.82588 1.31481 1.14781 1.09059 1.38486 3.60887 1.53572 1.1898 1.11852 1.38501 1.60376 1.41257 1.39182
threshold=0.090829014778137221 -0.38489158451557154 2.5000000000000004 0 0.13109838217496875 1.0000000180025095e-35 9.5000000000000018 1 2 -0.56495821475982655 0.047009659931063659 5.5000000000000009 1.6100507378578188 0.54809832572937023
decision_type=2 2 2 9 2 2 2 9 9 2 2 2 2 2
left_child=1 -1 3 -3 5 8 -7 -8 -2 10 11 -6 13 -12
right_child=4 2 -4 -5 9 6 7 -9 -10 -11 12 -13 -14 -15
leaf_value=-0.0047926274516513542 0.00059521068274324496 0.00031392843715574909 -1.0470218006215691e-06 -0.002061648282026454 0.0024485806820518591 -0.0024925569257957039 0.0034582295695696451 -0.00019594000567058767 6.9400450453688313e-05 -0.00010524770173002316 0.00014658240459091245 -6.2482936203725413e-05 0.0020235002965976793 -0.0034760752607596863
leaf_weight=223 18323 735 9179 1617 1554 1521 439 781 26119 98201 600 1067 400 466
leaf_count=223 18323 735 9179 1617 1554 1521 439 781 26119 98201 600 1067 400 466
internal_value=-7.48632e-06 -0.000360277 -0.000272086 -0.00132548 2.02339e-05 0.000219105 -0.000870202 0.00115026 0.000286491 -7.14578e-05 0.000738349 0.00142626 -0.000488805 -0.00144122
internal_weight=161225 11754 11531 2352 149471 47183 2741 1220 44442 102288 4087 2621 1466 1066
internal_count=161225 11754 11531 2352 149471 47183 2741 1220 44442 102288 4087 2621 1466 1066
cat_boundaries=0 2 4 6
cat_threshold=193102083 99906 1082722308 100632 1549945397 6264
is_linear=0
shrinkage=0.05


Tree=73
num_leaves=15
num_cat=3
split_feature=29 16 4 14 40 40 3 40 7 7 4 39 27 15
split_gain=0.741556 0.65497 1.34747 0.809306 1.07965 0.971899 0.779004 0.938365 0.925481 0.760298 0.719681 1.44865 1.96967 1.86291
threshold=0.81605800986289989 1.040312707424164 -0.76071071624755848 0.016217212192714218 0 1 0.28532123565673834 2 0.11835438385605813 -0.23975685983896253 -0.33304905891418451 -0.25205999612808222 5.5000000000000009 0.03223696909844876
decision_type=2 2 2 2 9 9 2 9 2 2 2 2 2 2
left_child=1 3 -3 5 10 -1 -6 8 -8 -4 -5 -12 13 -13
right_child=-2 2 9 4 6 -7 7 -9 -10 -11 11 12 -14 -15
leaf_value=0.00036208938654829154 -0.00022689959688192293 0.0025426039441304362 -0.0023893368906358296 0.00043572170412574103 -8.7977665499881766e-05 -0.00011930701296200646 0.0027733360549347 -0.0003670656099149545 0.00026451558323079124 0.00017325942814834294 -0.0015575816831698204 -0.00080933639004382115 0.00015496869466802865 -0.0039635819986821178
leaf_weight=19710 32146 595 286 1752 19905 22351 815 953 677 47340 3289 3814 6977 531
leaf_count=19710 32146 595 286 1752 19905 22351 815 953 677 47340 3289 3814 6977 531
internal_value=-1.20319e-05 4.14818e-05 0.00018731 -4.55203e-05 -0.000210519 0.000106233 1.53177e-05 0.000856823 0.00163207 0.000157517 -0.000518895 -0.000634169 -0.000364911 -0.00120008
internal_weight=161141 128995 48221 80774 38713 42061 22350 2445 1492 47626 16363 14611 11322 4345
internal_count=161141 128995 48221 80774 38713 42061 22350 2445 1492 47626 16363 14611 11322 4345
cat_boundaries=0 2 4 6
cat_threshold=2102608320 20537 3712127478 76314 833568 34690
is_linear=0
shrinkage=0.05


Tree=74
num_leaves=15
num_cat=4
split_feature=24 40 40 17 27 40 35 40 31 24 27 4 27 16
split_gain=0.695563 0.999287 0.770464 1.4815 1.24296 1.25975 1.00215 1.20614 0.9422 0.921236 1.44041 0.686928 1.43964 1.49337
threshold=-37.410867691040032 0 1 0.03955522924661637 2.5000000000000004 2 1.1167548298835757 3 0.81605800986289989 -29.13115310668945 5.5000000000000009 -0.068223714828491197 3.5000000000000004 1.0911705493927004
decision_type=2 9 9 2 2 9 2 9 2 2 2 2 2 2
left_child=1 -1 3 11 5 -5 7 -6 -8 -4 -11 12 -2 -14
right_child=2 -3 9 4 6 -7 8 -9 -10 10 -12 -13 13 -15
leaf_value=5.9874828199593984e-05 0.00097918723792907668 -0.00059119818975774177 -6.2162852756377982e-05 0.00018407106992180701 -0.0023949588400895838 -0.0037002278267377338 -0.0010090073124722758 0.00031191324051559424 0.00097624192489368137 0.004741765200070993 0.00020003276081540758 0.00040180404762093732 -0.0010298146947973004 0.00081571289995763642
leaf_weight=12110 2148 11444 90435 332 921 555 869 730 1878 250 563 33565 4133 1484
leaf_count=12110 2148 11444 90435 332 921 555 869 730 1878 250 563 33565 4133 1484
internal_value=-5.42673e-06 -0.000256529 3.74457e-05 0.000202805 -0.000584721 -0.00228728 -0.000238 -0.00121033 0.000345709 -4.69987e-05 0.00162319 0.000303737 -0.000119509 -0.000541049
internal_weight=161417 23554 137863 46615 5285 887 4398 1651 2747 91248 813 41330 7765 5617
internal_count=161417 23554 137863 46615 5285 887 4398 1651 2747 91248 813 41330 7765 5617
cat_boundaries=0 2 4 6 8
cat_threshold=691471038 68104 1524662388 3032 1073774656 2368 1218445360 192
is_linear=0
shrinkage=0.05


Tree=75
num_leaves=15
num_cat=3
split_feature=6 27 40 27 38 10 24 40 33 15 40 34 27 27
split_gain=0.7879 1.33565 1.05544 1.25422 2.93163 1.64592 1.25283 1.06916 0.937058 0.957726 1.86306 1.52725 1.87079 1.56194
threshold=-0.13422969728708264 11.500000000000002 0 8.5000000000000018 1.5000000000000002 -0.010559335816651581 -30.555664062499996 1 -0.038943575695157044 0.043312784284353263 2 0.24742367118597033 2.5000000000000004 8.5000000000000018
decision_type=2 2 9 2 2 2 2 9 2 2 9 2 2 2
left_child=1 2 -1 6 -5 -6 -4 -7 -2 -10 11 -11 -13 -14
right_child=8 -3 3 4 5 7 -8 -9 9 10 -12 12 13 -15
leaf_value=0.0014011973490222695 -0.0018115619833005648 0.0036066706190002839 0.00081692882392909484 0.0019896420760629292 -0.0056776708665108172 -0.0039234055010291431 -0.0030053916917602004 0.0004887298864744271 8.8535244032343051e-06 -0.0043671490162291758 0.00040764084586184749 -0.0043334597087542727 0.00069878704903783215 -0.0036437490318555949
leaf_weight=1760 721 333 2772 443 340 210 227 346 150449 453 1745 342 1010 255
leaf_count=1760 721 333 2772 443 340 210 227 346 150449 453 1745 342 1010 255
internal_value=3.07352e-06 0.000545179 0.000374359 -4.53506e-05 -0.00131605 -0.00295797 0.000521425 -0.00125015 -1.94068e-05 -1.09392e-05 -0.000793838 -0.00180577 -0.00108053 -0.000183548
internal_weight=161406 6431 6098 4338 1339 896 2999 556 154975 154254 3805 2060 1607 1265
internal_count=161406 6431 6098 4338 1339 896 2999 556 154975 154254 3805 2060 1607 1265
cat_boundaries=0 2 4 6
cat_threshold=45560533 73729 1145602048 50176 493420581 10513
is_linear=0
shrinkage=0.05


Tree=76
num_leaves=15
num_cat=5
split_feature=24 40 6 40 35 40 35 40 27 40 15 35 17 35
split_gain=0.697317 1.5599 0.997555 1.68678 0.987411 0.949459 0.925198 0.907411 1.40938 1.31199 0.901319 1.13845 0.838846 1.18639
threshold=-35.12615776062011 0 -0.060081910341978066 1 1.5687346458435061 2 0.84865593910217296 3 4.5000000000000009 4 0.021389341913163665 1.9442687630653384 0.022762588225305084 1.5305606722831728
decision_type=2 9 2 9 2 9 2 9 2 9 2 2 2 2
left_child=2 6 3 -1 7 10 -2 8 9 -5 -4 -12 -8 -14
right_child=1 -3 5 4 -6 -7 12 -9 -10 -11 11 -13 13 -15
leaf_value=0.00099021240733650619 0.0030487633635317706 8.1832735402412535e-05 -0.00018139391501271451 0.0034707339199537019 0.00097205932948120084 -4.1813287066711542e-05 -0.00088305962576111594 1.8794696681910915e-06 -0.0019896646474064114 -0.0010326591046210169 -0.0010773078887879497 0.00097117702669348405 0.00065826528757654342 0.0033833461491423913
leaf_weight=5684 549 47769 13601 253 1784 73462 579 5843 1581 395 6632 749 1952 501
leaf_count=5684 549 47769 13601 253 1784 73462 579 5843 1581 395 6632 749 1952 501
internal_value=5.45447e-06 0.000157605 -6.55409e-05 0.000305526 -9.00433e-05 -0.000126663 0.00116199 -0.000325967 -0.00118041 0.000768402 -0.000423197 -0.000868241 0.000818074 0.00122262
internal_weight=161334 51350 109984 15540 9856 94444 3581 8072 2229 648 20982 7381 3032 2453
internal_count=161334 51350 109984 15540 9856 94444 3581 8072 2229 648 20982 7381 3032 2453
cat_boundaries=0 2 4 6 8 10
cat_threshold=411041864 16386 2211416402 80429 17588288 88097 201326596 17792 67108864 16640
is_linear=0
shrinkage=0.05


Tree=77
num_leaves=15
num_cat=4
split_feature=27 34 34 40 7 40 40 40 10 34 27 39 27 13
split_gain=0.734495 1.57459 1.83417 2.0154 1.83255 1.83268 1.71813 1.58481 1.49315 1.37967 2.68085 3.06598 2.45738 2.08969
threshold=2.5000000000000004 0.099485307931900038 0.27928131818771368 0 0.01242473302409053 1 2 3 -0.0028847339563071723 0.26271055638790136 8.5000000000000018 -0.35222861170768732 7.5000000000000009 0.053995387628674514
decision_type=2 2 2 9 2 9 9 9 2 2 2 2 2 2
left_child=1 7 4 -4 6 -6 -3 -1 -5 -2 11 12 -11 -12
right_child=9 2 3 8 5 -7 -8 -9 -10 10 13 -13 -14 -15
leaf_value=0.00029951889249928761 -1.9756703947133337e-05 0.001217896584951977 -0.0032868713977353518 0.001521302908659966 0.00041716064203701917 -0.00097821896708107721 -6.8843101485317239e-05 -0.0021165092151411865 -0.0014337899663154183 0.0029525746557534376 0.00049079717666238953 0.0004537926774784992 -0.0017271107127163764 -0.0013883924744187996
leaf_weight=1013 117757 4755 870 660 3854 5992 5677 2028 1189 2336 3092 8796 314 2824
leaf_count=1013 117757 4755 870 660 3854 5992 5677 2028 1189 2336 3092 8796 314 2824
internal_value=-5.27067e-06 -0.000248433 -0.000106678 -0.00132495 5.67147e-05 -0.000432156 0.000518589 -0.00131685 -0.000373004 4.15582e-05 0.000457597 0.000904275 0.00239398 -0.000405804
internal_weight=161157 26038 22997 2719 20278 9846 10432 3041 1849 135119 17362 11446 2650 5916
internal_count=161157 26038 22997 2719 20278 9846 10432 3041 1849 135119 17362 11446 2650 5916
cat_boundaries=0 2 4 6 8
cat_threshold=476190757 75792 805716478 6368 501973108 47948 193184003 34370
is_linear=0
shrinkage=0.05


Tree=78
num_leaves=15
num_cat=0
split_feature=29 16 4 14 35 4 12 27 4 27 4 34 15 39
split_gain=0.6962 0.584588 1.25877 0.739227 0.834741 0.698946 0.63162 0.81167 2.03991 1.98349 1.39416 1.30646 1.0509 0.955071
threshold=0.81605800986289989 1.0450687408447268 -0.85373699665069569 0.016217212192714218 0.8627479374408723 -0.034477949142456048 0.15527173876762393 5.5000000000000009 0.62167024612426769 3.5000000000000004 0.11041963100433351 0.18502978235483172 0.026114988140761856 -0.33696272969245905
decision_type=2 2 2 2 2 2 2 2 2 2 2 2 2 2
left_child=1 3 -3 5 -5 -1 7 8 12 -10 -9 -11 -6 -14
right_child=-2 2 -4 4 6 -7 -8 10 9 11 -12 -13 13 -15
leaf_value=-0.00029024695789553337 -0.00021556850876809468 0.0028781790569056432 0.00015965702000219099 0.00020427418597695945 -0.00014252612267971816 0.0002120716063363724 -5.8630911628957666e-05 -0.0009430487889816124 -0.00096683883452174991 -0.0027317887048559919 0.00025438971956929211 -0.0079992241505360065 0 -0.0025156989881384381
leaf_weight=8704 32154 425 46816 9964 4157 33706 12792 4116 597 260 5913 230 576 1070
leaf_count=8704 32154 425 46816 9964 4157 33706 12792 4116 597 260 5913 230 576 1070
internal_value=-7.35002e-06 4.43865e-05 0.000184522 -3.62087e-05 -0.000191375 0.000108839 -0.000324242 -0.000524691 -0.000942573 -0.00292654 -0.000236778 -0.00527019 -0.000567882 -0.00163541
internal_weight=161480 129326 47241 82085 39675 42410 29711 16919 6890 1087 10029 490 5803 1646
internal_count=161480 129326 47241 82085 39675 42410 29711 16919 6890 1087 10029 490 5803 1646
is_linear=0
shrinkage=0.05


Tree=79
num_leaves=15
num_cat=4
split_feature=25 34 40 34 22 35 41 35 15 40 7 40 30 15
split_gain=0.603009 0.726866 1.04618 1.11488 1.30653 1.30336 0.792966 0.753327 1.08957 2.16534 0.875033 0.714554 0.655182 0.649534
threshold=0.011185382027179004 0.23152301460504535 0 0.29890131950378424 1.0000000180025095e-35 1.4254938960075381 1 2.2799628973007207 0.043312784284353263 2 0.055365899577736861 3 0.21352583914995196 0.02285135351121426
decision_type=2 2 9 2 10 2 1 2 2 9 2 9 2 2
left_child=1 7 3 5 -5 -3 -7 8 13 -10 -11 -6 -13 -1
right_child=-2 2 -4 4 11 6 -8 -9 9 10 -12 12 -14 -15
leaf_value=3.8955131965444813e-05 -0.00035563107705441328 0.00078465151141679642 -5.5957707256895173e-05 0.0038395021249594367 -0.0010821530218243466 0.0052666073564769759 0.0016224674272291716 0.0019855100779031529 -0.0058216761234302986 0.0015876766281573557 -0.00226659447051382 0.0015798382782918697 -7.2766023995320949e-05 -0.00023898888068479355
leaf_weight=97727 11287 6233 12176 214 1357 250 448 459 227 317 266 739 3067 26770
leaf_count=97727 11287 6233 12176 214 1357 250 448 459 227 317 266 739 3067 26770
internal_value=-3.22397e-06 2.3227e-05 0.000272462 0.000597217 5.62987e-05 0.00101665 0.00306096 -2.5263e-05 -3.27473e-05 -0.00185504 -0.000163905 -0.000103106 0.000247805 -2.07769e-05
internal_weight=161537 150250 24484 12308 5377 6931 698 125766 125307 810 583 5163 3806 124497
internal_count=161537 150250 24484 12308 5377 6931 698 125766 125307 810 583 5163 3806 124497
cat_boundaries=0 2 3 5 7
cat_threshold=4014239980 2235 521 138444800 2048 201326628 144
is_linear=0
shrinkage=0.05


end of trees

feature_importances:
symbol_cat=241
month=157
mkt_rv21=134
mom_12_1=83
amihud=62
drawdown_252=47
rv_63=46
ret_63d=43
beta_252=39
sma10_sma50=36
c_sma50=24
rel_sector_21=23
rv_ratio=22
regime=21
parkinson_21=18
pct_deliv=15
sector_cat=14
macd_hist_norm=12
sector_ret_21=11
rv_21=9
atr_norm=8
mkt_ret_1d=8
vol_trend=6
deliv_dev=6
c_sma10=5
boll_pctb=5
boll_bw=5
cs_rank_ret21=5
macd_norm=4
rsi_14=3
cs_rank_rv21=3
c_vwap=2
cs_rank_ret1=2
ret_21d=1

parameters:
[boosting: gbdt]
[objective: regression]
[metric: l2]
[tree_learner: serial]
[device_type: cpu]
[data_sample_strategy: bagging]
[data: ]
[valid: ]
[num_iterations: 80]
[learning_rate: 0.05]
[num_leaves: 15]
[num_threads: 4]
[seed: 42]
[deterministic: 1]
[force_col_wise: 0]
[force_row_wise: 1]
[histogram_pool_size: -1]
[max_depth: -1]
[min_data_in_leaf: 200]
[min_sum_hessian_in_leaf: 0.001]
[bagging_fraction: 0.8]
[pos_bagging_fraction: 1]
[neg_bagging_fraction: 1]
[bagging_freq: 1]
[bagging_seed: 400]
[bagging_by_query: 0]
[feature_fraction: 0.7]
[feature_fraction_bynode: 1]
[feature_fraction_seed: 30056]
[extra_trees: 0]
[extra_seed: 12879]
[early_stopping_round: 0]
[early_stopping_min_delta: 0]
[first_metric_only: 0]
[max_delta_step: 0]
[lambda_l1: 0.1]
[lambda_l2: 5]
[linear_lambda: 0]
[min_gain_to_split: 0]
[drop_rate: 0.1]
[max_drop: 50]
[skip_drop: 0.5]
[xgboost_dart_mode: 0]
[uniform_drop: 0]
[drop_seed: 17869]
[top_rate: 0.2]
[other_rate: 0.1]
[min_data_per_group: 100]
[max_cat_threshold: 32]
[cat_l2: 10]
[cat_smooth: 20]
[max_cat_to_onehot: 4]
[top_k: 20]
[monotone_constraints: ]
[monotone_constraints_method: basic]
[monotone_penalty: 0]
[feature_contri: ]
[forcedsplits_filename: ]
[refit_decay_rate: 0.9]
[cegb_tradeoff: 1]
[cegb_penalty_split: 0]
[cegb_penalty_feature_lazy: ]
[cegb_penalty_feature_coupled: ]
[path_smooth: 0]
[interaction_constraints: ]
[verbosity: -1]
[saved_feature_importance_type: 0]
[use_quantized_grad: 0]
[num_grad_quant_bins: 4]
[quant_train_renew_leaf: 0]
[stochastic_rounding: 1]
[linear_tree: 0]
[max_bin: 255]
[max_bin_by_feature: ]
[min_data_in_bin: 3]
[bin_construct_sample_cnt: 200000]
[data_random_seed: 175]
[is_enable_sparse: 1]
[enable_bundle: 1]
[use_missing: 1]
[zero_as_missing: 0]
[feature_pre_filter: 1]
[pre_partition: 0]
[two_round: 0]
[header: 0]
[label_column: ]
[weight_column: ]
[group_column: ]
[ignore_column: ]
[categorical_feature: 40,41]
[forcedbins_filename: ]
[precise_float_parser: 0]
[parser_config_file: ]
[objective_seed: 16083]
[num_class: 1]
[is_unbalance: 0]
[scale_pos_weight: 1]
[sigmoid: 1]
[boost_from_average: 1]
[reg_sqrt: 0]
[alpha: 0.9]
[fair_c: 1]
[poisson_max_delta_step: 0.7]
[tweedie_variance_power: 1.5]
[lambdarank_truncation_level: 30]
[lambdarank_norm: 1]
[label_gain: ]
[lambdarank_position_bias_regularization: 0]
[eval_at: ]
[multi_error_top_k: 1]
[auc_mu_weights: ]
[num_machines: 1]
[local_listen_port: 12400]
[time_out: 120]
[machine_list_filename: ]
[machines: ]
[gpu_platform_id: -1]
[gpu_device_id: -1]
[gpu_use_dp: 0]
[num_gpu: 1]

end of parameters

pandas_categorical:[["ADANIPORTS", "ASIANPAINT", "AXISBANK", "BAJAJ-AUTO", "BAJAJFINSV", "BAJFINANCE", "BHARTIARTL", "BPCL", "BRITANNIA", "CIPLA", "COALINDIA", "DRREDDY", "EICHERMOT", "GAIL", "GRASIM", "HCLTECH", "HDFC", "HDFCBANK", "HEROMOTOCO", "HINDALCO", "HINDUNILVR", "ICICIBANK", "INDUSINDBK", "INFY", "IOC", "ITC", "JSWSTEEL", "KOTAKBANK", "LT", "MARUTI", "MM", "NESTLEIND", "NTPC", "ONGC", "POWERGRID", "RELIANCE", "SBIN", "SHREECEM", "SUNPHARMA", "TATAMOTORS", "TATASTEEL", "TCS", "TECHM", "TITAN", "ULTRACEMCO", "UPL", "VEDL", "WIPRO", "ZEEL"], ["AUTOMOBILE", "CEMENT & CEMENT PRODUCTS", "CONSTRUCTION", "CONSUMER GOODS", "ENERGY", "FERTILISERS & PESTICIDES", "FINANCIAL SERVICES", "IT", "MEDIA & ENTERTAINMENT", "METALS", "PHARMA", "SERVICES", "TELECOM"]]
